grievance,urgency
"हमारे इलाके में, नाली की सफाई की जरूरत है कृपया कार्रवाई करें",MEDIUM
I want to report that public bench is old and residents are facing problems,LOW
"please help, public bench is old and residents are facing problems",LOW
hamare area mein problem hai ki drinking wter contaminated hai please action lein,CRITICAL
"in our locality, main road is badly damaged for many days",HIGH
"mere ghar ke paas, public toilet kai dino se unusable hai please ise resolve karein",HIGH
"हमारे इलाके में, पार्क की लाइट ठीक से काम नहीं कर रही है",MEDIUM
fire emergency in a government building in our area,CRITICAL
main report karna chahta hoon ki area mein drinking water available nahi hai aur residents ko problem ho rahi hai,HIGH
there is a problem where main road is badly damaged for many days,HIGH
toilet ka door toot gaya hai kai dino se,MEDIUM
मैं शिकायत करना चाहता हूं कि नाली आंशिक रूप से बंद है,MEDIUM
water supply regular nahi hai please ise resolve karein,MEDIUM
"hamare locality mein, park gate ki minor repair chahiye please action lein",LOW
मैं शिकायत करना चाहता हूं कि हमारे इलाके में कोई भी स्ट्रीट लाइट काम नहीं कर रही है,HIGH
"please help, drain partially blocked hai aur residents ko problem ho rahi hai",MEDIUM
I want to report that park lights are not working properly please take action,MEDIUM
park ki bench ko paint karna hai aur residents ko problem ho rahi hai,LOW
main road is badly damaged and residents are facing problems,HIGH
नाली आंशिक रूप से बंद है कई दिनों से,MEDIUM
"mere ghar ke paas, scholarship release nahi hui hai aur residents ko problem ho rahi hai",HIGH
I want to report that drain is partially blocked please resolve this,MEDIUM
हमारे इलाके में समस्या है कि सड़क पूरी तरह खराब हो गई है कई दिनों से,HIGH
"कृपया मदद करें, हमारे इलाके में कोई भी स्ट्रीट लाइट काम नहीं कर रही है कृपया कार्रवाई करें",HIGH
I want to report that no drinking water is available in the area please take action,HIGH
"कृपया कार्रवाई करें, सार्वजनिक बेंच पुरानी है",LOW
"मेरे घर के पास, सार्वजनिक टॉयलेट कई दिनों से इस्तेमाल नहीं हो रहा है कृपया इसे जल्द हल करें",HIGH
I want to report that water supply is irregular for many days,MEDIUM
hamare area mein problem hai ki park railing ki repair chahiye aur residents ko problem ho rahi hai,LOW
hamare area mein problem hai ki damaged road ki wajah se major accident hua hai,CRITICAL
"please help, park gate ki minor repair chahiye hamare area mein",LOW
"mere ghar ke paas, public bench purani hai aur residents ko problem ho rahi hai",LOW
मैं शिकायत करना चाहता हूं कि फुटपाथ में छोटी दरार है कृपया इसे जल्द हल करें,LOW
"please help, park gate needs minor repair for many days",LOW
"please help, drain partially blocked hai please ise resolve karein",MEDIUM
"mere ghar ke paas, damaged rod ki wajah se major accident hua hai please ise resolve karein",CRITICAL
हमारे इलाके में समस्या है कि स्कूल के पास खुला मैनहोल है हमारे इलाके में,CRITICAL
dangerous electric pole girne wala hai,CRITICAL
"hamare locality mein, rod completely damaged ho gayi hai hamare area mein",HIGH
"mere ghar ke paas, rod completely damaged ho gayi hai aur residents ko problem ho rahi hai",HIGH
"near my house, dangerous electric pole is about to fall for many days",CRITICAL
"कृपया कार्रवाई करें, सरकारी इमारत में आग लगने की आपात स्थिति है और लोगों को परेशानी हो रही है",CRITICAL
"near my house, live electric wire has fallen onto the stret please resolve this",CRITICAL
हमारे इलाके में समस्या है कि बच्चे खुले मैनहोल के खतरे में हैं,CRITICAL
"mere ghar ke paas, drinking wter contaminated hai aur residents ko problem ho rahi hai",CRITICAL
garbage bin is overflowing occasionally,MEDIUM
there is a problem where toilet is dirty and unusable and residents are facing problems,HIGH
"please take action, one dustbin is damaged and residents are facing problems",LOW
hamare area mein problem hai ki garbage bin kabhi kabhi overflow ho jata hai hamare area mein,MEDIUM
"हमारे इलाके में, टॉयलेट का दरवाजा टूटा हुआ है और लोगों को परेशानी हो रही है",MEDIUM
hamare area mein problem hai ki park ki bench ko paint karna hai aur residents ko problem ho rahi hai,LOW
I want to report that there is no watr supply in our locality please take action,HIGH
I want to report that public toilet needs repair for many days,MEDIUM
"in our locality, major accident caused by damaged road in our area",CRITICAL
"कृपया कार्रवाई करें, लोग दूषित पानी पी रहे हैं कई दिनों से",CRITICAL
हमारे इलाके में समस्या है कि स्कूल के पास खुला मैनहोल है हमारे इलाके में,CRITICAL
main report karna chahta hoon ki drainage ki cleaning chahiye hamare area mein,MEDIUM
there is a problem where people are drinking contaminated water please resolve this,CRITICAL
"please take action, public toilt needs repair in our area",MEDIUM
मैं शिकायत करना चाहता हूं कि सार्वजनिक टॉयलेट कई दिनों से इस्तेमाल नहीं हो रहा है हमारे इलाके में,HIGH
हमारे इलाके में समस्या है कि फुटपाथ में छोटी दरार है हमारे इलाके में,LOW
"कृपया मदद करें, खराब सड़क के कारण बड़ा हादसा हुआ है कृपया इसे जल्द हल करें",CRITICAL
"in our locality, children are exposed to an open manhole",CRITICAL
"near my house, street sign is faded please take action",LOW
main report karna chahta hoon ki drinking water contaminated hai kai dino se,CRITICAL
hamare area mein problem hai ki strete sign faded ho gaya hai aur residents ko problem ho rahi hai,LOW
"please help, name board kharab hai kai dino se",LOW
"कृपया मदद करें, कूड़ेदान कभी-कभी भर जाता है और लोगों को परेशानी हो रही है",MEDIUM
"मेरे घर के पास, नाली आंशिक रूप से बंद है कई दिनों से",MEDIUM
"हमारे इलाके में, पार्क की दीवार पर पेंट करने की जरूरत है और लोगों को परेशानी हो रही है",LOW
"मेरे घर के पास, कई दिनों से कूड़ा नहीं उठाया गया है हमारे इलाके में",HIGH
main report karna chahta hoon ki public building mein fire lagi hai aur residents ko problem ho rahi hai,CRITICAL
मैं शिकायत करना चाहता हूं कि पीने का पानी दूषित है कृपया कार्रवाई करें,CRITICAL
मैं शिकायत करना चाहता हूं कि सार्वजनिक टॉयलेट की मरम्मत करनी है,MEDIUM
"please take action, name board is damaged",LOW
hamare area mein problem hai ki park lights properly kaam nahi kar rahi hain please action lein,MEDIUM
"कृपया कार्रवाई करें, नाम का बोर्ड खराब है कृपया कार्रवाई करें",LOW
hamare area mein problem hai ki road par kai small cracks hain hamare area mein,MEDIUM
मैं शिकायत करना चाहता हूं कि पार्क की रेलिंग की मरम्मत करनी है हमारे इलाके में,LOW
पार्क की बेंच पर पेंट करने की जरूरत है,LOW
"mere ghar ke paas, park ki wall ko paint karna hai please action lein",LOW
"कृपया मदद करें, बच्चे खुले मैनहोल के खतरे में हैं कृपया कार्रवाई करें",CRITICAL
drinking water is contaminated please take action,CRITICAL
"mere ghar ke paas, garbage collection regular nahi hai please action lein",MEDIUM
name board is damaged please take action,LOW
घरों के पास सीवेज का पानी बह रहा है कई दिनों से,HIGH
main report karna chahta hoon ki roaad par exposed electric wire pada hai aur residents ko problem ho rahi hai,CRITICAL
"please action lein, garbage collection regular nahi hai kai dino se",MEDIUM
मैं शिकायत करना चाहता हूं कि बिजली का चालू तार सड़क पर गिर गया है,CRITICAL
"कृपया मदद करें, पार्क की दीवार पर पेंट करने की जरूरत है हमारे इलाके में",LOW
"near my house, gas leak near residential area in our area",CRITICAL
I want to report that many potholes are present on the main road please resolve this,HIGH
"please help, garbage is piling up near residential buildings",HIGH
there is a problem where large potholes are causing problems for vehicles please take action,HIGH
I want to report that footpath has a small crack and residents are facing problems,LOW
park wall needs painting please take action,LOW
"near my house, park lights are not working properly and residents are facing problems",MEDIUM
"कृपया मदद करें, मुख्य सड़क पर बहुत सारे गड्ढे हैं और लोगों को परेशानी हो रही है",HIGH
पार्क की रेलिंग की मरम्मत करनी है और लोगों को परेशानी हो रही है,LOW
damaged road ki wajah se major accident hua hai aur residents ko problem ho rahi hai,CRITICAL
I want to report that park railing needs repair for many days,LOW
"हमारे इलाके में, स्ट्रीट लाइट बार-बार झपक रही है कृपया कार्रवाई करें",MEDIUM
"please action lein, hamare area mein koi street light kaam nahi kar rahi hai aur residents ko problem ho rahi hai",HIGH
I want to report that drainage needs cleaning in our area,MEDIUM
हमारे इलाके में समस्या है कि मुख्य सड़क बहुत खराब हो गई है हमारे इलाके में,HIGH
"please help, park gate needs minor repair please take action",LOW
"हमारे इलाके में, पार्क की दीवार पर पेंट करने की जरूरत है और लोगों को परेशानी हो रही है",LOW
"in our locality, scholarshp has not been released please take action",HIGH
"please help, public washroom is very dirty for many days",HIGH
"mere ghar ke paas, public toilett kai dino se unusable hai kai dino se",HIGH
पार्क की रेलिंग की मरम्मत करनी है कृपया इसे जल्द हल करें,LOW
main report karna chahta hoon ki main road badly damaged hai hamare area mein,HIGH
"कृपया कार्रवाई करें, सरकारी इमारत में आग लगने की आपात स्थिति है हमारे इलाके में",CRITICAL
I want to report that live electric wire has fallen onto the street,CRITICAL
"hamare locality mein, scholarshp release nahi hui hai hamare area mein",HIGH
"near my house, gas leak near residential area please resolve this",CRITICAL
"मेरे घर के पास, कूड़ा उठाने की व्यवस्था नियमित नहीं है",MEDIUM
"please help, log contaminated watr pee rahe hain please action lein",CRITICAL
"hamare locality mein, schoship release nahi hui hai please ise resolve karein",HIGH
हमारे इलाके में समस्या है कि सरकारी इमारत में आग लगने की आपात स्थिति है,CRITICAL
"please help, damaged road ki wajah se major accident hua hai kai dino se",CRITICAL
"कृपया मदद करें, सड़क पूरी तरह खराब हो गई है और लोगों को परेशानी हो रही है",HIGH
"in our locality, road is completely damaged for many days",HIGH
there is a problem where street ligt is flickering and residents are facing problems,MEDIUM
हमारे इलाके में समस्या है कि मुख्य सड़क पर बहुत सारे गड्ढे हैं,HIGH
"please help, road completely damaged ho gayi hai aur residents ko problem ho rahi hai",HIGH
"please action lein, ek dustbin kharab hai",LOW
"कृपया मदद करें, हमारे इलाके में पानी की सप्लाई नहीं है और लोगों को परेशानी हो रही है",HIGH
"कृपया मदद करें, सार्वजनिक इमारत में आग लगी है हमारे इलाके में",CRITICAL
"hamare locality mein, drain partially blocked hai kai dino se",MEDIUM
"मेरे घर के पास, सार्वजनिक इमारत में आग लगी है कई दिनों से",CRITICAL
खतरनाक बिजली का खंभा गिरने वाला है कृपया कार्रवाई करें,CRITICAL
हमारे इलाके में समस्या है कि सार्वजनिक टॉयलेट कई दिनों से इस्तेमाल नहीं हो रहा है कृपया इसे जल्द हल करें,HIGH
there is a problem where public washroom is very dirty please resolve this,HIGH
hamare area mein problem hai ki park ki wall ko paint karna hai aur residents ko problem ho rahi hai,LOW
"मेरे घर के पास, खराब सड़क के कारण बड़ा हादसा हुआ है और लोगों को परेशानी हो रही है",CRITICAL
"please action lein, toilet ka door toot gaya hai please ise resolve karein",MEDIUM
"please action lein, scholarship application ka status update nahi hua please action lein",MEDIUM
"please action lein, park ki wall ko paint karna hai",LOW
"हमारे इलाके में, पार्क की रेलिंग की मरम्मत करनी है",LOW
"please take action, many potholes are present on the main road and residents are facing problems",HIGH
हमारे इलाके में कोई भी स्ट्रीट लाइट काम नहीं कर रही है कई दिनों से,HIGH
garbej bin kabhi kabhi overflow ho jata hai please action lein,MEDIUM
"कृपया कार्रवाई करें, कई दिनों से कूड़ा नहीं उठाया गया है",HIGH
I want to report that park wall needs painting and residents are facing problems,LOW
"please action lein, toilett ka door toot gaya hai kai dino se",MEDIUM
कूड़ा उठाने की व्यवस्था नियमित नहीं है कृपया इसे जल्द हल करें,MEDIUM
"near my house, street sign is faded in our area",LOW
"mere ghar ke paas, stret light flicker kar rahi hai please ise resolve karein",MEDIUM
मैं शिकायत करना चाहता हूं कि कूड़ा उठाने की व्यवस्था नियमित नहीं है,MEDIUM
main rod par sewage water overflow ho raha hai kai dino se,CRITICAL
"please help, park railing needs repair please take action",LOW
there is a problem where sewage is overflowing near houses,HIGH
there is a problem where name board is damaged please resolve this,LOW
"please help, ek dustbin kharab hai aur residents ko problem ho rahi hai",LOW
"please action lein, hamare locality mein water supply nahi hai hamare area mein",HIGH
"मेरे घर के पास, फुटपाथ में छोटी दरार है कृपया इसे जल्द हल करें",LOW
मैं शिकायत करना चाहता हूं कि नाली आंशिक रूप से बंद है हमारे इलाके में,MEDIUM
"hamare locality mein, toilet dirty hai aur use nahi ho sakta please action lein",HIGH
"कृपया कार्रवाई करें, बच्चे खुले मैनहोल के खतरे में हैं कृपया कार्रवाई करें",CRITICAL
"please help, park lights properly kaam nahi kar rahi hain",MEDIUM
toilt ka door toot gaya hai hamare area mein,MEDIUM
"please action lein, park ki bench ko paint karna hai aur residents ko problem ho rahi hai",LOW
"please take action, public bench is old",LOW
garbage has not been collected for many days please take action,HIGH
"in our locality, people are drinking contaminated watr in our area",CRITICAL
"please action lein, name board kharab hai hamare area mein",LOW
"please action lein, public toilett kai dino se unusable hai hamare area mein",HIGH
"mere ghar ke paas, log contaminated water pee rahe hain hamare area mein",CRITICAL
"please help, mere ghar ke paas street light kaam nahi kar rahi hai",MEDIUM
हमारे इलाके में समस्या है कि लोग दूषित पानी पी रहे हैं और लोगों को परेशानी हो रही है,CRITICAL
"please take action, public toilet has been unusable for several days please resolve this",HIGH
I want to report that street light is flickering please resolve this,MEDIUM
"please take action, park gate needs minor repair in our area",LOW
हमारे इलाके में समस्या है कि हमारे इलाके में कोई भी स्ट्रीट लाइट काम नहीं कर रही है,HIGH
"mere ghar ke paas, log contaminated water pee rahe hain hamare area mein",CRITICAL
roaad completely damaged ho gayi hai aur residents ko problem ho rahi hai,HIGH
main report karna chahta hoon ki toilet dirty hai aur use nahi ho sakta hamare area mein,HIGH
"in our locality, people are drinking contaminated water and residents are facing problems",CRITICAL
main report karna chahta hoon ki hamare area mein koi street light kaam nahi kar rahi hai aur residents ko problem ho rahi hai,HIGH
"hamare locality mein, park ki bench ko paint karna hai aur residents ko problem ho rahi hai",LOW
hamare area mein problem hai ki scholarship release nahi hui hai kai dino se,HIGH
I want to report that toilet door is broken and residents are facing problems,MEDIUM
"please help, roaad par exposed electric wire pada hai aur residents ko problem ho rahi hai",CRITICAL
"कृपया मदद करें, सार्वजनिक टॉयलेट कई दिनों से इस्तेमाल नहीं हो रहा है हमारे इलाके में",HIGH
"कृपया मदद करें, इलाके में पीने का पानी उपलब्ध नहीं है कई दिनों से",HIGH
"mere ghar ke paas, park railing ki repair chahiye aur residents ko problem ho rahi hai",LOW
मैं शिकायत करना चाहता हूं कि पार्क की दीवार पर पेंट करने की जरूरत है और लोगों को परेशानी हो रही है,LOW
"near my house, public toilet needs repair please resolve this",MEDIUM
हमारे इलाके में समस्या है कि पार्क की बेंच पर पेंट करने की जरूरत है,LOW
park gate needs minor repair for many days,LOW
"mere ghar ke paas, public toilet ki repair chahiye please action lein",MEDIUM
"near my house, name board is damaged",LOW
drinking water is contaminated and residents are facing problems,CRITICAL
"near my house, main road is badly damaged please take action",HIGH
"please action lein, drinking water contaminated hai",CRITICAL
"please take action, no street light is working in our area in our area",HIGH
there is a problem where major accident caused by damaged road please take action,CRITICAL
"हमारे इलाके में, सार्वजनिक शौचालय बहुत गंदा है कई दिनों से",HIGH
"हमारे इलाके में, पार्क की लाइट ठीक से काम नहीं कर रही है कृपया कार्रवाई करें",MEDIUM
"please action lein, toilet ka door toot gaya hai kai dino se",MEDIUM
there is a problem where toilet is dirty and unusable for many days,HIGH
"कृपया मदद करें, सड़क पर कई छोटी दरारें हैं और लोगों को परेशानी हो रही है",MEDIUM
"कृपया कार्रवाई करें, पार्क की दीवार पर पेंट करने की जरूरत है कृपया कार्रवाई करें",LOW
"near my house, many potholes are present on the main roaad",HIGH
"please take action, park gate needs minor repair and residents are facing problems",LOW
"कृपया कार्रवाई करें, नाम का बोर्ड खराब है",LOW
"mere ghar ke paas, ek dustbin kharab hai kai dino se",LOW
"in our locality, public bench is old please resolve this",LOW
"hamare locality mein, road par exposed electric wire pada hai please action lein",CRITICAL
"mere ghar ke paas, road completely damaged ho gayi hai hamare area mein",HIGH
मैं शिकायत करना चाहता हूं कि रिहायशी इलाके के पास गैस लीक हो रही है कई दिनों से,CRITICAL
"hamare locality mein, footpath mein chhota crack hai hamare area mein",LOW
सड़क पर कई छोटी दरारें हैं,MEDIUM
"hamare locality mein, log contaminated wter pee rahe hain kai dino se",CRITICAL
"कृपया मदद करें, स्ट्रीट लाइट बार-बार झपक रही है",MEDIUM
major accident caused by damaged roaad,CRITICAL
"कृपया मदद करें, स्कॉलरशिप आवेदन की स्थिति अपडेट नहीं हुई है और लोगों को परेशानी हो रही है",MEDIUM
"please action lein, public washroom bahut dirty hai hamare area mein",HIGH
सरकारी इमारत में आग लगने की आपात स्थिति है कई दिनों से,CRITICAL
"please help, log contaminated water pee rahe hain hamare area mein",CRITICAL
"हमारे इलाके में, फुटपाथ में छोटी दरार है",LOW
"please help, public washroom is very dirty and residents are facing problems",HIGH
"please help, main rod par bahut saare potholes hain please ise resolve karein",HIGH
"mere ghar ke paas, log contaminated water pee rahe hain hamare area mein",CRITICAL
हमारे इलाके में समस्या है कि पीने का पानी दूषित है कृपया कार्रवाई करें,CRITICAL
"near my house, scholarship application status is not updated for many days",MEDIUM
"please help, street sign faded ho gaya hai please ise resolve karein",LOW
hamare area mein problem hai ki scholarshp release nahi hui hai kai dino se,HIGH
हमारे इलाके में समस्या है कि रिहायशी इलाके के पास गैस लीक हो रही है कृपया इसे जल्द हल करें,CRITICAL
garbage collection regular nahi hai,MEDIUM
"कृपया मदद करें, पार्क की बेंच पर पेंट करने की जरूरत है कई दिनों से",LOW
"please action lein, park railing ki repair chahiye kai dino se",LOW
hamare area mein problem hai ki drinking watr contaminated hai kai dino se,CRITICAL
"please action lein, garbej collection regular nahi hai please ise resolve karein",MEDIUM
हमारे इलाके में समस्या है कि पार्क की रेलिंग की मरम्मत करनी है और लोगों को परेशानी हो रही है,LOW
सड़क का साइन बोर्ड धुंधला है,LOW
मैं शिकायत करना चाहता हूं कि बड़े गड्ढों के कारण वाहनों को परेशानी हो रही है कई दिनों से,HIGH
"please take action, street light near my house is not working in our area",MEDIUM
"please take action, drainage needs cleaning",MEDIUM
"please action lein, scholarship application ka status update nahi hua aur residents ko problem ho rahi hai",MEDIUM
main report karna chahta hoon ki road completely damaged ho gayi hai aur residents ko problem ho rahi hai,HIGH
"मेरे घर के पास, खतरनाक बिजली का खंभा गिरने वाला है कई दिनों से",CRITICAL
main report karna chahta hoon ki water supply regular nahi hai aur residents ko problem ho rahi hai,MEDIUM
"please help, shcool ke paas open manhole hai kai dino se",CRITICAL
park lights are not working properly for many days,MEDIUM
"in our locality, street light near my house is not working for many days",MEDIUM
hamare area mein problem hai ki drinking water contaminated hai please action lein,CRITICAL
"कृपया मदद करें, नाली की सफाई की जरूरत है और लोगों को परेशानी हो रही है",MEDIUM
"hamare locality mein, road par exposed electric wire pada hai aur residents ko problem ho rahi hai",CRITICAL
I want to report that water supply is irregular in our area,MEDIUM
बच्चे खुले मैनहोल के खतरे में हैं कई दिनों से,CRITICAL
"please action lein, dangerous electric pole girne wala hai aur residents ko problem ho rahi hai",CRITICAL
"mere ghar ke paas, road par kai small cracks hain please ise resolve karein",MEDIUM
main report karna chahta hoon ki hamare area mein koi strete light kaam nahi kar rahi hai kai dino se,HIGH
हमारे इलाके में समस्या है कि बच्चे खुले मैनहोल के खतरे में हैं कृपया इसे जल्द हल करें,CRITICAL
"mere ghar ke paas, log contaminated watr pee rahe hain please action lein",CRITICAL
"कृपया मदद करें, नाली की सफाई की जरूरत है",MEDIUM
"हमारे इलाके में, नाली की सफाई की जरूरत है और लोगों को परेशानी हो रही है",MEDIUM
सार्वजनिक इमारत में आग लगी है,CRITICAL
"please help, residential area ke paas gas leak ho rahi hai",CRITICAL
main report karna chahta hoon ki public washroom bahut dirty hai kai dino se,HIGH
हमारे इलाके में समस्या है कि कूड़ेदान कभी-कभी भर जाता है कृपया कार्रवाई करें,MEDIUM
live electric wire has fallen onto the street,CRITICAL
"hamare locality mein, residential area ke paas gas leak ho rahi hai hamare area mein",CRITICAL
"in our locality, toilet door is broken in our area",MEDIUM
main report karna chahta hoon ki street light flicker kar rahi hai kai dino se,MEDIUM
"please take action, scholarship has not been released",HIGH
"मेरे घर के पास, पार्क की बेंच पर पेंट करने की जरूरत है और लोगों को परेशानी हो रही है",LOW
"mere ghar ke paas, mere ghar ke paas street light kaam nahi kar rahi hai aur residents ko problem ho rahi hai",MEDIUM
"near my house, park lights are not working properly",MEDIUM
there is a problem where fire emergency in a government building please resolve this,CRITICAL
"हमारे इलाके में, नाली की सफाई की जरूरत है कई दिनों से",MEDIUM
stret sign faded ho gaya hai aur residents ko problem ho rahi hai,LOW
"please help, garbage has not been collected for many days please take action",HIGH
"please help, park gate needs minor repair please resolve this",LOW
"कृपया मदद करें, मुख्य सड़क पर सीवेज का पानी बह रहा है और लोगों को परेशानी हो रही है",CRITICAL
"please action lein, main rod badly damaged hai",HIGH
drainage needs cleaning,MEDIUM
"हमारे इलाके में, हमारे इलाके में पानी की सप्लाई नहीं है कई दिनों से",HIGH
I want to report that street light is flickering please resolve this,MEDIUM
"please help, scholarship application ka status update nahi hua hamare area mein",MEDIUM
"in our locality, park lights are not working properly please take action",MEDIUM
नाम का बोर्ड खराब है,LOW
"please take action, footpath has a small crack and residents are facing problems",LOW
hamare area mein problem hai ki street sign faded ho gaya hai please action lein,LOW
hamare area mein problem hai ki name board kharab hai please action lein,LOW
I want to report that sewage water is overflowing on the main road,CRITICAL
sewage water is overflowing on the main road for many days,CRITICAL
"मेरे घर के पास, मुख्य सड़क पर बहुत सारे गड्ढे हैं कृपया इसे जल्द हल करें",HIGH
"please help, rod has several small cracks please take action",MEDIUM
मैं शिकायत करना चाहता हूं कि रिहायशी इमारतों के पास कूड़ा जमा हो रहा है कई दिनों से,HIGH
"please help, name board kharab hai please ise resolve karein",LOW
"हमारे इलाके में, कूड़ा उठाने की व्यवस्था नियमित नहीं है कई दिनों से",MEDIUM
हमारे इलाके में समस्या है कि सरकारी इमारत में आग लगने की आपात स्थिति है,CRITICAL
"near my house, toilet is dirty and unusable",HIGH
मैं शिकायत करना चाहता हूं कि पार्क की बेंच पर पेंट करने की जरूरत है कई दिनों से,LOW
मुख्य सड़क पर सीवेज का पानी बह रहा है कृपया इसे जल्द हल करें,CRITICAL
"please take action, water supply is irregular please resolve this",MEDIUM
there is a problem where park gate needs minor repair in our area,LOW
main report karna chahta hoon ki hamare area mein koi street ligt kaam nahi kar rahi hai hamare area mein,HIGH
"please help, toilt is dirty and unusable in our area",HIGH
"hamare locality mein, drainage ki cleaning chahiye kai dino se",MEDIUM
"कृपया मदद करें, सार्वजनिक टॉयलेट की मरम्मत करनी है",MEDIUM
"please help, garbej is piling up near residential buildings",HIGH
I want to report that no street light is working in our area for many days,HIGH
"कृपया मदद करें, सार्वजनिक टॉयलेट कई दिनों से इस्तेमाल नहीं हो रहा है कई दिनों से",HIGH
"हमारे इलाके में, बच्चे खुले मैनहोल के खतरे में हैं कृपया इसे जल्द हल करें",CRITICAL
"please take action, gas leak near residential area please take action",CRITICAL
"मेरे घर के पास, पार्क की रेलिंग की मरम्मत करनी है",LOW
"please take action, public toilt needs repair for many days",MEDIUM
हमारे इलाके में समस्या है कि पार्क के गेट की छोटी मरम्मत करनी है हमारे इलाके में,LOW
people are drinking contaminated watr and residents are facing problems,CRITICAL
I want to report that public toilet has been unusable for several days for many days,HIGH
मैं शिकायत करना चाहता हूं कि मुख्य सड़क बहुत खराब हो गई है हमारे इलाके में,HIGH
"mere ghar ke paas, park ki wall ko paint karna hai please ise resolve karein",LOW
"please take action, dangerous electric pole is about to fall please take action",CRITICAL
"please action lein, area mein drinking water available nahi hai",HIGH
"in our locality, public toilt needs repair please resolve this",MEDIUM
"mere ghar ke paas, toilet dirty hai aur use nahi ho sakta",HIGH
"कृपया कार्रवाई करें, सरकारी इमारत में आग लगने की आपात स्थिति है कई दिनों से",CRITICAL
"कृपया कार्रवाई करें, खतरनाक बिजली का खंभा गिरने वाला है",CRITICAL
"कृपया कार्रवाई करें, सार्वजनिक इमारत में आग लगी है और लोगों को परेशानी हो रही है",CRITICAL
"in our locality, sewage water is overflowing on the main roaad and residents are facing problems",CRITICAL
"near my house, fire emergency in a government building for many days",CRITICAL
I want to report that scholarship application status is not updated in our area,MEDIUM
main report karna chahta hoon ki name board kharab hai kai dino se,LOW
park bench needs painting and residents are facing problems,LOW
"near my house, park railing needs repair for many days",LOW
main report karna chahta hoon ki toilet ka door toot gaya hai hamare area mein,MEDIUM
there is a problem where fire in a public building,CRITICAL
fire emergency in a government building,CRITICAL
"mere ghar ke paas, drinking wter contaminated hai kai dino se",CRITICAL
hamare area mein problem hai ki park ki bench ko paint karna hai aur residents ko problem ho rahi hai,LOW
"please action lein, toilet ka door toot gaya hai please action lein",MEDIUM
main report karna chahta hoon ki name board kharab hai kai dino se,LOW
मैं शिकायत करना चाहता हूं कि सार्वजनिक इमारत में आग लगी है हमारे इलाके में,CRITICAL
"near my house, park bench needs painting please take action",LOW
मैं शिकायत करना चाहता हूं कि मेरे घर के पास स्ट्रीट लाइट काम नहीं कर रही है,MEDIUM
hamare area mein problem hai ki park railing ki repair chahiye please action lein,LOW
मैं शिकायत करना चाहता हूं कि टॉयलेट गंदा है और इस्तेमाल करने लायक नहीं है कृपया इसे जल्द हल करें,HIGH
"please take action, children are exposed to an open manhole please resolve this",CRITICAL
"hamare locality mein, garbge collection regular nahi hai kai dino se",MEDIUM
"please action lein, park lights properly kaam nahi kar rahi hain",MEDIUM
"hamare locality mein, garbge bin kabhi kabhi overflow ho jata hai hamare area mein",MEDIUM
नाम का बोर्ड खराब है,LOW
"मेरे घर के पास, पार्क के गेट की छोटी मरम्मत करनी है कई दिनों से",LOW
"hamare locality mein, park ki bench ko paint karna hai",LOW
हमारे इलाके में समस्या है कि स्कॉलरशिप आवेदन की स्थिति अपडेट नहीं हुई है और लोगों को परेशानी हो रही है,MEDIUM
there is a problem where public toilet has been unusable for several days for many days,HIGH
I want to report that garbge collection is irregular please take action,MEDIUM
हमारे इलाके में समस्या है कि सार्वजनिक बेंच पुरानी है कृपया इसे जल्द हल करें,LOW
hamare area mein problem hai ki scholarship application ka status update nahi hua aur residents ko problem ho rahi hai,MEDIUM
पानी की सप्लाई नियमित नहीं है कृपया कार्रवाई करें,MEDIUM
main report karna chahta hoon ki road par exposed electric wire pada hai aur residents ko problem ho rahi hai,CRITICAL
खतरनाक बिजली का खंभा गिरने वाला है और लोगों को परेशानी हो रही है,CRITICAL
I want to report that public toilet has been unusable for several days please take action,HIGH
"please help, children open manhole ke danger mein hain",CRITICAL
"hamare locality mein, garbage bin kabhi kabhi overflow ho jata hai aur residents ko problem ho rahi hai",MEDIUM
"कृपया मदद करें, स्कॉलरशिप जारी नहीं हुई है कृपया इसे जल्द हल करें",HIGH
"please take action, stret light is flickering for many days",MEDIUM
"please help, park ki wall ko paint karna hai aur residents ko problem ho rahi hai",LOW
"near my house, many potholes are present on the main road for many days",HIGH
park lights are not working properly please resolve this,MEDIUM
one dustbin is damaged for many days,LOW
मैं शिकायत करना चाहता हूं कि मेरे घर के पास स्ट्रीट लाइट काम नहीं कर रही है हमारे इलाके में,MEDIUM
"in our locality, scholarship application status is not updated please resolve this",MEDIUM
main report karna chahta hoon ki name board kharab hai hamare area mein,LOW
"कृपया कार्रवाई करें, मुख्य सड़क पर बहुत सारे गड्ढे हैं कृपया कार्रवाई करें",HIGH
"कृपया मदद करें, रिहायशी इलाके के पास गैस लीक हो रही है कई दिनों से",CRITICAL
hamare area mein problem hai ki kai dino se garbage collect nahi hua hai,HIGH
"मेरे घर के पास, टॉयलेट का दरवाजा टूटा हुआ है हमारे इलाके में",MEDIUM
"कृपया मदद करें, सड़क पर कई छोटी दरारें हैं और लोगों को परेशानी हो रही है",MEDIUM
there is a problem where no strete light is working in our area,HIGH
"in our locality, major accident caused by damaged road",CRITICAL
"हमारे इलाके में, सार्वजनिक शौचालय बहुत गंदा है कई दिनों से",HIGH
"in our locality, dangerous electric pole is about to fall for many days",CRITICAL
"mere ghar ke paas, main road par sewage wter overflow ho raha hai",CRITICAL
children are exposed to an open manhole and residents are facing problems,CRITICAL
main report karna chahta hoon ki public bench purani hai hamare area mein,LOW
"in our locality, people are drinking contaminated water please resolve this",CRITICAL
"कृपया मदद करें, स्कॉलरशिप जारी नहीं हुई है",HIGH
"please help, sewage water is overflowing on the main roaad please resolve this",CRITICAL
"please action lein, shcool ke paas open manhole hai kai dino se",CRITICAL
"please help, public bench is old please resolve this",LOW
there is a problem where drainage needs cleaning,MEDIUM
मैं शिकायत करना चाहता हूं कि मेरे घर के पास स्ट्रीट लाइट काम नहीं कर रही है कृपया कार्रवाई करें,MEDIUM
"मेरे घर के पास, रिहायशी इलाके के पास गैस लीक हो रही है कृपया इसे जल्द हल करें",CRITICAL
there is a problem where drinking water is contaminated please resolve this,CRITICAL
मैं शिकायत करना चाहता हूं कि मुख्य सड़क पर सीवेज का पानी बह रहा है हमारे इलाके में,CRITICAL
"mere ghar ke paas, damaged rod ki wajah se major accident hua hai hamare area mein",CRITICAL
"mere ghar ke paas, main road par sewage water overflow ho raha hai kai dino se",CRITICAL
main road is badly damaged please resolve this,HIGH
"near my house, street light is flickering and residents are facing problems",MEDIUM
park railing ki repair chahiye kai dino se,LOW
"please help, stret sign faded ho gaya hai hamare area mein",LOW
"कृपया मदद करें, रिहायशी इमारतों के पास कूड़ा जमा हो रहा है हमारे इलाके में",HIGH
"please help, one dustbin is damaged and residents are facing problems",LOW
हमारे इलाके में समस्या है कि सार्वजनिक बेंच पुरानी है कृपया कार्रवाई करें,LOW
"कृपया मदद करें, एक कूड़ेदान खराब है",LOW
"please action lein, garbej bin kabhi kabhi overflow ho jata hai",MEDIUM
"कृपया मदद करें, सार्वजनिक बेंच पुरानी है कई दिनों से",LOW
"mere ghar ke paas, footpath mein chhota crack hai",LOW
I want to report that open manhole near a school for many days,CRITICAL
"hamare locality mein, drinking water contaminated hai",CRITICAL
"please action lein, park railing ki repair chahiye aur residents ko problem ho rahi hai",LOW
main report karna chahta hoon ki park lights properly kaam nahi kar rahi hain hamare area mein,MEDIUM
सार्वजनिक टॉयलेट कई दिनों से इस्तेमाल नहीं हो रहा है और लोगों को परेशानी हो रही है,HIGH
"कृपया मदद करें, मेरे घर के पास स्ट्रीट लाइट काम नहीं कर रही है कृपया कार्रवाई करें",MEDIUM
hamare area mein problem hai ki stret sign faded ho gaya hai kai dino se,LOW
"please action lein, public washrm bahut dirty hai kai dino se",HIGH
हमारे इलाके में समस्या है कि सार्वजनिक बेंच पुरानी है हमारे इलाके में,LOW
"hamare locality mein, public tolet ki repair chahiye",MEDIUM
residential area ke paas gas leak ho rahi hai please ise resolve karein,CRITICAL
"please help, garbage collection regular nahi hai please ise resolve karein",MEDIUM
I want to report that open manhole near a school please take action,CRITICAL
"please take action, public bench is old in our area",LOW
hamare area mein problem hai ki toilet dirty hai aur use nahi ho sakta,HIGH
"हमारे इलाके में, हमारे इलाके में कोई भी स्ट्रीट लाइट काम नहीं कर रही है कृपया कार्रवाई करें",HIGH
हमारे इलाके में समस्या है कि सार्वजनिक इमारत में आग लगी है कृपया इसे जल्द हल करें,CRITICAL
there is a problem where exposed electric wire on the rod,CRITICAL
"हमारे इलाके में, मुख्य सड़क पर बहुत सारे गड्ढे हैं कई दिनों से",HIGH
"in our locality, garbage collection is irregular for many days",MEDIUM
"मेरे घर के पास, हमारे इलाके में कोई भी स्ट्रीट लाइट काम नहीं कर रही है और लोगों को परेशानी हो रही है",HIGH
"please take action, park bench needs painting please take action",LOW
"please help, park railing needs repair in our area",LOW
"mere ghar ke paas, main road par sewage water overflow ho raha hai kai dino se",CRITICAL
garbage collection is irregular for many days,MEDIUM
I want to report that no street light is working in our area,HIGH
main report karna chahta hoon ki road par kai small cracks hain aur residents ko problem ho rahi hai,MEDIUM
street light near my house is not working for many days,MEDIUM
school ke paas open manhole hai please action lein,CRITICAL
घरों के पास सीवेज का पानी बह रहा है कृपया इसे जल्द हल करें,HIGH
"in our locality, garbage bin is overflowing occasionally please resolve this",MEDIUM
there is a problem where footpath has a small crack please resolve this,LOW
"please action lein, main road par bahut saare potholes hain kai dino se",HIGH
main report karna chahta hoon ki street sign faded ho gaya hai please action lein,LOW
"हमारे इलाके में, रिहायशी इमारतों के पास कूड़ा जमा हो रहा है और लोगों को परेशानी हो रही है",HIGH
सार्वजनिक बेंच पुरानी है और लोगों को परेशानी हो रही है,LOW
there is a problem where one dustbin is damaged in our area,LOW
main report karna chahta hoon ki residential buildings ke paas garbage pile ho raha hai please ise resolve karein,HIGH
hamare area mein problem hai ki road completely damaged ho gayi hai please action lein,HIGH
"मेरे घर के पास, एक कूड़ेदान खराब है कृपया कार्रवाई करें",LOW
"please help, footpath mein chhota crack hai",LOW
"in our locality, drinking wter is contaminated",CRITICAL
"कृपया कार्रवाई करें, सार्वजनिक बेंच पुरानी है कई दिनों से",LOW
park ki wall ko paint karna hai hamare area mein,LOW
I want to report that drain is partially blocked please take action,MEDIUM
"please help, children are exposed to an open manhole for many days",CRITICAL
"please take action, main road is badly damaged",HIGH
main report karna chahta hoon ki public bench purani hai,LOW
I want to report that public bench is old in our area,LOW
"mere ghar ke paas, public bench purani hai kai dino se",LOW
main report karna chahta hoon ki scholrship application ka status update nahi hua aur residents ko problem ho rahi hai,MEDIUM
"near my house, scholarship application status is not updated please take action",MEDIUM
"please help, drain is partially blocked please resolve this",MEDIUM
"please action lein, footpath mein chhota crack hai hamare area mein",LOW
"हमारे इलाके में, मुख्य सड़क बहुत खराब हो गई है कृपया कार्रवाई करें",HIGH
"mere ghar ke paas, dangerous electric pole girne wala hai hamare area mein",CRITICAL
"please take action, exposed electric wire on the rod",CRITICAL
"हमारे इलाके में, सड़क का साइन बोर्ड धुंधला है",LOW
"in our locality, toilet is dirty and unusable for many days",HIGH
strete light is flickering and residents are facing problems,MEDIUM
"mere ghar ke paas, name board kharab hai hamare area mein",LOW
"in our locality, people are drinking contaminated water please take action",CRITICAL
road is completely damaged,HIGH
I want to report that sewage water is overflowing on the main road for many days,CRITICAL
"hamare locality mein, public toilet ki repair chahiye aur residents ko problem ho rahi hai",MEDIUM
"please help, road is completely damaged please take action",HIGH
"in our locality, one dustbin is damaged in our area",LOW
हमारे इलाके में समस्या है कि स्कॉलरशिप आवेदन की स्थिति अपडेट नहीं हुई है हमारे इलाके में,MEDIUM
"please action lein, scholarship application ka status update nahi hua aur residents ko problem ho rahi hai",MEDIUM
"in our locality, live electric wire has fallen onto the street please resolve this",CRITICAL
"in our locality, public bench is old for many days",LOW
"please help, scholarship application ka status update nahi hua kai dino se",MEDIUM
"please help, main roaad badly damaged hai aur residents ko problem ho rahi hai",HIGH
sewage water is overflowing on the main road in our area,CRITICAL
garbge bin kabhi kabhi overflow ho jata hai hamare area mein,MEDIUM
"please action lein, main rod par sewage water overflow ho raha hai hamare area mein",CRITICAL
मैं शिकायत करना चाहता हूं कि पार्क की बेंच पर पेंट करने की जरूरत है,LOW
मैं शिकायत करना चाहता हूं कि सार्वजनिक बेंच पुरानी है,LOW
main report karna chahta hoon ki area mein drinking water available nahi hai please ise resolve karein,HIGH
हमारे इलाके में समस्या है कि स्ट्रीट लाइट बार-बार झपक रही है कई दिनों से,MEDIUM
"please action lein, street light flicker kar rahi hai please ise resolve karein",MEDIUM
"please take action, exposed electric wire on the rod in our area",CRITICAL
"hamare locality mein, drainage ki cleaning chahiye hamare area mein",MEDIUM
park ki wall ko paint karna hai please ise resolve karein,LOW
"mere ghar ke paas, public washroom bahut dirty hai please action lein",HIGH
I want to report that public washroom is very dirty and residents are facing problems,HIGH
"please take action, wter supply is irregular and residents are facing problems",MEDIUM
"in our locality, gas leak near residential area in our area",CRITICAL
"कृपया कार्रवाई करें, सड़क पर कई छोटी दरारें हैं कृपया इसे जल्द हल करें",MEDIUM
open manhole near a schol,CRITICAL
हमारे इलाके में समस्या है कि स्कॉलरशिप जारी नहीं हुई है कृपया कार्रवाई करें,HIGH
"कृपया मदद करें, हमारे इलाके में पानी की सप्लाई नहीं है कृपया कार्रवाई करें",HIGH
"near my house, garbej bin is overflowing occasionally in our area",MEDIUM
"mere ghar ke paas, drain partially blocked hai please action lein",MEDIUM
"please action lein, park ki wall ko paint karna hai",LOW
"कृपया मदद करें, टॉयलेट गंदा है और इस्तेमाल करने लायक नहीं है कृपया इसे जल्द हल करें",HIGH
"हमारे इलाके में, कूड़ेदान कभी-कभी भर जाता है कई दिनों से",MEDIUM
"in our locality, live electric wire has fallen onto the strete",CRITICAL
"please take action, toilet is dirty and unusable please take action",HIGH
"please help, water supply is irregular",MEDIUM
there is a problem where public bench is old please take action,LOW
main report karna chahta hoon ki roaad completely damaged ho gayi hai kai dino se,HIGH
hamare area mein problem hai ki scholarshp release nahi hui hai hamare area mein,HIGH
"hamare locality mein, water supply regular nahi hai aur residents ko problem ho rahi hai",MEDIUM
public washroom is very dirty please take action,HIGH
"हमारे इलाके में, बिजली का चालू तार सड़क पर गिर गया है और लोगों को परेशानी हो रही है",CRITICAL
"please help, toilet is dirty and unusable please resolve this",HIGH
"please action lein, school ke paas open manhole hai kai dino se",CRITICAL
"near my house, garbage bin is overflowing occasionally please resolve this",MEDIUM
"हमारे इलाके में, स्ट्रीट लाइट बार-बार झपक रही है कृपया इसे जल्द हल करें",MEDIUM
I want to report that name board is damaged and residents are facing problems,LOW
public toilet kai dino se unusable hai,HIGH
"mere ghar ke paas, houses ke paas sewage overflow ho raha hai",HIGH
main report karna chahta hoon ki ek dustbin kharab hai please ise resolve karein,LOW
"please take action, roaad has several small cracks",MEDIUM
हमारे इलाके में समस्या है कि बड़े गड्ढों के कारण वाहनों को परेशानी हो रही है कृपया इसे जल्द हल करें,HIGH
I want to report that large potholes are causing problems for vehicles,HIGH
I want to report that park gate needs minor repair in our area,LOW
"हमारे इलाके में, एक कूड़ेदान खराब है कृपया कार्रवाई करें",LOW
"please action lein, drainage ki cleaning chahiye kai dino se",MEDIUM
"near my house, one dustbin is damaged and residents are facing problems",LOW
hamare area mein problem hai ki scholarship release nahi hui hai please action lein,HIGH
"near my house, drain is partially blocked in our area",MEDIUM
"hamare locality mein, hamare locality mein water supply nahi hai",HIGH
"please help, public toilet has been unusable for several days please resolve this",HIGH
hamare area mein problem hai ki public toilett ki repair chahiye hamare area mein,MEDIUM
"hamare locality mein, park gate ki minor repair chahiye",LOW
"near my house, schoship application status is not updated in our area",MEDIUM
"please help, open manhole near a school",CRITICAL
"in our locality, drainage needs cleaning please take action",MEDIUM
"हमारे इलाके में, पीने का पानी दूषित है कृपया इसे जल्द हल करें",CRITICAL
main report karna chahta hoon ki residential buildings ke paas garbage pile ho raha hai kai dino se,HIGH
"please take action, fire in a public building please take action",CRITICAL
कई दिनों से कूड़ा नहीं उठाया गया है कृपया कार्रवाई करें,HIGH
"near my house, major accident caused by damaged road and residents are facing problems",CRITICAL
I want to report that there is no water supply in our locality please resolve this,HIGH
"कृपया कार्रवाई करें, सड़क का साइन बोर्ड धुंधला है कृपया कार्रवाई करें",LOW
"कृपया मदद करें, रिहायशी इमारतों के पास कूड़ा जमा हो रहा है कृपया इसे जल्द हल करें",HIGH
"कृपया मदद करें, खराब सड़क के कारण बड़ा हादसा हुआ है हमारे इलाके में",CRITICAL
I want to report that public toilet needs repair for many days,MEDIUM
houses ke paas sewage overflow ho raha hai hamare area mein,HIGH
"कृपया मदद करें, कई दिनों से कूड़ा नहीं उठाया गया है",HIGH
"in our locality, public toilet needs repair please take action",MEDIUM
"mere ghar ke paas, street sign faded ho gaya hai please ise resolve karein",LOW
"please help, name board kharab hai kai dino se",LOW
"कृपया कार्रवाई करें, बिजली का चालू तार सड़क पर गिर गया है और लोगों को परेशानी हो रही है",CRITICAL
"near my house, sewage is overflowing near houses please take action",HIGH
"please help, road par exposed electric wire pada hai",CRITICAL
there is a problem where footpath has a small crack for many days,LOW
हमारे इलाके में समस्या है कि कई दिनों से कूड़ा नहीं उठाया गया है,HIGH
हमारे इलाके में समस्या है कि सड़क पर बिजली का खुला तार पड़ा है कृपया कार्रवाई करें,CRITICAL
main report karna chahta hoon ki drainage ki cleaning chahiye please ise resolve karein,MEDIUM
नाम का बोर्ड खराब है,LOW
"please action lein, drain partially blocked hai please ise resolve karein",MEDIUM
पानी की सप्लाई नियमित नहीं है कृपया इसे जल्द हल करें,MEDIUM
street ligth flicker kar rahi hai please ise resolve karein,MEDIUM
"mere ghar ke paas, road par kai small cracks hain kai dino se",MEDIUM
"near my house, children are exposed to an open manhole for many days",CRITICAL
"mere ghar ke paas, kai dino se garbej collect nahi hua hai aur residents ko problem ho rahi hai",HIGH
"near my house, there is no water supply in our locality please resolve this",HIGH
"हमारे इलाके में, सड़क पर बिजली का खुला तार पड़ा है कृपया कार्रवाई करें",CRITICAL
I want to report that garbage collection is irregular,MEDIUM
"please take action, garbage is piling up near residential buildings",HIGH
many potholes are present on the main road please resolve this,HIGH
"please help, road par kai small cracks hain kai dino se",MEDIUM
"please help, public bench is old please resolve this",LOW
drainage needs cleaning please resolve this,MEDIUM
हमारे इलाके में समस्या है कि नाली की सफाई की जरूरत है और लोगों को परेशानी हो रही है,MEDIUM
"near my house, drainage needs cleaning please resolve this",MEDIUM
"hamare locality mein, damaged roaad ki wajah se major accident hua hai aur residents ko problem ho rahi hai",CRITICAL
सार्वजनिक टॉयलेट कई दिनों से इस्तेमाल नहीं हो रहा है,HIGH
बच्चे खुले मैनहोल के खतरे में हैं हमारे इलाके में,CRITICAL
"कृपया मदद करें, पार्क के गेट की छोटी मरम्मत करनी है कृपया कार्रवाई करें",LOW
हमारे इलाके में समस्या है कि पार्क की लाइट ठीक से काम नहीं कर रही है कृपया कार्रवाई करें,MEDIUM
"please help, name board kharab hai aur residents ko problem ho rahi hai",LOW
"मेरे घर के पास, नाली की सफाई की जरूरत है कृपया कार्रवाई करें",MEDIUM
"please help, damaged road ki wajah se major accident hua hai aur residents ko problem ho rahi hai",CRITICAL
"mere ghar ke paas, street sign faded ho gaya hai",LOW
"please action lein, park lights properly kaam nahi kar rahi hain aur residents ko problem ho rahi hai",MEDIUM
"please help, garbage bin kabhi kabhi overflow ho jata hai kai dino se",MEDIUM
हमारे इलाके में समस्या है कि सड़क का साइन बोर्ड धुंधला है कई दिनों से,LOW
हमारे इलाके में समस्या है कि पार्क की बेंच पर पेंट करने की जरूरत है कृपया कार्रवाई करें,LOW
public toilet has been unusable for several days and residents are facing problems,HIGH
dangerous electric pole girne wala hai hamare area mein,CRITICAL
"please action lein, mere ghar ke paas street light kaam nahi kar rahi hai aur residents ko problem ho rahi hai",MEDIUM
"please take action, dangerous electric pole is about to fall and residents are facing problems",CRITICAL
"in our locality, park wall needs painting please resolve this",LOW
"hamare locality mein, public toilt ki repair chahiye kai dino se",MEDIUM
main report karna chahta hoon ki street ligth flicker kar rahi hai aur residents ko problem ho rahi hai,MEDIUM
मुख्य सड़क बहुत खराब हो गई है कई दिनों से,HIGH
कई दिनों से कूड़ा नहीं उठाया गया है कृपया इसे जल्द हल करें,HIGH
"हमारे इलाके में, सार्वजनिक टॉयलेट की मरम्मत करनी है हमारे इलाके में",MEDIUM
"कृपया मदद करें, पार्क के गेट की छोटी मरम्मत करनी है और लोगों को परेशानी हो रही है",LOW
"हमारे इलाके में, स्ट्रीट लाइट बार-बार झपक रही है और लोगों को परेशानी हो रही है",MEDIUM
hamare area mein problem hai ki school ke paas open manhole hai please action lein,CRITICAL
"please action lein, drain partially blocked hai aur residents ko problem ho rahi hai",MEDIUM
"हमारे इलाके में, सार्वजनिक टॉयलेट की मरम्मत करनी है",MEDIUM
टॉयलेट गंदा है और इस्तेमाल करने लायक नहीं है कृपया कार्रवाई करें,HIGH
public washrm is very dirty please resolve this,HIGH
"mere ghar ke paas, drinking water contaminated hai",CRITICAL
"in our locality, one dustbin is damaged and residents are facing problems",LOW
"hamare locality mein, name board kharab hai hamare area mein",LOW
"near my house, one dustbin is damaged",LOW
मैं शिकायत करना चाहता हूं कि नाम का बोर्ड खराब है कृपया इसे जल्द हल करें,LOW
"मेरे घर के पास, सार्वजनिक इमारत में आग लगी है",CRITICAL
हमारे इलाके में समस्या है कि पार्क के गेट की छोटी मरम्मत करनी है,LOW
"कृपया मदद करें, मुख्य सड़क बहुत खराब हो गई है हमारे इलाके में",HIGH
main report karna chahta hoon ki street light flicker kar rahi hai hamare area mein,MEDIUM
"near my house, major accident caused by damaged road please take action",CRITICAL
hamare area mein problem hai ki garbge collection regular nahi hai kai dino se,MEDIUM
"please help, garbage has not been collected for many days and residents are facing problems",HIGH
"कृपया मदद करें, पीने का पानी दूषित है कई दिनों से",CRITICAL
"हमारे इलाके में, मुख्य सड़क पर बहुत सारे गड्ढे हैं कृपया कार्रवाई करें",HIGH
हमारे इलाके में समस्या है कि सार्वजनिक बेंच पुरानी है कई दिनों से,LOW
"please action lein, rod completely damaged ho gayi hai please action lein",HIGH
live electric wire has fallen onto the street and residents are facing problems,CRITICAL
"please action lein, footpath mein chhota crack hai please ise resolve karein",LOW
main report karna chahta hoon ki road completely damaged ho gayi hai please action lein,HIGH
"please take action, no drinking water is available in the area please resolve this",HIGH
"कृपया मदद करें, पीने का पानी दूषित है कई दिनों से",CRITICAL
पानी की सप्लाई नियमित नहीं है,MEDIUM
public washroom bahut dirty hai hamare area mein,HIGH
there is a problem where garbage has not been collected for many days please resolve this,HIGH
"कृपया कार्रवाई करें, सार्वजनिक टॉयलेट की मरम्मत करनी है कई दिनों से",MEDIUM
park wall needs painting please take action,LOW
"कृपया कार्रवाई करें, कूड़ेदान कभी-कभी भर जाता है हमारे इलाके में",MEDIUM
public bench is old in our area,LOW
"hamare locality mein, drainage ki cleaning chahiye hamare area mein",MEDIUM
"hamare locality mein, street sign faded ho gaya hai please ise resolve karein",LOW
"in our locality, major accident caused by damaged road for many days",CRITICAL
"please help, rod has several small cracks",MEDIUM
I want to report that toilet is dirty and unusable for many days,HIGH
mere ghar ke paas street light kaam nahi kar rahi hai hamare area mein,MEDIUM
"please take action, schoship application status is not updated",MEDIUM
"please help, dangerous electric pole is about to fall",CRITICAL
"in our locality, garbage bin is overflowing occasionally please resolve this",MEDIUM
"in our locality, main road is badly damaged please resolve this",HIGH
मैं शिकायत करना चाहता हूं कि स्कॉलरशिप आवेदन की स्थिति अपडेट नहीं हुई है हमारे इलाके में,MEDIUM
"mere ghar ke paas, drinking watr contaminated hai hamare area mein",CRITICAL
"कृपया मदद करें, सड़क का साइन बोर्ड धुंधला है हमारे इलाके में",LOW
main report karna chahta hoon ki log contaminated water pee rahe hain hamare area mein,CRITICAL
मैं शिकायत करना चाहता हूं कि कूड़ा उठाने की व्यवस्था नियमित नहीं है और लोगों को परेशानी हो रही है,MEDIUM
main report karna chahta hoon ki public toilet ki repair chahiye aur residents ko problem ho rahi hai,MEDIUM
"कृपया कार्रवाई करें, खतरनाक बिजली का खंभा गिरने वाला है कृपया कार्रवाई करें",CRITICAL
"मेरे घर के पास, पार्क की बेंच पर पेंट करने की जरूरत है और लोगों को परेशानी हो रही है",LOW
"कृपया मदद करें, नाली आंशिक रूप से बंद है",MEDIUM
"near my house, large potholes are causing problems for vehicles for many days",HIGH
"please action lein, mere ghar ke paas street light kaam nahi kar rahi hai please action lein",MEDIUM
hamare area mein problem hai ki public washrm bahut dirty hai please action lein,HIGH
"in our locality, park wall needs painting please take action",LOW
"near my house, there is no water supply in our locality in our area",HIGH
मैं शिकायत करना चाहता हूं कि सरकारी इमारत में आग लगने की आपात स्थिति है और लोगों को परेशानी हो रही है,CRITICAL
"hamare locality mein, public toilet ki repair chahiye kai dino se",MEDIUM
main report karna chahta hoon ki main road par bahut saare potholes hain hamare area mein,HIGH
"please action lein, log contaminated wter pee rahe hain hamare area mein",CRITICAL
there is a problem where park wall needs painting please resolve this,LOW
"near my house, rod is completely damaged for many days",HIGH
"please take action, park lights are not working properly",MEDIUM
park gate ki minor repair chahiye hamare area mein,LOW
"कृपया मदद करें, स्ट्रीट लाइट बार-बार झपक रही है कई दिनों से",MEDIUM
people are drinking contaminated water,CRITICAL
"कृपया कार्रवाई करें, मुख्य सड़क बहुत खराब हो गई है और लोगों को परेशानी हो रही है",HIGH
park bench needs painting in our area,LOW
"please action lein, toilet dirty hai aur use nahi ho sakta aur residents ko problem ho rahi hai",HIGH
I want to report that many potholes are present on the main road,HIGH
"मेरे घर के पास, खतरनाक बिजली का खंभा गिरने वाला है कृपया कार्रवाई करें",CRITICAL
"please help, scholarship has not been released",HIGH
"in our locality, street sign is faded for many days",LOW
हमारे इलाके में समस्या है कि स्कॉलरशिप आवेदन की स्थिति अपडेट नहीं हुई है और लोगों को परेशानी हो रही है,MEDIUM
बड़े गड्ढों के कारण वाहनों को परेशानी हो रही है,HIGH
I want to report that scholarshp application status is not updated for many days,MEDIUM
hamare area mein problem hai ki dangerous electric pole girne wala hai hamare area mein,CRITICAL
I want to report that name board is damaged please take action,LOW
"कृपया मदद करें, कई दिनों से कूड़ा नहीं उठाया गया है कई दिनों से",HIGH
"please action lein, area mein drinking watr available nahi hai please ise resolve karein",HIGH
"please help, public bench is old please resolve this",LOW
park ki bench ko paint karna hai hamare area mein,LOW
"कृपया मदद करें, नाली आंशिक रूप से बंद है",MEDIUM
"कृपया मदद करें, मुख्य सड़क पर सीवेज का पानी बह रहा है कई दिनों से",CRITICAL
मैं शिकायत करना चाहता हूं कि सार्वजनिक शौचालय बहुत गंदा है,HIGH
"please help, toilet dirty hai aur use nahi ho sakta aur residents ko problem ho rahi hai",HIGH
main report karna chahta hoon ki public bench purani hai please action lein,LOW
"please help, drain partially blocked hai please action lein",MEDIUM
"mere ghar ke paas, drainage ki cleaning chahiye kai dino se",MEDIUM
"मेरे घर के पास, मेरे घर के पास स्ट्रीट लाइट काम नहीं कर रही है कृपया इसे जल्द हल करें",MEDIUM
"hamare locality mein, street light flicker kar rahi hai please ise resolve karein",MEDIUM
"मेरे घर के पास, बच्चे खुले मैनहोल के खतरे में हैं हमारे इलाके में",CRITICAL
there is a problem where name board is damaged,LOW
"hamare locality mein, garbage collection regular nahi hai",MEDIUM
"please help, live electric wire has fallen onto the street and residents are facing problems",CRITICAL
"in our locality, schoship has not been released please take action",HIGH
"please help, shcool ke paas open manhole hai kai dino se",CRITICAL
"near my house, name board is damaged for many days",LOW
garbage collection regular nahi hai please action lein,MEDIUM
"हमारे इलाके में, मेरे घर के पास स्ट्रीट लाइट काम नहीं कर रही है",MEDIUM
"near my house, toilet is dirty and unusable please resolve this",HIGH
हमारे इलाके में समस्या है कि बच्चे खुले मैनहोल के खतरे में हैं कई दिनों से,CRITICAL
हमारे इलाके में समस्या है कि सड़क का साइन बोर्ड धुंधला है कई दिनों से,LOW
toilet ka door toot gaya hai please action lein,MEDIUM
"please action lein, stret light flicker kar rahi hai",MEDIUM
"मेरे घर के पास, टॉयलेट का दरवाजा टूटा हुआ है",MEDIUM
"हमारे इलाके में, रिहायशी इमारतों के पास कूड़ा जमा हो रहा है कृपया कार्रवाई करें",HIGH
hamare area mein problem hai ki stret sign faded ho gaya hai please ise resolve karein,LOW
road completely damaged ho gayi hai,HIGH
"मेरे घर के पास, सार्वजनिक बेंच पुरानी है कई दिनों से",LOW
I want to report that park bench needs painting,LOW
"please take action, public bench is old for many days",LOW
"hamare locality mein, log contaminated wter pee rahe hain hamare area mein",CRITICAL
"please help, park ki bench ko paint karna hai please ise resolve karein",LOW
dangerous electric pole girne wala hai please ise resolve karein,CRITICAL
I want to report that sewage water is overflowing on the main roaad in our area,CRITICAL
fire emergency in a government building please resolve this,CRITICAL
"मेरे घर के पास, सड़क पूरी तरह खराब हो गई है हमारे इलाके में",HIGH
"mere ghar ke paas, residential buildings ke paas garbej pile ho raha hai please ise resolve karein",HIGH
"कृपया मदद करें, सड़क पर कई छोटी दरारें हैं और लोगों को परेशानी हो रही है",MEDIUM
घरों के पास सीवेज का पानी बह रहा है कृपया कार्रवाई करें,HIGH
"please take action, drinking water is contaminated please resolve this",CRITICAL
"मेरे घर के पास, हमारे इलाके में पानी की सप्लाई नहीं है कृपया इसे जल्द हल करें",HIGH
main report karna chahta hoon ki name board kharab hai,LOW
"please help, hamare area mein koi stret light kaam nahi kar rahi hai hamare area mein",HIGH
स्कॉलरशिप जारी नहीं हुई है,HIGH
"please action lein, public bench purani hai",LOW
I want to report that toilett is dirty and unusable please take action,HIGH
हमारे इलाके में समस्या है कि एक कूड़ेदान खराब है,LOW
park gate needs minor repair please take action,LOW
पार्क के गेट की छोटी मरम्मत करनी है हमारे इलाके में,LOW
मैं शिकायत करना चाहता हूं कि मेरे घर के पास स्ट्रीट लाइट काम नहीं कर रही है कृपया इसे जल्द हल करें,MEDIUM
नाम का बोर्ड खराब है,LOW
hamare area mein problem hai ki public bench purani hai kai dino se,LOW
"please help, sewage is overflowing near houses for many days",HIGH
watr supply regular nahi hai kai dino se,MEDIUM
"hamare locality mein, public washroom bahut dirty hai please action lein",HIGH
"in our locality, drainage needs cleaning and residents are facing problems",MEDIUM
"कृपया मदद करें, एक कूड़ेदान खराब है",LOW
main report karna chahta hoon ki drain partially blocked hai kai dino se,MEDIUM
main report karna chahta hoon ki public bench purani hai hamare area mein,LOW
"please help, public bench purani hai aur residents ko problem ho rahi hai",LOW
हमारे इलाके में समस्या है कि बच्चे खुले मैनहोल के खतरे में हैं हमारे इलाके में,CRITICAL
there is a problem where park railing needs repair in our area,LOW
there is a problem where public washroom is very dirty in our area,HIGH
"हमारे इलाके में, नाम का बोर्ड खराब है कृपया कार्रवाई करें",LOW
"कृपया मदद करें, रिहायशी इमारतों के पास कूड़ा जमा हो रहा है और लोगों को परेशानी हो रही है",HIGH
"mere ghar ke paas, garbage bin kabhi kabhi overflow ho jata hai aur residents ko problem ho rahi hai",MEDIUM
"please help, garbage collection regular nahi hai kai dino se",MEDIUM
main report karna chahta hoon ki damaged road ki wajah se major accident hua hai please ise resolve karein,CRITICAL
"please help, street light near my house is not working please resolve this",MEDIUM
"please help, mere ghar ke paas street light kaam nahi kar rahi hai please ise resolve karein",MEDIUM
"in our locality, large potholes are causing problems for vehicles for many days",HIGH
हमारे इलाके में समस्या है कि पार्क की रेलिंग की मरम्मत करनी है कृपया इसे जल्द हल करें,LOW
"please help, park gate ki minor repair chahiye please action lein",LOW
"please help, park gate ki minor repair chahiye aur residents ko problem ho rahi hai",LOW
I want to report that public toilt has been unusable for several days please take action,HIGH
I want to report that one dustbin is damaged for many days,LOW
hamare area mein problem hai ki garbage bin kabhi kabhi overflow ho jata hai hamare area mein,MEDIUM
"मेरे घर के पास, टॉयलेट का दरवाजा टूटा हुआ है कृपया कार्रवाई करें",MEDIUM
there is a problem where footpath has a small crack in our area,LOW
hamare area mein problem hai ki main road par bahut saare potholes hain,HIGH
हमारे इलाके में समस्या है कि बड़े गड्ढों के कारण वाहनों को परेशानी हो रही है कृपया इसे जल्द हल करें,HIGH
पार्क के गेट की छोटी मरम्मत करनी है कृपया इसे जल्द हल करें,LOW
hamare area mein problem hai ki toilet ka door toot gaya hai please ise resolve karein,MEDIUM
there is a problem where garbage has not been collected for many days and residents are facing problems,HIGH
hamare area mein problem hai ki main road par bahut saare pothols hain please ise resolve karein,HIGH
"please action lein, park ki wall ko paint karna hai please ise resolve karein",LOW
"कृपया मदद करें, नाम का बोर्ड खराब है कई दिनों से",LOW
हमारे इलाके में समस्या है कि सड़क का साइन बोर्ड धुंधला है,LOW
"please help, name board is damaged in our area",LOW
"कृपया मदद करें, सरकारी इमारत में आग लगने की आपात स्थिति है कई दिनों से",CRITICAL
"कृपया कार्रवाई करें, बिजली का चालू तार सड़क पर गिर गया है कृपया इसे जल्द हल करें",CRITICAL
main report karna chahta hoon ki public building mein fire lagi hai aur residents ko problem ho rahi hai,CRITICAL
"mere ghar ke paas, public bench purani hai kai dino se",LOW
park ki wall ko paint karna hai,LOW
"mere ghar ke paas, dangerous electric pole girne wala hai hamare area mein",CRITICAL
मुख्य सड़क पर सीवेज का पानी बह रहा है,CRITICAL
मैं शिकायत करना चाहता हूं कि रिहायशी इमारतों के पास कूड़ा जमा हो रहा है कृपया इसे जल्द हल करें,HIGH
"कृपया मदद करें, फुटपाथ में छोटी दरार है हमारे इलाके में",LOW
"please help, drinking wter is contaminated please resolve this",CRITICAL
"please action lein, street light flicker kar rahi hai hamare area mein",MEDIUM
there is a problem where live electric wire has fallen onto the street,CRITICAL
"please help, scholarship has not been released please resolve this",HIGH
there is a problem where scholarship has not been released please take action,HIGH
"हमारे इलाके में, सड़क पर बिजली का खुला तार पड़ा है कृपया इसे जल्द हल करें",CRITICAL
"मेरे घर के पास, सार्वजनिक टॉयलेट की मरम्मत करनी है",MEDIUM
"please help, public building mein fire lagi hai please action lein",CRITICAL
public toilet ki repair chahiye please ise resolve karein,MEDIUM
there is a problem where drinking water is contaminated for many days,CRITICAL
"कृपया कार्रवाई करें, पार्क की दीवार पर पेंट करने की जरूरत है और लोगों को परेशानी हो रही है",LOW
main report karna chahta hoon ki school ke paas open manhole hai please action lein,CRITICAL
"mere ghar ke paas, public building mein fire lagi hai please ise resolve karein",CRITICAL
one dustbin is damaged please resolve this,LOW
"near my house, park bench needs painting please take action",LOW
fire emergency in a government building please resolve this,CRITICAL
large pothols ki wajah se vehicles ko problem ho rahi hai hamare area mein,HIGH
"in our locality, street light is flickering",MEDIUM
"hamare locality mein, main road par sewage water overflow ho raha hai",CRITICAL
"कृपया मदद करें, सड़क पर कई छोटी दरारें हैं कृपया कार्रवाई करें",MEDIUM
hamare area mein problem hai ki drain partially blocked hai kai dino se,MEDIUM
"please take action, park gate needs minor repair for many days",LOW
सड़क पर बिजली का खुला तार पड़ा है कृपया इसे जल्द हल करें,CRITICAL
main report karna chahta hoon ki public toilet ki repair chahiye aur residents ko problem ho rahi hai,MEDIUM
"hamare locality mein, mere ghar ke paas street light kaam nahi kar rahi hai",MEDIUM
"please take action, many potholes are present on the main road in our area",HIGH
"please help, garbage bin kabhi kabhi overflow ho jata hai hamare area mein",MEDIUM
"हमारे इलाके में, नाम का बोर्ड खराब है कृपया कार्रवाई करें",LOW
मैं शिकायत करना चाहता हूं कि पार्क के गेट की छोटी मरम्मत करनी है हमारे इलाके में,LOW
main report karna chahta hoon ki drainage ki cleaning chahiye hamare area mein,MEDIUM
कूड़ेदान कभी-कभी भर जाता है कई दिनों से,MEDIUM
"hamare locality mein, drinking water contaminated hai hamare area mein",CRITICAL
gas leak near residential area and residents are facing problems,CRITICAL
"please help, park lights are not working properly please take action",MEDIUM
scholarship release nahi hui hai aur residents ko problem ho rahi hai,HIGH
"mere ghar ke paas, main roaad badly damaged hai hamare area mein",HIGH
"hamare locality mein, garbage bin kabhi kabhi overflow ho jata hai please ise resolve karein",MEDIUM
मेरे घर के पास स्ट्रीट लाइट काम नहीं कर रही है और लोगों को परेशानी हो रही है,MEDIUM
"please take action, sewage water is overflowing on the main roaad and residents are facing problems",CRITICAL
"please help, hamare area mein koi street light kaam nahi kar rahi hai hamare area mein",HIGH
"please action lein, scholarship application ka status update nahi hua aur residents ko problem ho rahi hai",MEDIUM
"mere ghar ke paas, park ki wall ko paint karna hai aur residents ko problem ho rahi hai",LOW
"near my house, footpath has a small crack please take action",LOW
name board kharab hai kai dino se,LOW
"please help, mere ghar ke paas strete light kaam nahi kar rahi hai kai dino se",MEDIUM
"hamare locality mein, damaged road ki wajah se major accident hua hai kai dino se",CRITICAL
"हमारे इलाके में, टॉयलेट का दरवाजा टूटा हुआ है कई दिनों से",MEDIUM
"कृपया कार्रवाई करें, स्ट्रीट लाइट बार-बार झपक रही है कृपया इसे जल्द हल करें",MEDIUM
schoship release nahi hui hai hamare area mein,HIGH
"mere ghar ke paas, school ke paas open manhole hai",CRITICAL
park railing needs repair in our area,LOW
"near my house, no street light is working in our area in our area",HIGH
I want to report that main road is badly damaged please resolve this,HIGH
हमारे इलाके में समस्या है कि पार्क की रेलिंग की मरम्मत करनी है और लोगों को परेशानी हो रही है,LOW
large potholes ki wajah se vehicles ko problem ho rahi hai kai dino se,HIGH
हमारे इलाके में समस्या है कि रिहायशी इमारतों के पास कूड़ा जमा हो रहा है हमारे इलाके में,HIGH
हमारे इलाके में समस्या है कि कूड़ेदान कभी-कभी भर जाता है और लोगों को परेशानी हो रही है,MEDIUM
"mere ghar ke paas, street light flicker kar rahi hai please ise resolve karein",MEDIUM
I want to report that no drinking water is available in the area and residents are facing problems,HIGH
I want to report that there is no water supply in our locality and residents are facing problems,HIGH
"please action lein, roaad par exposed electric wire pada hai",CRITICAL
मैं शिकायत करना चाहता हूं कि सार्वजनिक बेंच पुरानी है हमारे इलाके में,LOW
"in our locality, public toilet needs repair",MEDIUM
name board is damaged and residents are facing problems,LOW
"in our locality, strete light is flickering for many days",MEDIUM
"हमारे इलाके में, सार्वजनिक बेंच पुरानी है",LOW
"near my house, fire in a public building please take action",CRITICAL
there is no water supply in our locality please resolve this,HIGH
there is a problem where major accident caused by damaged road in our area,CRITICAL
"please help, children open manhole ke danger mein hain aur residents ko problem ho rahi hai",CRITICAL
"कृपया कार्रवाई करें, कई दिनों से कूड़ा नहीं उठाया गया है और लोगों को परेशानी हो रही है",HIGH
"in our locality, large potholes are causing problems for vehicles please take action",HIGH
"hamare locality mein, scholarshp release nahi hui hai please ise resolve karein",HIGH
हमारे इलाके में समस्या है कि सड़क पर बिजली का खुला तार पड़ा है,CRITICAL
"please take action, public bench is old",LOW
"hamare locality mein, name board kharab hai hamare area mein",LOW
"कृपया मदद करें, इलाके में पीने का पानी उपलब्ध नहीं है हमारे इलाके में",HIGH
main report karna chahta hoon ki toilet dirty hai aur use nahi ho sakta aur residents ko problem ho rahi hai,HIGH
"please take action, garbej collection is irregular and residents are facing problems",MEDIUM
हमारे इलाके में समस्या है कि कूड़ा उठाने की व्यवस्था नियमित नहीं है कृपया कार्रवाई करें,MEDIUM
"please take action, garbage is piling up near residential buildings in our area",HIGH
पीने का पानी दूषित है और लोगों को परेशानी हो रही है,CRITICAL
"please action lein, road par exposed electric wire pada hai",CRITICAL
hamare area mein problem hai ki garbage collection regular nahi hai,MEDIUM
"हमारे इलाके में, पार्क की लाइट ठीक से काम नहीं कर रही है",MEDIUM
"मेरे घर के पास, नाम का बोर्ड खराब है कृपया कार्रवाई करें",LOW
I want to report that footpath has a small crack please resolve this,LOW
हमारे इलाके में समस्या है कि नाली आंशिक रूप से बंद है कई दिनों से,MEDIUM
main report karna chahta hoon ki dangerous electric pole girne wala hai kai dino se,CRITICAL
मैं शिकायत करना चाहता हूं कि कई दिनों से कूड़ा नहीं उठाया गया है कृपया इसे जल्द हल करें,HIGH
"hamare locality mein, public toilet ki repair chahiye please ise resolve karein",MEDIUM
"please take action, there is no water supply in our locality in our area",HIGH
"please help, damaged rod ki wajah se major accident hua hai",CRITICAL
"कृपया कार्रवाई करें, नाली आंशिक रूप से बंद है हमारे इलाके में",MEDIUM
"कृपया कार्रवाई करें, पार्क की बेंच पर पेंट करने की जरूरत है कई दिनों से",LOW
"कृपया कार्रवाई करें, सरकारी इमारत में आग लगने की आपात स्थिति है हमारे इलाके में",CRITICAL
live electric wire street par gir gaya hai kai dino se,CRITICAL
हमारे इलाके में समस्या है कि सार्वजनिक टॉयलेट कई दिनों से इस्तेमाल नहीं हो रहा है कृपया इसे जल्द हल करें,HIGH
"मेरे घर के पास, बिजली का चालू तार सड़क पर गिर गया है हमारे इलाके में",CRITICAL
"please action lein, log contaminated watr pee rahe hain please ise resolve karein",CRITICAL
"hamare locality mein, road completely damaged ho gayi hai please ise resolve karein",HIGH
public bench is old please take action,LOW
"please action lein, public toilett kai dino se unusable hai kai dino se",HIGH
मैं शिकायत करना चाहता हूं कि मुख्य सड़क बहुत खराब हो गई है,HIGH
हमारे इलाके में समस्या है कि टॉयलेट गंदा है और इस्तेमाल करने लायक नहीं है हमारे इलाके में,HIGH
"please help, garbage is piling up near residential buildings",HIGH
मैं शिकायत करना चाहता हूं कि नाली आंशिक रूप से बंद है कई दिनों से,MEDIUM
"in our locality, drinking water is contaminated and residents are facing problems",CRITICAL
हमारे इलाके में समस्या है कि मुख्य सड़क पर सीवेज का पानी बह रहा है कई दिनों से,CRITICAL
"कृपया मदद करें, मुख्य सड़क बहुत खराब हो गई है कई दिनों से",HIGH
main report karna chahta hoon ki footpath mein chhota crack hai aur residents ko problem ho rahi hai,LOW
scholarship release nahi hui hai,HIGH
there is a problem where garbej is piling up near residential buildings,HIGH
main report karna chahta hoon ki toilt ka door toot gaya hai please action lein,MEDIUM
"मेरे घर के पास, पानी की सप्लाई नियमित नहीं है कृपया कार्रवाई करें",MEDIUM
"कृपया मदद करें, खतरनाक बिजली का खंभा गिरने वाला है कृपया कार्रवाई करें",CRITICAL
पार्क की बेंच पर पेंट करने की जरूरत है कृपया इसे जल्द हल करें,LOW
"near my house, schoship has not been released",HIGH
हमारे इलाके में समस्या है कि बड़े गड्ढों के कारण वाहनों को परेशानी हो रही है कृपया कार्रवाई करें,HIGH
"please action lein, main road badly damaged hai kai dino se",HIGH
"hamare locality mein, main road par sewage watr overflow ho raha hai kai dino se",CRITICAL
"please take action, open manhole near a school please take action",CRITICAL
"near my house, no street light is working in our area for many days",HIGH
there is a problem where schoship application status is not updated,MEDIUM
मैं शिकायत करना चाहता हूं कि लोग दूषित पानी पी रहे हैं कृपया कार्रवाई करें,CRITICAL
हमारे इलाके में समस्या है कि टॉयलेट का दरवाजा टूटा हुआ है और लोगों को परेशानी हो रही है,MEDIUM
"please take action, garbej is piling up near residential buildings in our area",HIGH
dangerous electric pole is about to fall for many days,CRITICAL
मैं शिकायत करना चाहता हूं कि नाम का बोर्ड खराब है कृपया कार्रवाई करें,LOW
"हमारे इलाके में, सार्वजनिक टॉयलेट कई दिनों से इस्तेमाल नहीं हो रहा है हमारे इलाके में",HIGH
park ki wall ko paint karna hai kai dino se,LOW
I want to report that park lights are not working properly for many days,MEDIUM
"कृपया मदद करें, पार्क की लाइट ठीक से काम नहीं कर रही है",MEDIUM
"कृपया मदद करें, सड़क पर कई छोटी दरारें हैं हमारे इलाके में",MEDIUM
"मेरे घर के पास, मुख्य सड़क पर सीवेज का पानी बह रहा है और लोगों को परेशानी हो रही है",CRITICAL
"मेरे घर के पास, पार्क की रेलिंग की मरम्मत करनी है कई दिनों से",LOW
"near my house, children are exposed to an open manhole in our area",CRITICAL
main report karna chahta hoon ki residential buildings ke paas garbage pile ho raha hai hamare area mein,HIGH
public bench is old please resolve this,LOW
"मेरे घर के पास, रिहायशी इलाके के पास गैस लीक हो रही है कृपया कार्रवाई करें",CRITICAL
park railing ki repair chahiye aur residents ko problem ho rahi hai,LOW
hamare area mein problem hai ki residential area ke paas gas leak ho rahi hai kai dino se,CRITICAL
"हमारे इलाके में, हमारे इलाके में कोई भी स्ट्रीट लाइट काम नहीं कर रही है कई दिनों से",HIGH
सड़क पूरी तरह खराब हो गई है,HIGH
park lights are not working properly for many days,MEDIUM
"मेरे घर के पास, नाली की सफाई की जरूरत है",MEDIUM
I want to report that park gate needs minor repair please resolve this,LOW
"please help, main rod is badly damaged and residents are facing problems",HIGH
"in our locality, drainage needs cleaning please take action",MEDIUM
मैं शिकायत करना चाहता हूं कि बिजली का चालू तार सड़क पर गिर गया है हमारे इलाके में,CRITICAL
"in our locality, public bench is old in our area",LOW
hamare area mein problem hai ki park ki wall ko paint karna hai please ise resolve karein,LOW
"कृपया मदद करें, कूड़ा उठाने की व्यवस्था नियमित नहीं है कृपया इसे जल्द हल करें",MEDIUM
हमारे इलाके में समस्या है कि नाली की सफाई की जरूरत है कृपया कार्रवाई करें,MEDIUM
"in our locality, drainage needs cleaning please resolve this",MEDIUM
"mere ghar ke paas, log contaminated water pee rahe hain kai dino se",CRITICAL
"please help, road completely damaged ho gayi hai aur residents ko problem ho rahi hai",HIGH
park gate needs minor repair please resolve this,LOW
"please help, park ki wall ko paint karna hai please action lein",LOW
"हमारे इलाके में, सार्वजनिक बेंच पुरानी है",LOW
"हमारे इलाके में, सड़क पर कई छोटी दरारें हैं कई दिनों से",MEDIUM
hamare area mein problem hai ki live electric wire street par gir gaya hai hamare area mein,CRITICAL
I want to report that public washrom is very dirty for many days,HIGH
"please action lein, park gate ki minor repair chahiye please action lein",LOW
"मेरे घर के पास, सरकारी इमारत में आग लगने की आपात स्थिति है कृपया इसे जल्द हल करें",CRITICAL
"in our locality, drain is partially blocked in our area",MEDIUM
"mere ghar ke paas, park ki bench ko paint karna hai",LOW
dangerous electric pole is about to fall for many days,CRITICAL
hamare area mein problem hai ki children open manhole ke danger mein hain hamare area mein,CRITICAL
drainage ki cleaning chahiye kai dino se,MEDIUM
"please help, public washroom bahut dirty hai hamare area mein",HIGH
"कृपया कार्रवाई करें, खराब सड़क के कारण बड़ा हादसा हुआ है कई दिनों से",CRITICAL
"in our locality, one dustbin is damaged for many days",LOW
"near my house, road is completely damaged in our area",HIGH
I want to report that park bench needs painting,LOW
"मेरे घर के पास, सड़क का साइन बोर्ड धुंधला है हमारे इलाके में",LOW
"कृपया मदद करें, खराब सड़क के कारण बड़ा हादसा हुआ है कृपया कार्रवाई करें",CRITICAL
"near my house, drinking watr is contaminated in our area",CRITICAL
main report karna chahta hoon ki dangerous electric pole girne wala hai please action lein,CRITICAL
there is a problem where street light near my house is not working and residents are facing problems,MEDIUM
पार्क की दीवार पर पेंट करने की जरूरत है हमारे इलाके में,LOW
school ke paas open manhole hai please ise resolve karein,CRITICAL
मैं शिकायत करना चाहता हूं कि लोग दूषित पानी पी रहे हैं और लोगों को परेशानी हो रही है,CRITICAL
"please action lein, toilt ka door toot gaya hai please action lein",MEDIUM
"मेरे घर के पास, पीने का पानी दूषित है कृपया कार्रवाई करें",CRITICAL
"near my house, toilet door is broken",MEDIUM
"please action lein, large pothols ki wajah se vehicles ko problem ho rahi hai please action lein",HIGH
"कृपया कार्रवाई करें, नाली की सफाई की जरूरत है",MEDIUM
"in our locality, park railing needs repair and residents are facing problems",LOW
कई दिनों से कूड़ा नहीं उठाया गया है और लोगों को परेशानी हो रही है,HIGH
there is a problem where children are exposed to an open manhole,CRITICAL
मैं शिकायत करना चाहता हूं कि स्कूल के पास खुला मैनहोल है और लोगों को परेशानी हो रही है,CRITICAL
"hamare locality mein, park ki bench ko paint karna hai aur residents ko problem ho rahi hai",LOW
"please help, garbage has not been collected for many days please take action",HIGH
"please help, kai dino se garbage collect nahi hua hai kai dino se",HIGH
hamare area mein problem hai ki hamare locality mein water supply nahi hai please ise resolve karein,HIGH
main report karna chahta hoon ki name board kharab hai,LOW
scholarship application status is not updated in our area,MEDIUM
मैं शिकायत करना चाहता हूं कि बिजली का चालू तार सड़क पर गिर गया है हमारे इलाके में,CRITICAL
"कृपया कार्रवाई करें, टॉयलेट का दरवाजा टूटा हुआ है कई दिनों से",MEDIUM
"please take action, street sign is faded in our area",LOW
"near my house, park wall needs painting in our area",LOW
"please action lein, hamare locality mein water supply nahi hai aur residents ko problem ho rahi hai",HIGH
sewage water is overflowing on the main rod,CRITICAL
"in our locality, street sign is faded and residents are facing problems",LOW
"near my house, water supply is irregular please resolve this",MEDIUM
मैं शिकायत करना चाहता हूं कि रिहायशी इमारतों के पास कूड़ा जमा हो रहा है,HIGH
"in our locality, footpath has a small crack in our area",LOW
"हमारे इलाके में, लोग दूषित पानी पी रहे हैं और लोगों को परेशानी हो रही है",CRITICAL
"in our locality, sewage water is overflowing on the main road please take action",CRITICAL
I want to report that park railing needs repair please resolve this,LOW
"मेरे घर के पास, हमारे इलाके में पानी की सप्लाई नहीं है कृपया कार्रवाई करें",HIGH
road is completely damaged in our area,HIGH
"please action lein, park ki wall ko paint karna hai aur residents ko problem ho rahi hai",LOW
"please help, street light near my house is not working in our area",MEDIUM
हमारे इलाके में कोई भी स्ट्रीट लाइट काम नहीं कर रही है कृपया इसे जल्द हल करें,HIGH
"कृपया कार्रवाई करें, सार्वजनिक शौचालय बहुत गंदा है कृपया इसे जल्द हल करें",HIGH
"please help, road par kai small cracks hain hamare area mein",MEDIUM
"in our locality, park bench needs painting for many days",LOW
"in our locality, garbage is piling up near residential buildings",HIGH
हमारे इलाके में समस्या है कि इलाके में पीने का पानी उपलब्ध नहीं है हमारे इलाके में,HIGH
"near my house, street light is flickering for many days",MEDIUM
सड़क का साइन बोर्ड धुंधला है और लोगों को परेशानी हो रही है,LOW
"near my house, dangerous electric pole is about to fall please resolve this",CRITICAL
there is a problem where fire in a public building in our area,CRITICAL
"in our locality, park railing needs repair please take action",LOW
main report karna chahta hoon ki street sign faded ho gaya hai hamare area mein,LOW
"हमारे इलाके में, मुख्य सड़क बहुत खराब हो गई है और लोगों को परेशानी हो रही है",HIGH
पीने का पानी दूषित है कृपया इसे जल्द हल करें,CRITICAL
"please take action, many potholes are present on the main road and residents are facing problems",HIGH
"मेरे घर के पास, सार्वजनिक बेंच पुरानी है और लोगों को परेशानी हो रही है",LOW
"मेरे घर के पास, सड़क का साइन बोर्ड धुंधला है कृपया कार्रवाई करें",LOW
toilet door is broken in our area,MEDIUM
"mere ghar ke paas, scholarship application ka status update nahi hua please action lein",MEDIUM
"near my house, dangerous electric pole is about to fall please take action",CRITICAL
मैं शिकायत करना चाहता हूं कि सार्वजनिक शौचालय बहुत गंदा है कृपया इसे जल्द हल करें,HIGH
"hamare locality mein, scholarship release nahi hui hai",HIGH
public building mein fire lagi hai aur residents ko problem ho rahi hai,CRITICAL
hamare area mein problem hai ki roaad par exposed electric wire pada hai kai dino se,CRITICAL
main report karna chahta hoon ki children open manhole ke danger mein hain please ise resolve karein,CRITICAL
"please help, live electric wire street par gir gaya hai please ise resolve karein",CRITICAL
"near my house, road has several small cracks",MEDIUM
"मेरे घर के पास, बड़े गड्ढों के कारण वाहनों को परेशानी हो रही है कृपया इसे जल्द हल करें",HIGH
"कृपया मदद करें, सार्वजनिक बेंच पुरानी है कृपया कार्रवाई करें",LOW
"कृपया कार्रवाई करें, नाली आंशिक रूप से बंद है कृपया कार्रवाई करें",MEDIUM
"कृपया मदद करें, खतरनाक बिजली का खंभा गिरने वाला है कृपया इसे जल्द हल करें",CRITICAL
"in our locality, park bench needs painting",LOW
"कृपया मदद करें, हमारे इलाके में कोई भी स्ट्रीट लाइट काम नहीं कर रही है और लोगों को परेशानी हो रही है",HIGH
"hamare locality mein, park railing ki repair chahiye please ise resolve karein",LOW
"मेरे घर के पास, बच्चे खुले मैनहोल के खतरे में हैं कृपया कार्रवाई करें",CRITICAL
मैं शिकायत करना चाहता हूं कि स्कॉलरशिप आवेदन की स्थिति अपडेट नहीं हुई है हमारे इलाके में,MEDIUM
"near my house, wter supply is irregular please resolve this",MEDIUM
"please help, ek dustbin kharab hai please ise resolve karein",LOW
there is a problem where there is no watr supply in our locality in our area,HIGH
मैं शिकायत करना चाहता हूं कि सार्वजनिक शौचालय बहुत गंदा है और लोगों को परेशानी हो रही है,HIGH
"please action lein, main road par sewage water overflow ho raha hai please action lein",CRITICAL
"please action lein, damaged road ki wajah se major accident hua hai kai dino se",CRITICAL
"hamare locality mein, footpath mein chhota crack hai",LOW
हमारे इलाके में समस्या है कि मुख्य सड़क पर बहुत सारे गड्ढे हैं,HIGH
"हमारे इलाके में, बड़े गड्ढों के कारण वाहनों को परेशानी हो रही है",HIGH
"please take action, toilet is dirty and unusable please resolve this",HIGH
"mere ghar ke paas, toilet dirty hai aur use nahi ho sakta please action lein",HIGH
"please help, area mein drinking water available nahi hai please action lein",HIGH
"please help, park ki bench ko paint karna hai aur residents ko problem ho rahi hai",LOW
"hamare locality mein, public toilt kai dino se unusable hai hamare area mein",HIGH
हमारे इलाके में समस्या है कि सार्वजनिक टॉयलेट की मरम्मत करनी है,MEDIUM
"मेरे घर के पास, पार्क के गेट की छोटी मरम्मत करनी है हमारे इलाके में",LOW
toilet is dirty and unusable in our area,HIGH
I want to report that exposed electric wire on the road please take action,CRITICAL
hamare area mein problem hai ki dangerous electric pole girne wala hai please action lein,CRITICAL
"in our locality, open manhole near a schol and residents are facing problems",CRITICAL
toilet is dirty and unusable,HIGH
"in our locality, open manhole near a shcool please resolve this",CRITICAL
there is a problem where public toilet needs repair and residents are facing problems,MEDIUM
main report karna chahta hoon ki residential area ke paas gas leak ho rahi hai please action lein,CRITICAL
"mere ghar ke paas, public washroom bahut dirty hai please action lein",HIGH
"near my house, toilt door is broken for many days",MEDIUM
"mere ghar ke paas, garbej bin kabhi kabhi overflow ho jata hai hamare area mein",MEDIUM
हमारे इलाके में समस्या है कि पार्क की बेंच पर पेंट करने की जरूरत है और लोगों को परेशानी हो रही है,LOW
"hamare locality mein, public washrom bahut dirty hai kai dino se",HIGH
hamare area mein problem hai ki area mein drinking water available nahi hai please action lein,HIGH
hamare area mein problem hai ki park railing ki repair chahiye,LOW
"hamare locality mein, kai dino se garbage collect nahi hua hai please action lein",HIGH
हमारे इलाके में समस्या है कि हमारे इलाके में कोई भी स्ट्रीट लाइट काम नहीं कर रही है कृपया इसे जल्द हल करें,HIGH
"please action lein, main roaad par bahut saare potholes hain aur residents ko problem ho rahi hai",HIGH
"mere ghar ke paas, main road badly damaged hai please action lein",HIGH
there is a problem where park wall needs painting please resolve this,LOW
"hamare locality mein, toilet ka door toot gaya hai kai dino se",MEDIUM
हमारे इलाके में समस्या है कि नाली आंशिक रूप से बंद है कृपया कार्रवाई करें,MEDIUM
"in our locality, drainage needs cleaning please take action",MEDIUM
"hamare locality mein, roaad completely damaged ho gayi hai",HIGH
"please help, drinking water contaminated hai kai dino se",CRITICAL
हमारे इलाके में समस्या है कि एक कूड़ेदान खराब है हमारे इलाके में,LOW
"कृपया मदद करें, बड़े गड्ढों के कारण वाहनों को परेशानी हो रही है कृपया कार्रवाई करें",HIGH
"मेरे घर के पास, सड़क का साइन बोर्ड धुंधला है कई दिनों से",LOW
"mere ghar ke paas, park railing ki repair chahiye please action lein",LOW
scholrship release nahi hui hai hamare area mein,HIGH
"please help, footpath mein chhota crack hai",LOW
"हमारे इलाके में, सार्वजनिक इमारत में आग लगी है",CRITICAL
"hamare locality mein, park ki bench ko paint karna hai please ise resolve karein",LOW
main report karna chahta hoon ki scholarship application ka status update nahi hua,MEDIUM
मैं शिकायत करना चाहता हूं कि रिहायशी इमारतों के पास कूड़ा जमा हो रहा है कई दिनों से,HIGH
"mere ghar ke paas, public bench purani hai aur residents ko problem ho rahi hai",LOW
"कृपया कार्रवाई करें, पार्क की रेलिंग की मरम्मत करनी है और लोगों को परेशानी हो रही है",LOW
"हमारे इलाके में, मुख्य सड़क पर बहुत सारे गड्ढे हैं कृपया कार्रवाई करें",HIGH
"please help, drainage needs cleaning in our area",MEDIUM
"कृपया मदद करें, टॉयलेट गंदा है और इस्तेमाल करने लायक नहीं है",HIGH
garbage bin kabhi kabhi overflow ho jata hai please ise resolve karein,MEDIUM
"in our locality, one dustbin is damaged in our area",LOW
"hamare locality mein, road par kai small cracks hain aur residents ko problem ho rahi hai",MEDIUM
hamare area mein problem hai ki toilet dirty hai aur use nahi ho sakta please ise resolve karein,HIGH
"please help, sewage is overflowing near houses in our area",HIGH
सार्वजनिक टॉयलेट कई दिनों से इस्तेमाल नहीं हो रहा है कृपया इसे जल्द हल करें,HIGH
ek dustbin kharab hai please ise resolve karein,LOW
I want to report that major accident caused by damaged road in our area,CRITICAL
"हमारे इलाके में, पीने का पानी दूषित है और लोगों को परेशानी हो रही है",CRITICAL
name board is damaged please resolve this,LOW
hamare area mein problem hai ki garbage collection regular nahi hai aur residents ko problem ho rahi hai,MEDIUM
"please action lein, main road badly damaged hai please action lein",HIGH
"hamare locality mein, school ke paas open manhole hai aur residents ko problem ho rahi hai",CRITICAL
public toilt ki repair chahiye please action lein,MEDIUM
"near my house, street sign is faded please resolve this",LOW
"कृपया कार्रवाई करें, मुख्य सड़क बहुत खराब हो गई है और लोगों को परेशानी हो रही है",HIGH
"please take action, gas leak near residential area in our area",CRITICAL
"कृपया कार्रवाई करें, मुख्य सड़क पर बहुत सारे गड्ढे हैं कृपया इसे जल्द हल करें",HIGH
सड़क पर बिजली का खुला तार पड़ा है,CRITICAL
हमारे इलाके में समस्या है कि सार्वजनिक टॉयलेट की मरम्मत करनी है हमारे इलाके में,MEDIUM
हमारे इलाके में समस्या है कि स्ट्रीट लाइट बार-बार झपक रही है हमारे इलाके में,MEDIUM
"कृपया कार्रवाई करें, टॉयलेट का दरवाजा टूटा हुआ है",MEDIUM
"mere ghar ke paas, damaged road ki wajah se major accident hua hai hamare area mein",CRITICAL
फुटपाथ में छोटी दरार है कृपया इसे जल्द हल करें,LOW
I want to report that public toilett has been unusable for several days in our area,HIGH
हमारे इलाके में समस्या है कि सार्वजनिक बेंच पुरानी है और लोगों को परेशानी हो रही है,LOW
no drinking water is available in the area please take action,HIGH
scholarship has not been released for many days,HIGH
fire emergency in a government building for many days,CRITICAL
"please help, children are exposed to an open manhole please take action",CRITICAL
"कृपया मदद करें, एक कूड़ेदान खराब है कृपया कार्रवाई करें",LOW
हमारे इलाके में समस्या है कि टॉयलेट गंदा है और इस्तेमाल करने लायक नहीं है हमारे इलाके में,HIGH
"मेरे घर के पास, पार्क की बेंच पर पेंट करने की जरूरत है कृपया कार्रवाई करें",LOW
road is completely damaged for many days,HIGH
there is a problem where no drinking water is available in the area for many days,HIGH
"हमारे इलाके में, सड़क का साइन बोर्ड धुंधला है हमारे इलाके में",LOW
"कृपया मदद करें, पार्क की दीवार पर पेंट करने की जरूरत है और लोगों को परेशानी हो रही है",LOW
"हमारे इलाके में, सड़क का साइन बोर्ड धुंधला है कृपया इसे जल्द हल करें",LOW
मैं शिकायत करना चाहता हूं कि सड़क पूरी तरह खराब हो गई है कृपया कार्रवाई करें,HIGH
dangerous electric pole is about to fall please take action,CRITICAL
"please take action, sewage water is overflowing on the main road",CRITICAL
"hamare locality mein, street sign faded ho gaya hai",LOW
toilet ka door toot gaya hai please action lein,MEDIUM
"हमारे इलाके में, स्कॉलरशिप जारी नहीं हुई है हमारे इलाके में",HIGH
"हमारे इलाके में, खराब सड़क के कारण बड़ा हादसा हुआ है हमारे इलाके में",CRITICAL
"मेरे घर के पास, लोग दूषित पानी पी रहे हैं कृपया कार्रवाई करें",CRITICAL
there is a problem where footpath has a small crack in our area,LOW
main report karna chahta hoon ki street ligt flicker kar rahi hai,MEDIUM
main report karna chahta hoon ki houses ke paas sewage overflow ho raha hai kai dino se,HIGH
"हमारे इलाके में, कई दिनों से कूड़ा नहीं उठाया गया है कृपया इसे जल्द हल करें",HIGH
"near my house, garbage has not been collected for many days and residents are facing problems",HIGH
"हमारे इलाके में, पार्क की दीवार पर पेंट करने की जरूरत है और लोगों को परेशानी हो रही है",LOW
strete sign is faded for many days,LOW
"near my house, gas leak near residential area in our area",CRITICAL
"please take action, many potholes are present on the main roaad please take action",HIGH
हमारे इलाके में समस्या है कि नाम का बोर्ड खराब है कृपया कार्रवाई करें,LOW
there is a problem where drinking wter is contaminated please resolve this,CRITICAL
मैं शिकायत करना चाहता हूं कि मेरे घर के पास स्ट्रीट लाइट काम नहीं कर रही है,MEDIUM
"please help, one dustbin is damaged",LOW
footpath has a small crack,LOW
"in our locality, street ligth near my house is not working please resolve this",MEDIUM
main report karna chahta hoon ki public bench purani hai please ise resolve karein,LOW
हमारे इलाके में समस्या है कि सरकारी इमारत में आग लगने की आपात स्थिति है,CRITICAL
drinking water is contaminated and residents are facing problems,CRITICAL
there is a problem where large pothols are causing problems for vehicles please resolve this,HIGH
"please help, fire in a public building in our area",CRITICAL
"please help, garbage bin kabhi kabhi overflow ho jata hai hamare area mein",MEDIUM
"hamare locality mein, live electric wire street par gir gaya hai hamare area mein",CRITICAL
exposed electric wire on the rod please resolve this,CRITICAL
there is a problem where park gate needs minor repair please take action,LOW
"कृपया कार्रवाई करें, मुख्य सड़क पर बहुत सारे गड्ढे हैं कई दिनों से",HIGH
"in our locality, park gate needs minor repair please resolve this",LOW
पार्क की लाइट ठीक से काम नहीं कर रही है और लोगों को परेशानी हो रही है,MEDIUM
"please help, garbage bin is overflowing occasionally please resolve this",MEDIUM
hamare area mein problem hai ki kai dino se garbage collect nahi hua hai,HIGH
"कृपया कार्रवाई करें, मुख्य सड़क पर सीवेज का पानी बह रहा है",CRITICAL
"कृपया कार्रवाई करें, पानी की सप्लाई नियमित नहीं है कृपया कार्रवाई करें",MEDIUM
there is a problem where major accident caused by damaged road in our area,CRITICAL
"कृपया कार्रवाई करें, फुटपाथ में छोटी दरार है और लोगों को परेशानी हो रही है",LOW
"हमारे इलाके में, मुख्य सड़क बहुत खराब हो गई है और लोगों को परेशानी हो रही है",HIGH
park lights properly kaam nahi kar rahi hain kai dino se,MEDIUM
"in our locality, gas leak near residential area and residents are facing problems",CRITICAL
"please help, park railing ki repair chahiye hamare area mein",LOW
"in our locality, no street light is working in our area please take action",HIGH
"मेरे घर के पास, स्ट्रीट लाइट बार-बार झपक रही है कृपया इसे जल्द हल करें",MEDIUM
"कृपया कार्रवाई करें, बड़े गड्ढों के कारण वाहनों को परेशानी हो रही है कृपया इसे जल्द हल करें",HIGH
"please action lein, park ki wall ko paint karna hai please ise resolve karein",LOW
children are exposed to an open manhole please take action,CRITICAL
"mere ghar ke paas, park gate ki minor repair chahiye aur residents ko problem ho rahi hai",LOW
I want to report that gas leak near residential area and residents are facing problems,CRITICAL
public toilet ki repair chahiye please action lein,MEDIUM
drinking water is contaminated,CRITICAL
"कृपया कार्रवाई करें, कूड़ा उठाने की व्यवस्था नियमित नहीं है हमारे इलाके में",MEDIUM
there is a problem where large potholes are causing problems for vehicles,HIGH
live electric wire street par gir gaya hai please action lein,CRITICAL
there is a problem where fire emergency in a government building,CRITICAL
"please action lein, park ki wall ko paint karna hai kai dino se",LOW
"please action lein, area mein drinking water available nahi hai kai dino se",HIGH
"in our locality, park lights are not working properly",MEDIUM
main report karna chahta hoon ki scholrship application ka status update nahi hua,MEDIUM
main report karna chahta hoon ki public bench purani hai,LOW
there is a problem where park railing needs repair for many days,LOW
"please help, many potholes are present on the main road please resolve this",HIGH
हमारे इलाके में समस्या है कि घरों के पास सीवेज का पानी बह रहा है कृपया इसे जल्द हल करें,HIGH
there is a problem where no street light is working in our area in our area,HIGH
public washrom bahut dirty hai aur residents ko problem ho rahi hai,HIGH
"mere ghar ke paas, main road badly damaged hai kai dino se",HIGH
"मेरे घर के पास, टॉयलेट गंदा है और इस्तेमाल करने लायक नहीं है और लोगों को परेशानी हो रही है",HIGH
hamare area mein problem hai ki public toilt ki repair chahiye please action lein,MEDIUM
dangerous electric pole is about to fall in our area,CRITICAL
"मेरे घर के पास, पीने का पानी दूषित है और लोगों को परेशानी हो रही है",CRITICAL
I want to report that major accident caused by damaged roaad for many days,CRITICAL
main report karna chahta hoon ki scholrship application ka status update nahi hua please action lein,MEDIUM
मैं शिकायत करना चाहता हूं कि हमारे इलाके में कोई भी स्ट्रीट लाइट काम नहीं कर रही है और लोगों को परेशानी हो रही है,HIGH
"please take action, fire in a public building",CRITICAL
"मेरे घर के पास, पार्क की बेंच पर पेंट करने की जरूरत है हमारे इलाके में",LOW
हमारे इलाके में समस्या है कि सड़क पूरी तरह खराब हो गई है और लोगों को परेशानी हो रही है,HIGH
"mere ghar ke paas, mere ghar ke paas strete light kaam nahi kar rahi hai kai dino se",MEDIUM
"मेरे घर के पास, नाली की सफाई की जरूरत है",MEDIUM
there is a problem where fire in a public building please take action,CRITICAL
"please help, public building mein fire lagi hai aur residents ko problem ho rahi hai",CRITICAL
स्कॉलरशिप जारी नहीं हुई है कई दिनों से,HIGH
"in our locality, toilet door is broken please take action",MEDIUM
"मेरे घर के पास, पार्क की बेंच पर पेंट करने की जरूरत है और लोगों को परेशानी हो रही है",LOW
mere ghar ke paas street light kaam nahi kar rahi hai aur residents ko problem ho rahi hai,MEDIUM
इलाके में पीने का पानी उपलब्ध नहीं है कृपया कार्रवाई करें,HIGH
बच्चे खुले मैनहोल के खतरे में हैं कृपया कार्रवाई करें,CRITICAL
हमारे इलाके में समस्या है कि बिजली का चालू तार सड़क पर गिर गया है कृपया इसे जल्द हल करें,CRITICAL
"please help, houses ke paas sewage overflow ho raha hai kai dino se",HIGH
"हमारे इलाके में, टॉयलेट गंदा है और इस्तेमाल करने लायक नहीं है कृपया इसे जल्द हल करें",HIGH
hamare area mein problem hai ki hamare area mein koi street light kaam nahi kar rahi hai hamare area mein,HIGH
"please help, road par exposed electric wire pada hai please action lein",CRITICAL
there is a problem where park railing needs repair,LOW
"please take action, fire emergency in a government building in our area",CRITICAL
घरों के पास सीवेज का पानी बह रहा है हमारे इलाके में,HIGH
सड़क का साइन बोर्ड धुंधला है कृपया इसे जल्द हल करें,LOW
"कृपया कार्रवाई करें, बच्चे खुले मैनहोल के खतरे में हैं कृपया कार्रवाई करें",CRITICAL
"हमारे इलाके में, हमारे इलाके में पानी की सप्लाई नहीं है",HIGH
मैं शिकायत करना चाहता हूं कि सरकारी इमारत में आग लगने की आपात स्थिति है हमारे इलाके में,CRITICAL
"please take action, open manhole near a school please resolve this",CRITICAL
"please help, fire emergency in a government building",CRITICAL
"हमारे इलाके में, सड़क पर बिजली का खुला तार पड़ा है कई दिनों से",CRITICAL
"mere ghar ke paas, area mein drinking wter available nahi hai kai dino se",HIGH
मैं शिकायत करना चाहता हूं कि पीने का पानी दूषित है हमारे इलाके में,CRITICAL
main report karna chahta hoon ki toilet dirty hai aur use nahi ho sakta please ise resolve karein,HIGH
मैं शिकायत करना चाहता हूं कि सड़क पर बिजली का खुला तार पड़ा है कृपया इसे जल्द हल करें,CRITICAL
"in our locality, main rod is badly damaged please resolve this",HIGH
toilt ka door toot gaya hai please action lein,MEDIUM
"हमारे इलाके में, बच्चे खुले मैनहोल के खतरे में हैं कृपया कार्रवाई करें",CRITICAL
"near my house, park railing needs repair for many days",LOW
"mere ghar ke paas, ek dustbin kharab hai aur residents ko problem ho rahi hai",LOW
"please help, public toilet needs repair please resolve this",MEDIUM
I want to report that road has several small cracks for many days,MEDIUM
हमारे इलाके में समस्या है कि स्कॉलरशिप जारी नहीं हुई है कृपया इसे जल्द हल करें,HIGH
"हमारे इलाके में, सार्वजनिक बेंच पुरानी है हमारे इलाके में",LOW
"hamare locality mein, live electric wire street par gir gaya hai",CRITICAL
फुटपाथ में छोटी दरार है कृपया कार्रवाई करें,LOW
"कृपया मदद करें, पीने का पानी दूषित है कृपया इसे जल्द हल करें",CRITICAL
"please action lein, children open manhole ke danger mein hain aur residents ko problem ho rahi hai",CRITICAL
hamare area mein problem hai ki houses ke paas sewage overflow ho raha hai,HIGH
मैं शिकायत करना चाहता हूं कि नाम का बोर्ड खराब है कृपया कार्रवाई करें,LOW
"कृपया कार्रवाई करें, घरों के पास सीवेज का पानी बह रहा है कृपया कार्रवाई करें",HIGH
"हमारे इलाके में, सार्वजनिक शौचालय बहुत गंदा है और लोगों को परेशानी हो रही है",HIGH
hamare area mein problem hai ki government building mein fire emergency hai aur residents ko problem ho rahi hai,CRITICAL
I want to report that drain is partially blocked for many days,MEDIUM
"mere ghar ke paas, park railing ki repair chahiye",LOW
स्कूल के पास खुला मैनहोल है और लोगों को परेशानी हो रही है,CRITICAL
hamare area mein problem hai ki mere ghar ke paas street light kaam nahi kar rahi hai,MEDIUM
"near my house, park railing needs repair in our area",LOW
"in our locality, public washroom is very dirty",HIGH
हमारे इलाके में समस्या है कि पीने का पानी दूषित है कृपया इसे जल्द हल करें,CRITICAL
hamare area mein problem hai ki drainage ki cleaning chahiye please ise resolve karein,MEDIUM
main report karna chahta hoon ki drinking water contaminated hai please ise resolve karein,CRITICAL
मैं शिकायत करना चाहता हूं कि कूड़ा उठाने की व्यवस्था नियमित नहीं है हमारे इलाके में,MEDIUM
"mere ghar ke paas, park railing ki repair chahiye kai dino se",LOW
I want to report that people are drinking contaminated water for many days,CRITICAL
"कृपया कार्रवाई करें, एक कूड़ेदान खराब है और लोगों को परेशानी हो रही है",LOW
"please help, residential area ke paas gas leak ho rahi hai",CRITICAL
footpath mein chhota crack hai aur residents ko problem ho rahi hai,LOW
water supply is irregular for many days,MEDIUM
"mere ghar ke paas, footpath mein chhota crack hai please ise resolve karein",LOW
main report karna chahta hoon ki log contaminated water pee rahe hain please ise resolve karein,CRITICAL
exposed electric wire on the road,CRITICAL
there is a problem where children are exposed to an open manhole please resolve this,CRITICAL
"please take action, fire emergency in a government building please resolve this",CRITICAL
"hamare locality mein, children open manhole ke danger mein hain aur residents ko problem ho rahi hai",CRITICAL
"हमारे इलाके में, खतरनाक बिजली का खंभा गिरने वाला है",CRITICAL
"मेरे घर के पास, रिहायशी इमारतों के पास कूड़ा जमा हो रहा है कृपया कार्रवाई करें",HIGH
there is no wter supply in our locality please take action,HIGH
"please take action, garbage bin is overflowing occasionally and residents are facing problems",MEDIUM
मैं शिकायत करना चाहता हूं कि कूड़ेदान कभी-कभी भर जाता है और लोगों को परेशानी हो रही है,MEDIUM
"near my house, toilet is dirty and unusable please resolve this",HIGH
"please help, garbage bin is overflowing occasionally and residents are facing problems",MEDIUM
main report karna chahta hoon ki name board kharab hai please ise resolve karein,LOW
"please help, garbage bin kabhi kabhi overflow ho jata hai kai dino se",MEDIUM
there is a problem where live electric wire has fallen onto the street for many days,CRITICAL
"हमारे इलाके में, पार्क के गेट की छोटी मरम्मत करनी है हमारे इलाके में",LOW
tolet is dirty and unusable and residents are facing problems,HIGH
"in our locality, sewage water is overflowing on the main road in our area",CRITICAL
हमारे इलाके में समस्या है कि टॉयलेट गंदा है और इस्तेमाल करने लायक नहीं है और लोगों को परेशानी हो रही है,HIGH
"mere ghar ke paas, residential area ke paas gas leak ho rahi hai aur residents ko problem ho rahi hai",CRITICAL
"हमारे इलाके में, मुख्य सड़क पर सीवेज का पानी बह रहा है हमारे इलाके में",CRITICAL
"near my house, public bench is old",LOW
"please help, footpath mein chhota crack hai kai dino se",LOW
"हमारे इलाके में, सरकारी इमारत में आग लगने की आपात स्थिति है कई दिनों से",CRITICAL
"please action lein, park ki bench ko paint karna hai hamare area mein",LOW
I want to report that no drinking wter is available in the area,HIGH
मैं शिकायत करना चाहता हूं कि मेरे घर के पास स्ट्रीट लाइट काम नहीं कर रही है कृपया इसे जल्द हल करें,MEDIUM
"कृपया कार्रवाई करें, सार्वजनिक टॉयलेट कई दिनों से इस्तेमाल नहीं हो रहा है और लोगों को परेशानी हो रही है",HIGH
"please take action, street sign is faded please take action",LOW
पार्क के गेट की छोटी मरम्मत करनी है और लोगों को परेशानी हो रही है,LOW
large potholes ki wajah se vehicles ko problem ho rahi hai please action lein,HIGH
मैं शिकायत करना चाहता हूं कि फुटपाथ में छोटी दरार है,LOW
main report karna chahta hoon ki toilet dirty hai aur use nahi ho sakta hamare area mein,HIGH
"please help, fire emergency in a government building for many days",CRITICAL
"hamare locality mein, scholarshp application ka status update nahi hua kai dino se",MEDIUM
main report karna chahta hoon ki hamare area mein koi street light kaam nahi kar rahi hai please action lein,HIGH
"please take action, open manhole near a school for many days",CRITICAL
I want to report that drainage needs cleaning for many days,MEDIUM
garbge has not been collected for many days,HIGH
"कृपया कार्रवाई करें, फुटपाथ में छोटी दरार है हमारे इलाके में",LOW
"कृपया मदद करें, लोग दूषित पानी पी रहे हैं कई दिनों से",CRITICAL
large pothoels are causing problems for vehicles in our area,HIGH
मैं शिकायत करना चाहता हूं कि सड़क पूरी तरह खराब हो गई है कृपया इसे जल्द हल करें,HIGH
park railing ki repair chahiye hamare area mein,LOW
there is a problem where park gate needs minor repair and residents are facing problems,LOW
there is a problem where road has several small cracks in our area,MEDIUM
there is a problem where scholarship has not been released please take action,HIGH
"in our locality, there is no water supply in our locality for many days",HIGH
"hamare locality mein, live electric wire street par gir gaya hai aur residents ko problem ho rahi hai",CRITICAL
"mere ghar ke paas, hamare locality mein water supply nahi hai aur residents ko problem ho rahi hai",HIGH
हमारे इलाके में समस्या है कि एक कूड़ेदान खराब है हमारे इलाके में,LOW
"मेरे घर के पास, सार्वजनिक टॉयलेट की मरम्मत करनी है कई दिनों से",MEDIUM
"please action lein, hamare locality mein water supply nahi hai please ise resolve karein",HIGH
"hamare locality mein, ek dustbin kharab hai please ise resolve karein",LOW
"मेरे घर के पास, रिहायशी इलाके के पास गैस लीक हो रही है हमारे इलाके में",CRITICAL
"please take action, sewage water is overflowing on the main road please resolve this",CRITICAL
"कृपया कार्रवाई करें, टॉयलेट का दरवाजा टूटा हुआ है",MEDIUM
scholarship application status is not updated,MEDIUM
"mere ghar ke paas, dangerous electric pole girne wala hai hamare area mein",CRITICAL
I want to report that park wall needs painting please take action,LOW
"कृपया मदद करें, एक कूड़ेदान खराब है कृपया इसे जल्द हल करें",LOW
"please action lein, road par exposed electric wire pada hai hamare area mein",CRITICAL
"हमारे इलाके में, पार्क की बेंच पर पेंट करने की जरूरत है कृपया कार्रवाई करें",LOW
"near my house, name board is damaged for many days",LOW
"मेरे घर के पास, मुख्य सड़क पर सीवेज का पानी बह रहा है कई दिनों से",CRITICAL
"hamare locality mein, water supply regular nahi hai please ise resolve karein",MEDIUM
"hamare locality mein, footpath mein chhota crack hai",LOW
हमारे इलाके में समस्या है कि लोग दूषित पानी पी रहे हैं कृपया इसे जल्द हल करें,CRITICAL
"मेरे घर के पास, पार्क की दीवार पर पेंट करने की जरूरत है",LOW
"मेरे घर के पास, सड़क पर बिजली का खुला तार पड़ा है और लोगों को परेशानी हो रही है",CRITICAL
hamare area mein problem hai ki public bench purani hai please action lein,LOW
"near my house, roaad has several small cracks and residents are facing problems",MEDIUM
"please take action, dangerous electric pole is about to fall for many days",CRITICAL
एक कूड़ेदान खराब है,LOW
"hamare locality mein, park gate ki minor repair chahiye hamare area mein",LOW
hamare area mein problem hai ki road par exposed electric wire pada hai please action lein,CRITICAL
there is a problem where park lights are not working properly please resolve this,MEDIUM
"कृपया मदद करें, इलाके में पीने का पानी उपलब्ध नहीं है कृपया कार्रवाई करें",HIGH
मैं शिकायत करना चाहता हूं कि खराब सड़क के कारण बड़ा हादसा हुआ है और लोगों को परेशानी हो रही है,CRITICAL
"हमारे इलाके में, सार्वजनिक बेंच पुरानी है कृपया कार्रवाई करें",LOW
सार्वजनिक इमारत में आग लगी है,CRITICAL
फुटपाथ में छोटी दरार है,LOW
"mere ghar ke paas, park gate ki minor repair chahiye please ise resolve karein",LOW
strete sign faded ho gaya hai hamare area mein,LOW
"near my house, fire in a public building please take action",CRITICAL
"mere ghar ke paas, roaad completely damaged ho gayi hai",HIGH
"हमारे इलाके में, मेरे घर के पास स्ट्रीट लाइट काम नहीं कर रही है कृपया कार्रवाई करें",MEDIUM
"हमारे इलाके में, सार्वजनिक इमारत में आग लगी है कई दिनों से",CRITICAL
hamare area mein problem hai ki road par kai small cracks hain please action lein,MEDIUM
there is a problem where footpath has a small crack,LOW
"near my house, public bench is old",LOW
hamare area mein problem hai ki large potholes ki wajah se vehicles ko problem ho rahi hai please action lein,HIGH
main report karna chahta hoon ki wter supply regular nahi hai,MEDIUM
no street light is working in our area and residents are facing problems,HIGH
"कृपया मदद करें, सार्वजनिक शौचालय बहुत गंदा है कृपया कार्रवाई करें",HIGH
I want to report that fire emergency in a government building please resolve this,CRITICAL
"near my house, water supply is irregular in our area",MEDIUM
hamare area mein koi street light kaam nahi kar rahi hai kai dino se,HIGH
मैं शिकायत करना चाहता हूं कि सड़क पर बिजली का खुला तार पड़ा है कई दिनों से,CRITICAL
"कृपया कार्रवाई करें, पार्क के गेट की छोटी मरम्मत करनी है और लोगों को परेशानी हो रही है",LOW
there is a problem where public toilet needs repair in our area,MEDIUM
one dustbin is damaged please resolve this,LOW
"please take action, footpath has a small crack please resolve this",LOW
हमारे इलाके में समस्या है कि हमारे इलाके में कोई भी स्ट्रीट लाइट काम नहीं कर रही है और लोगों को परेशानी हो रही है,HIGH
there is a problem where scholarship application status is not updated please resolve this,MEDIUM
"please help, dangerous electric pole girne wala hai aur residents ko problem ho rahi hai",CRITICAL
there is a problem where tolet is dirty and unusable in our area,HIGH
"please help, garbage has not been collected for many days please resolve this",HIGH
I want to report that name board is damaged please take action,LOW
"in our locality, park gate needs minor repair",LOW
बच्चे खुले मैनहोल के खतरे में हैं कृपया कार्रवाई करें,CRITICAL
"please help, stret sign is faded and residents are facing problems",LOW
"mere ghar ke paas, hamare locality mein watr supply nahi hai",HIGH
हमारे इलाके में समस्या है कि नाम का बोर्ड खराब है और लोगों को परेशानी हो रही है,LOW
"please take action, name board is damaged and residents are facing problems",LOW
main report karna chahta hoon ki footpath mein chhota crack hai please action lein,LOW
बच्चे खुले मैनहोल के खतरे में हैं और लोगों को परेशानी हो रही है,CRITICAL
I want to report that dangerous electric pole is about to fall and residents are facing problems,CRITICAL
main report karna chahta hoon ki park gate ki minor repair chahiye kai dino se,LOW
"please help, many potholes are present on the main road and residents are facing problems",HIGH
street sign faded ho gaya hai please ise resolve karein,LOW
"near my house, park bench needs painting please resolve this",LOW
"mere ghar ke paas, public building mein fire lagi hai aur residents ko problem ho rahi hai",CRITICAL
"कृपया कार्रवाई करें, टॉयलेट गंदा है और इस्तेमाल करने लायक नहीं है और लोगों को परेशानी हो रही है",HIGH
I want to report that there is no wter supply in our locality please take action,HIGH
मैं शिकायत करना चाहता हूं कि सड़क पर बिजली का खुला तार पड़ा है हमारे इलाके में,CRITICAL
"in our locality, fire in a public building please take action",CRITICAL
I want to report that there is no wter supply in our locality please resolve this,HIGH
hamare locality mein watr supply nahi hai hamare area mein,HIGH
name board kharab hai,LOW
main report karna chahta hoon ki public toilet ki repair chahiye please action lein,MEDIUM
drainage ki cleaning chahiye aur residents ko problem ho rahi hai,MEDIUM
mere ghar ke paas street light kaam nahi kar rahi hai kai dino se,MEDIUM
हमारे इलाके में समस्या है कि मुख्य सड़क पर बहुत सारे गड्ढे हैं कृपया कार्रवाई करें,HIGH
"hamare locality mein, main rod par sewage water overflow ho raha hai kai dino se",CRITICAL
"मेरे घर के पास, टॉयलेट का दरवाजा टूटा हुआ है कृपया कार्रवाई करें",MEDIUM
"please help, park railing needs repair please take action",LOW
"near my house, park gate needs minor repair and residents are facing problems",LOW
hamare area mein problem hai ki road completely damaged ho gayi hai hamare area mein,HIGH
main report karna chahta hoon ki mere ghar ke paas street light kaam nahi kar rahi hai hamare area mein,MEDIUM
large potholes ki wajah se vehicles ko problem ho rahi hai please action lein,HIGH
"please action lein, residential area ke paas gas leak ho rahi hai aur residents ko problem ho rahi hai",CRITICAL
"in our locality, one dustbin is damaged in our area",LOW
"मेरे घर के पास, पार्क के गेट की छोटी मरम्मत करनी है कई दिनों से",LOW
हमारे इलाके में समस्या है कि सार्वजनिक टॉयलेट की मरम्मत करनी है कई दिनों से,MEDIUM
"near my house, there is no water supply in our locality in our area",HIGH
I want to report that sewage water is overflowing on the main road and residents are facing problems,CRITICAL
"please take action, major accident caused by damaged road in our area",CRITICAL
मैं शिकायत करना चाहता हूं कि बच्चे खुले मैनहोल के खतरे में हैं कृपया इसे जल्द हल करें,CRITICAL
"कृपया कार्रवाई करें, पार्क की लाइट ठीक से काम नहीं कर रही है",MEDIUM
hamare area mein problem hai ki name board kharab hai please ise resolve karein,LOW
main report karna chahta hoon ki hamare area mein koi street light kaam nahi kar rahi hai,HIGH
"mere ghar ke paas, roaad par kai small cracks hain please ise resolve karein",MEDIUM
hamare area mein problem hai ki garbej bin kabhi kabhi overflow ho jata hai kai dino se,MEDIUM
"mere ghar ke paas, public bench purani hai kai dino se",LOW
"please help, park lights properly kaam nahi kar rahi hain hamare area mein",MEDIUM
sewage water is overflowing on the main road for many days,CRITICAL
I want to report that fire emergency in a government building,CRITICAL
"please take action, street light near my house is not working please take action",MEDIUM
"please help, major accident caused by damaged rod",CRITICAL
drainage needs cleaning please resolve this,MEDIUM
"कृपया मदद करें, सड़क पर बिजली का खुला तार पड़ा है कृपया इसे जल्द हल करें",CRITICAL
"please help, one dustbin is damaged and residents are facing problems",LOW
there is a problem where open manhole near a school in our area,CRITICAL
there is a problem where street ligt is flickering in our area,MEDIUM
"near my house, park lights are not working properly please resolve this",MEDIUM
"मेरे घर के पास, रिहायशी इमारतों के पास कूड़ा जमा हो रहा है हमारे इलाके में",HIGH
हमारे इलाके में समस्या है कि बड़े गड्ढों के कारण वाहनों को परेशानी हो रही है,HIGH
"hamare locality mein, park railing ki repair chahiye aur residents ko problem ho rahi hai",LOW
हमारे इलाके में समस्या है कि स्कूल के पास खुला मैनहोल है हमारे इलाके में,CRITICAL
"कृपया मदद करें, पार्क की रेलिंग की मरम्मत करनी है",LOW
"please take action, name board is damaged please resolve this",LOW
"hamare locality mein, park railing ki repair chahiye aur residents ko problem ho rahi hai",LOW
main report karna chahta hoon ki live electric wire street par gir gaya hai hamare area mein,CRITICAL
"कृपया मदद करें, खतरनाक बिजली का खंभा गिरने वाला है कई दिनों से",CRITICAL
"please action lein, public bench purani hai",LOW
"please action lein, mere ghar ke paas street light kaam nahi kar rahi hai please ise resolve karein",MEDIUM
हमारे इलाके में समस्या है कि लोग दूषित पानी पी रहे हैं,CRITICAL
"कृपया मदद करें, पीने का पानी दूषित है और लोगों को परेशानी हो रही है",CRITICAL
"near my house, fire in a public building",CRITICAL
"please help, garbage is piling up near residential buildings please resolve this",HIGH
"कृपया कार्रवाई करें, घरों के पास सीवेज का पानी बह रहा है हमारे इलाके में",HIGH
हमारे इलाके में समस्या है कि पार्क के गेट की छोटी मरम्मत करनी है कृपया कार्रवाई करें,LOW
"in our locality, street sign is faded please take action",LOW
"कृपया मदद करें, सार्वजनिक बेंच पुरानी है हमारे इलाके में",LOW
there is a problem where footpath has a small crack please take action,LOW
"please help, children open manhole ke danger mein hain aur residents ko problem ho rahi hai",CRITICAL
"mere ghar ke paas, garbge collection regular nahi hai kai dino se",MEDIUM
"in our locality, park lights are not working properly for many days",MEDIUM
मैं शिकायत करना चाहता हूं कि सार्वजनिक बेंच पुरानी है कृपया कार्रवाई करें,LOW
hamare area mein problem hai ki garbage bin kabhi kabhi overflow ho jata hai please ise resolve karein,MEDIUM
हमारे इलाके में समस्या है कि पार्क की दीवार पर पेंट करने की जरूरत है कृपया कार्रवाई करें,LOW
"mere ghar ke paas, park ki bench ko paint karna hai",LOW
"हमारे इलाके में, फुटपाथ में छोटी दरार है",LOW
"मेरे घर के पास, नाम का बोर्ड खराब है कृपया कार्रवाई करें",LOW
"please take action, gas leak near residential area for many days",CRITICAL
main report karna chahta hoon ki public toilet kai dino se unusable hai please action lein,HIGH
हमारे इलाके में समस्या है कि बच्चे खुले मैनहोल के खतरे में हैं कई दिनों से,CRITICAL
there is a problem where park wall needs painting and residents are facing problems,LOW
main report karna chahta hoon ki hamare area mein koi street light kaam nahi kar rahi hai,HIGH
public bench is old and residents are facing problems,LOW
name board is damaged please resolve this,LOW
"कृपया मदद करें, सार्वजनिक बेंच पुरानी है कृपया कार्रवाई करें",LOW
मैं शिकायत करना चाहता हूं कि फुटपाथ में छोटी दरार है,LOW
"hamare locality mein, drain partially blocked hai kai dino se",MEDIUM
सार्वजनिक शौचालय बहुत गंदा है हमारे इलाके में,HIGH
"मेरे घर के पास, पार्क की दीवार पर पेंट करने की जरूरत है",LOW
main report karna chahta hoon ki roaad par exposed electric wire pada hai kai dino se,CRITICAL
हमारे इलाके में समस्या है कि रिहायशी इलाके के पास गैस लीक हो रही है,CRITICAL
"कृपया मदद करें, मुख्य सड़क बहुत खराब हो गई है कृपया इसे जल्द हल करें",HIGH
"hamare locality mein, large potholes ki wajah se vehicles ko problem ho rahi hai please ise resolve karein",HIGH
"please action lein, road par exposed electric wire pada hai please ise resolve karein",CRITICAL
"हमारे इलाके में, सड़क पर कई छोटी दरारें हैं कई दिनों से",MEDIUM
I want to report that sewage is overflowing near houses please resolve this,HIGH
"please help, residential area ke paas gas leak ho rahi hai aur residents ko problem ho rahi hai",CRITICAL
there is a problem where sewage wter is overflowing on the main road please take action,CRITICAL
there is a problem where garbej bin is overflowing occasionally please take action,MEDIUM
main report karna chahta hoon ki public toilet kai dino se unusable hai kai dino se,HIGH
"please help, public washroom bahut dirty hai kai dino se",HIGH
"please action lein, road par exposed electric wire pada hai hamare area mein",CRITICAL
"please help, residential buildings ke paas garbage pile ho raha hai",HIGH
"mere ghar ke paas, water supply regular nahi hai please ise resolve karein",MEDIUM
"hamare locality mein, schoship release nahi hui hai",HIGH
hamare area mein problem hai ki park ki bench ko paint karna hai please action lein,LOW
"please help, children open manhole ke danger mein hain aur residents ko problem ho rahi hai",CRITICAL
"in our locality, gas leak near residential area and residents are facing problems",CRITICAL
सार्वजनिक बेंच पुरानी है,LOW
"near my house, there is no water supply in our locality in our area",HIGH
"near my house, public tolet needs repair and residents are facing problems",MEDIUM
"please take action, garbage bin is overflowing occasionally for many days",MEDIUM
hamare area mein problem hai ki hamare locality mein water supply nahi hai hamare area mein,HIGH
"hamare locality mein, road completely damaged ho gayi hai aur residents ko problem ho rahi hai",HIGH
road par kai small cracks hain hamare area mein,MEDIUM
"mere ghar ke paas, public bench purani hai aur residents ko problem ho rahi hai",LOW
हमारे इलाके में समस्या है कि एक कूड़ेदान खराब है हमारे इलाके में,LOW
I want to report that open manhole near a school please take action,CRITICAL
there is a problem where fire emergency in a government building please resolve this,CRITICAL
हमारे इलाके में समस्या है कि खतरनाक बिजली का खंभा गिरने वाला है हमारे इलाके में,CRITICAL
main report karna chahta hoon ki road par kai small cracks hain please action lein,MEDIUM
"कृपया मदद करें, खतरनाक बिजली का खंभा गिरने वाला है कृपया कार्रवाई करें",CRITICAL
"कृपया कार्रवाई करें, हमारे इलाके में कोई भी स्ट्रीट लाइट काम नहीं कर रही है कई दिनों से",HIGH
"कृपया मदद करें, कूड़ा उठाने की व्यवस्था नियमित नहीं है और लोगों को परेशानी हो रही है",MEDIUM
हमारे इलाके में समस्या है कि फुटपाथ में छोटी दरार है और लोगों को परेशानी हो रही है,LOW
"कृपया मदद करें, पार्क की बेंच पर पेंट करने की जरूरत है और लोगों को परेशानी हो रही है",LOW
main report karna chahta hoon ki hamare area mein koi street light kaam nahi kar rahi hai please action lein,HIGH
"hamare locality mein, street sign faded ho gaya hai please action lein",LOW
garbage has not been collected for many days for many days,HIGH
hamare area mein problem hai ki scholrship release nahi hui hai aur residents ko problem ho rahi hai,HIGH
"हमारे इलाके में, फुटपाथ में छोटी दरार है कृपया कार्रवाई करें",LOW
water supply is irregular please take action,MEDIUM
"please take action, public washroom is very dirty in our area",HIGH
"please take action, fire in a public building for many days",CRITICAL
scholarship application status is not updated in our area,MEDIUM
"कृपया मदद करें, मुख्य सड़क बहुत खराब हो गई है हमारे इलाके में",HIGH
"hamare locality mein, drain partially blocked hai aur residents ko problem ho rahi hai",MEDIUM
hamare area mein problem hai ki roaad par kai small cracks hain aur residents ko problem ho rahi hai,MEDIUM
"कृपया मदद करें, टॉयलेट का दरवाजा टूटा हुआ है हमारे इलाके में",MEDIUM
"hamare locality mein, water supply regular nahi hai please action lein",MEDIUM
"please action lein, damaged road ki wajah se major accident hua hai please ise resolve karein",CRITICAL
"in our locality, large potholes are causing problems for vehicles please resolve this",HIGH
मैं शिकायत करना चाहता हूं कि सार्वजनिक शौचालय बहुत गंदा है कई दिनों से,HIGH
"कृपया कार्रवाई करें, पार्क की लाइट ठीक से काम नहीं कर रही है",MEDIUM
"in our locality, garbge bin is overflowing occasionally please resolve this",MEDIUM
there is a problem where drainage needs cleaning in our area,MEDIUM
there is a problem where park gate needs minor repair in our area,LOW
hamare area mein problem hai ki children open manhole ke danger mein hain aur residents ko problem ho rahi hai,CRITICAL
"हमारे इलाके में, सार्वजनिक टॉयलेट कई दिनों से इस्तेमाल नहीं हो रहा है और लोगों को परेशानी हो रही है",HIGH
there is a problem where many potholes are present on the main rod please resolve this,HIGH
"please help, exposed electric wire on the road for many days",CRITICAL
"कृपया मदद करें, बच्चे खुले मैनहोल के खतरे में हैं और लोगों को परेशानी हो रही है",CRITICAL
एक कूड़ेदान खराब है हमारे इलाके में,LOW
"please take action, name board is damaged in our area",LOW
स्कॉलरशिप जारी नहीं हुई है और लोगों को परेशानी हो रही है,HIGH
I want to report that public toilet needs repair please take action,MEDIUM
"in our locality, many potholes are present on the main road please take action",HIGH
"mere ghar ke paas, park ki bench ko paint karna hai",LOW
"हमारे इलाके में, सार्वजनिक टॉयलेट कई दिनों से इस्तेमाल नहीं हो रहा है",HIGH
main report karna chahta hoon ki ek dustbin kharab hai aur residents ko problem ho rahi hai,LOW
"hamare locality mein, log contaminated watr pee rahe hain hamare area mein",CRITICAL
hamare area mein problem hai ki damaged road ki wajah se major accident hua hai hamare area mein,CRITICAL
main report karna chahta hoon ki wter supply regular nahi hai hamare area mein,MEDIUM
"mere ghar ke paas, park gate ki minor repair chahiye please ise resolve karein",LOW
"कृपया कार्रवाई करें, बड़े गड्ढों के कारण वाहनों को परेशानी हो रही है और लोगों को परेशानी हो रही है",HIGH
there is a problem where gas leak near residential area and residents are facing problems,CRITICAL
"please take action, gas leak near residential area for many days",CRITICAL
"mere ghar ke paas, street ligt flicker kar rahi hai kai dino se",MEDIUM
hamare area mein problem hai ki government building mein fire emergency hai hamare area mein,CRITICAL
there is a problem where no drinking water is available in the area and residents are facing problems,HIGH
"near my house, park lights are not working properly please take action",MEDIUM
"कृपया कार्रवाई करें, स्कॉलरशिप जारी नहीं हुई है कृपया कार्रवाई करें",HIGH
there is a problem where park railing needs repair and residents are facing problems,LOW
"near my house, park gate needs minor repair and residents are facing problems",LOW
"कृपया कार्रवाई करें, लोग दूषित पानी पी रहे हैं कई दिनों से",CRITICAL
main report karna chahta hoon ki park ki wall ko paint karna hai hamare area mein,LOW
"mere ghar ke paas, drainage ki cleaning chahiye please ise resolve karein",MEDIUM
public washroom bahut dirty hai,HIGH
"hamare locality mein, mere ghar ke paas street light kaam nahi kar rahi hai kai dino se",MEDIUM
"please action lein, ek dustbin kharab hai kai dino se",LOW
"please action lein, main road par sewage water overflow ho raha hai please action lein",CRITICAL
park railing ki repair chahiye aur residents ko problem ho rahi hai,LOW
I want to report that toilet door is broken for many days,MEDIUM
"please take action, drinking water is contaminated and residents are facing problems",CRITICAL
main road par sewage watr overflow ho raha hai please action lein,CRITICAL
"in our locality, major accident caused by damaged road please take action",CRITICAL
hamare area mein problem hai ki toilet dirty hai aur use nahi ho sakta aur residents ko problem ho rahi hai,HIGH
water supply regular nahi hai please action lein,MEDIUM
"please action lein, damaged rod ki wajah se major accident hua hai please action lein",CRITICAL
"please help, park lights are not working properly in our area",MEDIUM
hamare area mein problem hai ki houses ke paas sewage overflow ho raha hai aur residents ko problem ho rahi hai,HIGH
"please help, live electric wire has fallen onto the street please take action",CRITICAL
"please action lein, water supply regular nahi hai please action lein",MEDIUM
"mere ghar ke paas, drain partially blocked hai aur residents ko problem ho rahi hai",MEDIUM
हमारे इलाके में पानी की सप्लाई नहीं है और लोगों को परेशानी हो रही है,HIGH
hamare area mein problem hai ki main road badly damaged hai kai dino se,HIGH
I want to report that rod is completely damaged for many days,HIGH
"in our locality, public bench is old",LOW
"in our locality, park railing needs repair",LOW
"please help, kai dino se garbage collect nahi hua hai please action lein",HIGH
"in our locality, fire emergency in a government building for many days",CRITICAL
"mere ghar ke paas, park gate ki minor repair chahiye aur residents ko problem ho rahi hai",LOW
public bench purani hai hamare area mein,LOW
I want to report that street light is flickering please resolve this,MEDIUM
park lights are not working properly in our area,MEDIUM
"please action lein, park railing ki repair chahiye hamare area mein",LOW
hamare area mein problem hai ki garbage bin kabhi kabhi overflow ho jata hai aur residents ko problem ho rahi hai,MEDIUM
"हमारे इलाके में, सड़क का साइन बोर्ड धुंधला है कृपया कार्रवाई करें",LOW
"कृपया कार्रवाई करें, स्ट्रीट लाइट बार-बार झपक रही है हमारे इलाके में",MEDIUM
toilet door is broken in our area,MEDIUM
मैं शिकायत करना चाहता हूं कि सार्वजनिक शौचालय बहुत गंदा है कृपया इसे जल्द हल करें,HIGH
"कृपया कार्रवाई करें, नाम का बोर्ड खराब है और लोगों को परेशानी हो रही है",LOW
सड़क पर कई छोटी दरारें हैं हमारे इलाके में,MEDIUM
"please take action, live electric wire has fallen onto the street please take action",CRITICAL
main report karna chahta hoon ki name board kharab hai,LOW
"please action lein, drinking water contaminated hai kai dino se",CRITICAL
हमारे इलाके में समस्या है कि स्कॉलरशिप जारी नहीं हुई है,HIGH
पानी की सप्लाई नियमित नहीं है,MEDIUM
"कृपया मदद करें, रिहायशी इलाके के पास गैस लीक हो रही है कृपया इसे जल्द हल करें",CRITICAL
large potholes ki wajah se vehicles ko problem ho rahi hai please ise resolve karein,HIGH
हमारे इलाके में समस्या है कि सड़क पर कई छोटी दरारें हैं और लोगों को परेशानी हो रही है,MEDIUM
"कृपया कार्रवाई करें, टॉयलेट का दरवाजा टूटा हुआ है कृपया कार्रवाई करें",MEDIUM
"please action lein, government building mein fire emergency hai hamare area mein",CRITICAL
"हमारे इलाके में, इलाके में पीने का पानी उपलब्ध नहीं है और लोगों को परेशानी हो रही है",HIGH
"mere ghar ke paas, public bench purani hai please action lein",LOW
"please action lein, dangerous electric pole girne wala hai kai dino se",CRITICAL
"please action lein, dangerous electric pole girne wala hai aur residents ko problem ho rahi hai",CRITICAL
name board is damaged please resolve this,LOW
"near my house, drain is partially blocked and residents are facing problems",MEDIUM
main report karna chahta hoon ki public building mein fire lagi hai hamare area mein,CRITICAL
टॉयलेट गंदा है और इस्तेमाल करने लायक नहीं है कृपया इसे जल्द हल करें,HIGH
"please action lein, toilet dirty hai aur use nahi ho sakta kai dino se",HIGH
I want to report that public toilt needs repair please resolve this,MEDIUM
"please action lein, live electric wire street par gir gaya hai aur residents ko problem ho rahi hai",CRITICAL
मैं शिकायत करना चाहता हूं कि पीने का पानी दूषित है और लोगों को परेशानी हो रही है,CRITICAL
"कृपया कार्रवाई करें, स्ट्रीट लाइट बार-बार झपक रही है कई दिनों से",MEDIUM
I want to report that drinking water is contaminated please resolve this,CRITICAL
"please action lein, public building mein fire lagi hai please ise resolve karein",CRITICAL
"कृपया मदद करें, एक कूड़ेदान खराब है हमारे इलाके में",LOW
"near my house, garbage bin is overflowing occasionally please take action",MEDIUM
"please take action, road has several small cracks and residents are facing problems",MEDIUM
"hamare locality mein, government building mein fire emergency hai aur residents ko problem ho rahi hai",CRITICAL
"please help, public bench is old for many days",LOW
I want to report that main road is badly damaged please take action,HIGH
I want to report that drinking water is contaminated and residents are facing problems,CRITICAL
"near my house, one dustbin is damaged for many days",LOW
"please help, exposed electric wire on the road for many days",CRITICAL
"हमारे इलाके में, बिजली का चालू तार सड़क पर गिर गया है और लोगों को परेशानी हो रही है",CRITICAL
"कृपया कार्रवाई करें, सार्वजनिक शौचालय बहुत गंदा है कई दिनों से",HIGH
"hamare locality mein, main road badly damaged hai kai dino se",HIGH
"hamare locality mein, garbej bin kabhi kabhi overflow ho jata hai kai dino se",MEDIUM
"कृपया मदद करें, इलाके में पीने का पानी उपलब्ध नहीं है कृपया कार्रवाई करें",HIGH
main report karna chahta hoon ki residential buildings ke paas garbage pile ho raha hai please action lein,HIGH
"near my house, drain is partially blocked in our area",MEDIUM
hamare area mein problem hai ki park lights properly kaam nahi kar rahi hain,MEDIUM
"mere ghar ke paas, damaged road ki wajah se major accident hua hai hamare area mein",CRITICAL
मैं शिकायत करना चाहता हूं कि मुख्य सड़क पर बहुत सारे गड्ढे हैं हमारे इलाके में,HIGH
"please help, public washroom is very dirty for many days",HIGH
"hamare locality mein, park railing ki repair chahiye hamare area mein",LOW
"near my house, public bench is old for many days",LOW
"in our locality, park gate needs minor repair please resolve this",LOW
"मेरे घर के पास, पानी की सप्लाई नियमित नहीं है हमारे इलाके में",MEDIUM
"please help, garbge has not been collected for many days for many days",HIGH
"please help, public bench is old and residents are facing problems",LOW
main report karna chahta hoon ki name board kharab hai please action lein,LOW
"please action lein, park gate ki minor repair chahiye aur residents ko problem ho rahi hai",LOW
hamare area mein problem hai ki residential buildings ke paas garbage pile ho raha hai aur residents ko problem ho rahi hai,HIGH
हमारे इलाके में समस्या है कि खराब सड़क के कारण बड़ा हादसा हुआ है कई दिनों से,CRITICAL
"कृपया मदद करें, पार्क की लाइट ठीक से काम नहीं कर रही है हमारे इलाके में",MEDIUM
"near my house, garbej collection is irregular for many days",MEDIUM
"कृपया मदद करें, पार्क की दीवार पर पेंट करने की जरूरत है कृपया इसे जल्द हल करें",LOW
there is a problem where tolet is dirty and unusable in our area,HIGH
"please help, park railing needs repair",LOW
I want to report that dangerous electric pole is about to fall,CRITICAL
"please help, footpath has a small crack",LOW
"मेरे घर के पास, पार्क के गेट की छोटी मरम्मत करनी है और लोगों को परेशानी हो रही है",LOW
"near my house, toilet door is broken please take action",MEDIUM
"मेरे घर के पास, सार्वजनिक बेंच पुरानी है हमारे इलाके में",LOW
हमारे इलाके में समस्या है कि कूड़ा उठाने की व्यवस्था नियमित नहीं है कृपया इसे जल्द हल करें,MEDIUM
"please take action, strete sign is faded",LOW
"in our locality, water supply is irregular in our area",MEDIUM
"mere ghar ke paas, street light flicker kar rahi hai aur residents ko problem ho rahi hai",MEDIUM
मैं शिकायत करना चाहता हूं कि पार्क के गेट की छोटी मरम्मत करनी है कृपया इसे जल्द हल करें,LOW
"please help, street light flicker kar rahi hai kai dino se",MEDIUM
"please action lein, ek dustbin kharab hai hamare area mein",LOW
"please help, garbage bin kabhi kabhi overflow ho jata hai aur residents ko problem ho rahi hai",MEDIUM
"hamare locality mein, park ki wall ko paint karna hai",LOW
"in our locality, no street light is working in our area in our area",HIGH
"मेरे घर के पास, रिहायशी इलाके के पास गैस लीक हो रही है कई दिनों से",CRITICAL
"in our locality, name board is damaged please take action",LOW
main report karna chahta hoon ki garbage collection regular nahi hai please ise resolve karein,MEDIUM
"hamare locality mein, park ki bench ko paint karna hai please ise resolve karein",LOW
"mere ghar ke paas, water supply regular nahi hai kai dino se",MEDIUM
"in our locality, no street light is working in our area please take action",HIGH
"mere ghar ke paas, public washroom bahut dirty hai please ise resolve karein",HIGH
exposed electric wire on the road for many days,CRITICAL
"please help, large pothoels ki wajah se vehicles ko problem ho rahi hai please action lein",HIGH
live electric wire has fallen onto the street and residents are facing problems,CRITICAL
I want to report that scholarship has not been released in our area,HIGH
there is a problem where park railing needs repair,LOW
"hamare locality mein, public tolet ki repair chahiye kai dino se",MEDIUM
hamare area mein problem hai ki road par kai small cracks hain,MEDIUM
हमारे इलाके में समस्या है कि हमारे इलाके में कोई भी स्ट्रीट लाइट काम नहीं कर रही है और लोगों को परेशानी हो रही है,HIGH
there is a problem where fire in a public building please take action,CRITICAL
"please help, garbge bin is overflowing occasionally and residents are facing problems",MEDIUM
मैं शिकायत करना चाहता हूं कि बिजली का चालू तार सड़क पर गिर गया है कई दिनों से,CRITICAL
"कृपया मदद करें, मुख्य सड़क पर सीवेज का पानी बह रहा है कृपया इसे जल्द हल करें",CRITICAL
hamare area mein problem hai ki residential buildings ke paas garbej pile ho raha hai aur residents ko problem ho rahi hai,HIGH
"mere ghar ke paas, scholarshp release nahi hui hai aur residents ko problem ho rahi hai",HIGH
I want to report that road has several small cracks in our area,MEDIUM
"please help, park railing ki repair chahiye hamare area mein",LOW
मैं शिकायत करना चाहता हूं कि फुटपाथ में छोटी दरार है कृपया इसे जल्द हल करें,LOW
"near my house, public toilet has been unusable for several days please resolve this",HIGH
I want to report that dangerous electric pole is about to fall and residents are facing problems,CRITICAL
"in our locality, garbage bin is overflowing occasionally",MEDIUM
"please take action, sewage water is overflowing on the main rod in our area",CRITICAL
"please take action, drain is partially blocked for many days",MEDIUM
"कृपया मदद करें, टॉयलेट गंदा है और इस्तेमाल करने लायक नहीं है कृपया कार्रवाई करें",HIGH
"please action lein, large pothoels ki wajah se vehicles ko problem ho rahi hai",HIGH
I want to report that children are exposed to an open manhole please take action,CRITICAL
"मेरे घर के पास, पार्क की रेलिंग की मरम्मत करनी है कृपया कार्रवाई करें",LOW
"in our locality, one dustbin is damaged for many days",LOW
"mere ghar ke paas, live electric wire street par gir gaya hai aur residents ko problem ho rahi hai",CRITICAL
"please take action, public bench is old in our area",LOW
"near my house, toilet is dirty and unusable please take action",HIGH
"mere ghar ke paas, park railing ki repair chahiye aur residents ko problem ho rahi hai",LOW
I want to report that sewage is overflowing near houses please take action,HIGH
there is a problem where sewage is overflowing near houses and residents are facing problems,HIGH
"please take action, rod has several small cracks and residents are facing problems",MEDIUM
"mere ghar ke paas, scholarship release nahi hui hai",HIGH
"mere ghar ke paas, garbage collection regular nahi hai kai dino se",MEDIUM
"near my house, no street light is working in our area and residents are facing problems",HIGH
नाम का बोर्ड खराब है कृपया कार्रवाई करें,LOW
"कृपया मदद करें, सार्वजनिक टॉयलेट कई दिनों से इस्तेमाल नहीं हो रहा है हमारे इलाके में",HIGH
"हमारे इलाके में, बड़े गड्ढों के कारण वाहनों को परेशानी हो रही है हमारे इलाके में",HIGH
I want to report that park wall needs painting,LOW
हमारे इलाके में समस्या है कि पीने का पानी दूषित है हमारे इलाके में,CRITICAL
"मेरे घर के पास, पीने का पानी दूषित है और लोगों को परेशानी हो रही है",CRITICAL
"near my house, park bench needs painting in our area",LOW
"near my house, no street light is working in our area and residents are facing problems",HIGH
"please help, residential buildings ke paas garbage pile ho raha hai please ise resolve karein",HIGH
हमारे इलाके में समस्या है कि पार्क की दीवार पर पेंट करने की जरूरत है कई दिनों से,LOW
"मेरे घर के पास, सड़क पर कई छोटी दरारें हैं",MEDIUM
road par kai small cracks hain,MEDIUM
there is a problem where road is completely damaged please take action,HIGH
"please help, park ki bench ko paint karna hai please ise resolve karein",LOW
"please help, footpath has a small crack in our area",LOW
"मेरे घर के पास, सड़क का साइन बोर्ड धुंधला है कई दिनों से",LOW
"please action lein, hamare area mein koi street light kaam nahi kar rahi hai please ise resolve karein",HIGH
park wall needs painting,LOW
toilet is dirty and unusable in our area,HIGH
"मेरे घर के पास, टॉयलेट का दरवाजा टूटा हुआ है कृपया इसे जल्द हल करें",MEDIUM
"hamare locality mein, footpath mein chhota crack hai kai dino se",LOW
फुटपाथ में छोटी दरार है कृपया कार्रवाई करें,LOW
hamare area mein problem hai ki dangerous electric pole girne wala hai,CRITICAL
मैं शिकायत करना चाहता हूं कि सरकारी इमारत में आग लगने की आपात स्थिति है कृपया कार्रवाई करें,CRITICAL
सरकारी इमारत में आग लगने की आपात स्थिति है और लोगों को परेशानी हो रही है,CRITICAL
there is a problem where exposed electric wire on the road please take action,CRITICAL
"कृपया मदद करें, सार्वजनिक टॉयलेट कई दिनों से इस्तेमाल नहीं हो रहा है कई दिनों से",HIGH
सड़क का साइन बोर्ड धुंधला है कृपया कार्रवाई करें,LOW
"please action lein, name board kharab hai kai dino se",LOW
हमारे इलाके में समस्या है कि मुख्य सड़क पर सीवेज का पानी बह रहा है कृपया इसे जल्द हल करें,CRITICAL
"हमारे इलाके में, सार्वजनिक इमारत में आग लगी है और लोगों को परेशानी हो रही है",CRITICAL
"please help, park ki wall ko paint karna hai please ise resolve karein",LOW
"हमारे इलाके में, एक कूड़ेदान खराब है कृपया कार्रवाई करें",LOW
"हमारे इलाके में, हमारे इलाके में कोई भी स्ट्रीट लाइट काम नहीं कर रही है कृपया कार्रवाई करें",HIGH
"please take action, garbage bin is overflowing occasionally please take action",MEDIUM
public toilett kai dino se unusable hai kai dino se,HIGH
"near my house, garbej collection is irregular for many days",MEDIUM
"near my house, gas leak near residential area",CRITICAL
मैं शिकायत करना चाहता हूं कि पार्क की रेलिंग की मरम्मत करनी है कृपया कार्रवाई करें,LOW
"please help, garbage has not been collected for many days please take action",HIGH
"हमारे इलाके में, स्कॉलरशिप जारी नहीं हुई है कृपया इसे जल्द हल करें",HIGH
park gate needs minor repair please resolve this,LOW
"हमारे इलाके में, खराब सड़क के कारण बड़ा हादसा हुआ है कृपया कार्रवाई करें",CRITICAL
सड़क पर कई छोटी दरारें हैं कृपया कार्रवाई करें,MEDIUM
I want to report that sewage is overflowing near houses for many days,HIGH
"please take action, garbej is piling up near residential buildings for many days",HIGH
"कृपया मदद करें, मेरे घर के पास स्ट्रीट लाइट काम नहीं कर रही है हमारे इलाके में",MEDIUM
मैं शिकायत करना चाहता हूं कि पानी की सप्लाई नियमित नहीं है कृपया इसे जल्द हल करें,MEDIUM
"near my house, main road is badly damaged and residents are facing problems",HIGH
"मेरे घर के पास, हमारे इलाके में पानी की सप्लाई नहीं है और लोगों को परेशानी हो रही है",HIGH
"कृपया कार्रवाई करें, लोग दूषित पानी पी रहे हैं और लोगों को परेशानी हो रही है",CRITICAL
मैं शिकायत करना चाहता हूं कि पीने का पानी दूषित है हमारे इलाके में,CRITICAL
"कृपया कार्रवाई करें, खराब सड़क के कारण बड़ा हादसा हुआ है कई दिनों से",CRITICAL
main report karna chahta hoon ki main roaad par sewage water overflow ho raha hai,CRITICAL
main report karna chahta hoon ki drinking watr contaminated hai please action lein,CRITICAL
"कृपया कार्रवाई करें, स्ट्रीट लाइट बार-बार झपक रही है कृपया कार्रवाई करें",MEDIUM
हमारे इलाके में समस्या है कि खतरनाक बिजली का खंभा गिरने वाला है कृपया इसे जल्द हल करें,CRITICAL
"मेरे घर के पास, सड़क का साइन बोर्ड धुंधला है हमारे इलाके में",LOW
"please take action, public tolet has been unusable for several days",HIGH
हमारे इलाके में समस्या है कि लोग दूषित पानी पी रहे हैं कृपया इसे जल्द हल करें,CRITICAL
main report karna chahta hoon ki houses ke paas sewage overflow ho raha hai please ise resolve karein,HIGH
there is a problem where park lights are not working properly for many days,MEDIUM
"mere ghar ke paas, park ki bench ko paint karna hai please action lein",LOW
"कृपया कार्रवाई करें, नाम का बोर्ड खराब है और लोगों को परेशानी हो रही है",LOW
"please help, houses ke paas sewage overflow ho raha hai",HIGH
"कृपया मदद करें, फुटपाथ में छोटी दरार है",LOW
"please action lein, public bench purani hai please ise resolve karein",LOW
"हमारे इलाके में, पार्क की रेलिंग की मरम्मत करनी है कृपया इसे जल्द हल करें",LOW
kai dino se garbage collect nahi hua hai hamare area mein,HIGH
"please help, park gate ki minor repair chahiye",LOW
there is a problem where sewage water is overflowing on the main road please take action,CRITICAL
I want to report that no stret light is working in our area,HIGH
"कृपया मदद करें, सार्वजनिक इमारत में आग लगी है कृपया कार्रवाई करें",CRITICAL
"please take action, toilet door is broken and residents are facing problems",MEDIUM
"हमारे इलाके में, कई दिनों से कूड़ा नहीं उठाया गया है और लोगों को परेशानी हो रही है",HIGH
hamare area mein problem hai ki drain partially blocked hai please action lein,MEDIUM
"कृपया मदद करें, स्कॉलरशिप आवेदन की स्थिति अपडेट नहीं हुई है हमारे इलाके में",MEDIUM
मैं शिकायत करना चाहता हूं कि लोग दूषित पानी पी रहे हैं और लोगों को परेशानी हो रही है,CRITICAL
main report karna chahta hoon ki government building mein fire emergency hai kai dino se,CRITICAL
"please help, drainage ki cleaning chahiye",MEDIUM
"in our locality, there is no wter supply in our locality please take action",HIGH
"in our locality, street light near my house is not working and residents are facing problems",MEDIUM
hamare area mein problem hai ki ek dustbin kharab hai please action lein,LOW
हमारे इलाके में समस्या है कि रिहायशी इलाके के पास गैस लीक हो रही है हमारे इलाके में,CRITICAL
हमारे इलाके में समस्या है कि बच्चे खुले मैनहोल के खतरे में हैं कृपया इसे जल्द हल करें,CRITICAL
public toilet kai dino se unusable hai please ise resolve karein,HIGH
"mere ghar ke paas, drainage ki cleaning chahiye hamare area mein",MEDIUM
हमारे इलाके में समस्या है कि बच्चे खुले मैनहोल के खतरे में हैं कृपया कार्रवाई करें,CRITICAL
"please help, school ke paas open manhole hai please action lein",CRITICAL
"hamare locality mein, public bench purani hai",LOW
मैं शिकायत करना चाहता हूं कि सड़क का साइन बोर्ड धुंधला है कृपया कार्रवाई करें,LOW
"near my house, public bench is old and residents are facing problems",LOW
"please action lein, public washroom bahut dirty hai aur residents ko problem ho rahi hai",HIGH
"mere ghar ke paas, government building mein fire emergency hai kai dino se",CRITICAL
scholrship has not been released in our area,HIGH
"near my house, people are drinking contaminated wter and residents are facing problems",CRITICAL
सार्वजनिक शौचालय बहुत गंदा है हमारे इलाके में,HIGH
"हमारे इलाके में, रिहायशी इलाके के पास गैस लीक हो रही है हमारे इलाके में",CRITICAL
"mere ghar ke paas, park ki wall ko paint karna hai kai dino se",LOW
park bench needs painting please take action,LOW
"mere ghar ke paas, footpath mein chhota crack hai",LOW
"please take action, gas leak near residential area for many days",CRITICAL
हमारे इलाके में समस्या है कि मेरे घर के पास स्ट्रीट लाइट काम नहीं कर रही है कृपया इसे जल्द हल करें,MEDIUM
there is a problem where garbage has not been collected for many days in our area,HIGH
name board kharab hai aur residents ko problem ho rahi hai,LOW
there is no wter supply in our locality for many days,HIGH
"please action lein, log contaminated watr pee rahe hain kai dino se",CRITICAL
"hamare locality mein, road completely damaged ho gayi hai hamare area mein",HIGH
"near my house, sewage water is overflowing on the main roaad and residents are facing problems",CRITICAL
I want to report that large potholes are causing problems for vehicles and residents are facing problems,HIGH
"please help, shcool ke paas open manhole hai please action lein",CRITICAL
hamare area mein problem hai ki main road par sewage water overflow ho raha hai hamare area mein,CRITICAL
scholarshp release nahi hui hai kai dino se,HIGH
हमारे इलाके में समस्या है कि पार्क की रेलिंग की मरम्मत करनी है कृपया इसे जल्द हल करें,LOW
"please help, residential area ke paas gas leak ho rahi hai hamare area mein",CRITICAL
"कृपया मदद करें, सार्वजनिक बेंच पुरानी है कई दिनों से",LOW
"please help, rod completely damaged ho gayi hai hamare area mein",HIGH
"please action lein, main road badly damaged hai kai dino se",HIGH
"कृपया कार्रवाई करें, नाली आंशिक रूप से बंद है कई दिनों से",MEDIUM
"कृपया कार्रवाई करें, बच्चे खुले मैनहोल के खतरे में हैं और लोगों को परेशानी हो रही है",CRITICAL
I want to report that garbge collection is irregular please resolve this,MEDIUM
मेरे घर के पास स्ट्रीट लाइट काम नहीं कर रही है हमारे इलाके में,MEDIUM
"कृपया कार्रवाई करें, मुख्य सड़क पर सीवेज का पानी बह रहा है कृपया इसे जल्द हल करें",CRITICAL
"mere ghar ke paas, public toilet kai dino se unusable hai aur residents ko problem ho rahi hai",HIGH
"मेरे घर के पास, नाम का बोर्ड खराब है",LOW
"please take action, sewage water is overflowing on the main roaad in our area",CRITICAL
there is a problem where name board is damaged please take action,LOW
"please help, drinking watr is contaminated in our area",CRITICAL
मैं शिकायत करना चाहता हूं कि टॉयलेट गंदा है और इस्तेमाल करने लायक नहीं है हमारे इलाके में,HIGH
"please help, many potholes are present on the main road",HIGH
I want to report that major accident caused by damaged road and residents are facing problems,CRITICAL
hamare area mein problem hai ki street light flicker kar rahi hai,MEDIUM
I want to report that fire in a public building,CRITICAL
"near my house, drainage needs cleaning in our area",MEDIUM
main report karna chahta hoon ki tolet ka door toot gaya hai hamare area mein,MEDIUM
"please take action, garbage collection is irregular please take action",MEDIUM
"कृपया मदद करें, पीने का पानी दूषित है",CRITICAL
"in our locality, garbge collection is irregular for many days",MEDIUM
फुटपाथ में छोटी दरार है और लोगों को परेशानी हो रही है,LOW
"हमारे इलाके में, पार्क की लाइट ठीक से काम नहीं कर रही है",MEDIUM
"हमारे इलाके में, सार्वजनिक टॉयलेट की मरम्मत करनी है कई दिनों से",MEDIUM
hamare area mein problem hai ki water supply regular nahi hai aur residents ko problem ho rahi hai,MEDIUM
मैं शिकायत करना चाहता हूं कि खराब सड़क के कारण बड़ा हादसा हुआ है,CRITICAL
सड़क पर बिजली का खुला तार पड़ा है,CRITICAL
"please help, drain partially blocked hai kai dino se",MEDIUM
"हमारे इलाके में, बिजली का चालू तार सड़क पर गिर गया है",CRITICAL
कूड़ेदान कभी-कभी भर जाता है कई दिनों से,MEDIUM
मैं शिकायत करना चाहता हूं कि पार्क की रेलिंग की मरम्मत करनी है,LOW
"कृपया कार्रवाई करें, सड़क का साइन बोर्ड धुंधला है कृपया इसे जल्द हल करें",LOW
"hamare locality mein, public building mein fire lagi hai please action lein",CRITICAL
"हमारे इलाके में, कूड़ेदान कभी-कभी भर जाता है",MEDIUM
main report karna chahta hoon ki rod par exposed electric wire pada hai,CRITICAL
मैं शिकायत करना चाहता हूं कि पानी की सप्लाई नियमित नहीं है कृपया कार्रवाई करें,MEDIUM
"please take action, footpath has a small crack in our area",LOW
"कृपया मदद करें, टॉयलेट का दरवाजा टूटा हुआ है कई दिनों से",MEDIUM
there is a problem where exposed electric wire on the rod please take action,CRITICAL
"please help, mere ghar ke paas street light kaam nahi kar rahi hai kai dino se",MEDIUM
मैं शिकायत करना चाहता हूं कि फुटपाथ में छोटी दरार है,LOW
I want to report that sewage water is overflowing on the main road please resolve this,CRITICAL
"please action lein, drinking wter contaminated hai kai dino se",CRITICAL
"कृपया मदद करें, नाली की सफाई की जरूरत है",MEDIUM
"please help, area mein drinking wter available nahi hai please ise resolve karein",HIGH
"hamare locality mein, road par kai small cracks hain",MEDIUM
"mere ghar ke paas, drainage ki cleaning chahiye",MEDIUM
मैं शिकायत करना चाहता हूं कि सार्वजनिक शौचालय बहुत गंदा है,HIGH
"hamare locality mein, residential area ke paas gas leak ho rahi hai",CRITICAL
"hamare locality mein, toilet dirty hai aur use nahi ho sakta hamare area mein",HIGH
"mere ghar ke paas, street light flicker kar rahi hai please action lein",MEDIUM
"mere ghar ke paas, dangerous electric pole girne wala hai",CRITICAL
"please action lein, mere ghar ke paas street ligth kaam nahi kar rahi hai hamare area mein",MEDIUM
"मेरे घर के पास, खराब सड़क के कारण बड़ा हादसा हुआ है",CRITICAL
खराब सड़क के कारण बड़ा हादसा हुआ है,CRITICAL
"मेरे घर के पास, सार्वजनिक टॉयलेट की मरम्मत करनी है और लोगों को परेशानी हो रही है",MEDIUM
there is a problem where garbej bin is overflowing occasionally and residents are facing problems,MEDIUM
"हमारे इलाके में, बिजली का चालू तार सड़क पर गिर गया है",CRITICAL
हमारे इलाके में समस्या है कि नाली आंशिक रूप से बंद है कृपया कार्रवाई करें,MEDIUM
main report karna chahta hoon ki park ki wall ko paint karna hai please action lein,LOW
"near my house, garbej collection is irregular and residents are facing problems",MEDIUM
"near my house, main roaad is badly damaged for many days",HIGH
garbage has not been collected for many days in our area,HIGH
there is a problem where open manhole near a school,CRITICAL
"हमारे इलाके में, पार्क की बेंच पर पेंट करने की जरूरत है",LOW
"please action lein, roaad par kai small cracks hain",MEDIUM
"mere ghar ke paas, toilt ka door toot gaya hai kai dino se",MEDIUM
hamare area mein problem hai ki park railing ki repair chahiye kai dino se,LOW
"हमारे इलाके में, सड़क पर बिजली का खुला तार पड़ा है हमारे इलाके में",CRITICAL
"कृपया कार्रवाई करें, पार्क की बेंच पर पेंट करने की जरूरत है कृपया कार्रवाई करें",LOW
hamare area mein problem hai ki scholarship application ka status update nahi hua aur residents ko problem ho rahi hai,MEDIUM
"in our locality, drinking watr is contaminated",CRITICAL
"हमारे इलाके में, खतरनाक बिजली का खंभा गिरने वाला है",CRITICAL
हमारे इलाके में समस्या है कि पार्क की लाइट ठीक से काम नहीं कर रही है हमारे इलाके में,MEDIUM
"please help, drain is partially blocked for many days",MEDIUM
"in our locality, park lights are not working properly",MEDIUM
"hamare locality mein, public toilet kai dino se unusable hai kai dino se",HIGH
"कृपया कार्रवाई करें, सार्वजनिक शौचालय बहुत गंदा है",HIGH
roaad has several small cracks and residents are facing problems,MEDIUM
सड़क पर बिजली का खुला तार पड़ा है कृपया कार्रवाई करें,CRITICAL
"please help, park gate needs minor repair please take action",LOW
"please take action, garbej bin is overflowing occasionally in our area",MEDIUM
there is a problem where fire in a public building,CRITICAL
"hamare locality mein, name board kharab hai please action lein",LOW
main report karna chahta hoon ki main road par sewage water overflow ho raha hai please ise resolve karein,CRITICAL
"in our locality, scholarship has not been released in our area",HIGH
park ki wall ko paint karna hai please ise resolve karein,LOW
"please help, park railing ki repair chahiye hamare area mein",LOW
main report karna chahta hoon ki public toilet ki repair chahiye please ise resolve karein,MEDIUM
toilet door is broken please take action,MEDIUM
हमारे इलाके में समस्या है कि खराब सड़क के कारण बड़ा हादसा हुआ है और लोगों को परेशानी हो रही है,CRITICAL
हमारे इलाके में समस्या है कि सार्वजनिक टॉयलेट कई दिनों से इस्तेमाल नहीं हो रहा है कृपया कार्रवाई करें,HIGH
"कृपया मदद करें, लोग दूषित पानी पी रहे हैं हमारे इलाके में",CRITICAL
hamare area mein problem hai ki large potholes ki wajah se vehicles ko problem ho rahi hai,HIGH
I want to report that park railing needs repair in our area,LOW
"हमारे इलाके में, नाली की सफाई की जरूरत है",MEDIUM
"in our locality, park wall needs painting and residents are facing problems",LOW
मैं शिकायत करना चाहता हूं कि सार्वजनिक टॉयलेट की मरम्मत करनी है कृपया कार्रवाई करें,MEDIUM
मैं शिकायत करना चाहता हूं कि स्कूल के पास खुला मैनहोल है हमारे इलाके में,CRITICAL
लोग दूषित पानी पी रहे हैं कृपया कार्रवाई करें,CRITICAL
"कृपया कार्रवाई करें, बच्चे खुले मैनहोल के खतरे में हैं कई दिनों से",CRITICAL
"please action lein, footpath mein chhota crack hai",LOW
"in our locality, footpath has a small crack for many days",LOW
"mere ghar ke paas, mere ghar ke paas street light kaam nahi kar rahi hai kai dino se",MEDIUM
children open manhole ke danger mein hain please ise resolve karein,CRITICAL
hamare area mein problem hai ki park gate ki minor repair chahiye kai dino se,LOW
one dustbin is damaged in our area,LOW
"please help, people are drinking contaminated water and residents are facing problems",CRITICAL
"please action lein, shcool ke paas open manhole hai",CRITICAL
"please action lein, name board kharab hai please action lein",LOW
main road par bahut saare pothoels hain kai dino se,HIGH
main report karna chahta hoon ki schoship release nahi hui hai,HIGH
open manhole near a school please take action,CRITICAL
main report karna chahta hoon ki log contaminated water pee rahe hain kai dino se,CRITICAL
residential buildings ke paas garbage pile ho raha hai please ise resolve karein,HIGH
there is a problem where main rod is badly damaged,HIGH
"hamare locality mein, mere ghar ke paas street light kaam nahi kar rahi hai aur residents ko problem ho rahi hai",MEDIUM
"please action lein, public bench purani hai aur residents ko problem ho rahi hai",LOW
hamare area mein problem hai ki toilet ka door toot gaya hai aur residents ko problem ho rahi hai,MEDIUM
main report karna chahta hoon ki drain partially blocked hai,MEDIUM
"mere ghar ke paas, dangerous electric pole girne wala hai hamare area mein",CRITICAL
"near my house, park lights are not working properly and residents are facing problems",MEDIUM
"कृपया मदद करें, कूड़ेदान कभी-कभी भर जाता है",MEDIUM
"मेरे घर के पास, सार्वजनिक इमारत में आग लगी है और लोगों को परेशानी हो रही है",CRITICAL
"in our locality, exposed electric wire on the road and residents are facing problems",CRITICAL
हमारे इलाके में समस्या है कि घरों के पास सीवेज का पानी बह रहा है हमारे इलाके में,HIGH
"mere ghar ke paas, scholarship application ka status update nahi hua please action lein",MEDIUM
"near my house, one dustbin is damaged for many days",LOW
हमारे इलाके में समस्या है कि नाली आंशिक रूप से बंद है कृपया कार्रवाई करें,MEDIUM
main report karna chahta hoon ki school ke paas open manhole hai aur residents ko problem ho rahi hai,CRITICAL
damaged road ki wajah se major accident hua hai hamare area mein,CRITICAL
"मेरे घर के पास, पार्क की लाइट ठीक से काम नहीं कर रही है कई दिनों से",MEDIUM
मैं शिकायत करना चाहता हूं कि घरों के पास सीवेज का पानी बह रहा है कृपया कार्रवाई करें,HIGH
हमारे इलाके में समस्या है कि सड़क पूरी तरह खराब हो गई है कृपया कार्रवाई करें,HIGH
I want to report that no strete light is working in our area please take action,HIGH
"mere ghar ke paas, residential area ke paas gas leak ho rahi hai please ise resolve karein",CRITICAL
"please help, scholarship has not been released and residents are facing problems",HIGH
public toilett has been unusable for several days and residents are facing problems,HIGH
there is a problem where public toilet needs repair and residents are facing problems,MEDIUM
"please action lein, main rod badly damaged hai hamare area mein",HIGH
"कृपया कार्रवाई करें, सार्वजनिक टॉयलेट कई दिनों से इस्तेमाल नहीं हो रहा है कृपया कार्रवाई करें",HIGH
"please help, garbage bin is overflowing occasionally in our area",MEDIUM
there is a problem where no street light is working in our area please take action,HIGH
"मेरे घर के पास, नाली आंशिक रूप से बंद है कृपया इसे जल्द हल करें",MEDIUM
"please help, sewage water is overflowing on the main road",CRITICAL
"हमारे इलाके में, टॉयलेट गंदा है और इस्तेमाल करने लायक नहीं है कई दिनों से",HIGH
public bench is old please resolve this,LOW
"please take action, exposed electric wire on the roaad please take action",CRITICAL
"हमारे इलाके में, सड़क पूरी तरह खराब हो गई है कृपया कार्रवाई करें",HIGH
"मेरे घर के पास, सार्वजनिक बेंच पुरानी है और लोगों को परेशानी हो रही है",LOW
"mere ghar ke paas, footpath mein chhota crack hai please ise resolve karein",LOW
"please action lein, drainage ki cleaning chahiye",MEDIUM
I want to report that park bench needs painting in our area,LOW
hamare area mein problem hai ki public toilet kai dino se unusable hai kai dino se,HIGH
"near my house, major accident caused by damaged road",CRITICAL
"please help, street light flicker kar rahi hai hamare area mein",MEDIUM
I want to report that footpath has a small crack,LOW
dangerous electric pole girne wala hai kai dino se,CRITICAL
I want to report that street sign is faded please take action,LOW
garbge bin kabhi kabhi overflow ho jata hai hamare area mein,MEDIUM
"मेरे घर के पास, स्कॉलरशिप जारी नहीं हुई है कई दिनों से",HIGH
खतरनाक बिजली का खंभा गिरने वाला है कृपया कार्रवाई करें,CRITICAL
"please take action, people are drinking contaminated watr please take action",CRITICAL
"कृपया कार्रवाई करें, खराब सड़क के कारण बड़ा हादसा हुआ है और लोगों को परेशानी हो रही है",CRITICAL
"हमारे इलाके में, सड़क का साइन बोर्ड धुंधला है कृपया कार्रवाई करें",LOW
पानी की सप्लाई नियमित नहीं है,MEDIUM
"please action lein, public washroom bahut dirty hai hamare area mein",HIGH
"in our locality, main rod is badly damaged for many days",HIGH
"please take action, drainage needs cleaning please resolve this",MEDIUM
there is a problem where large potholes are causing problems for vehicles and residents are facing problems,HIGH
"कृपया कार्रवाई करें, पार्क की बेंच पर पेंट करने की जरूरत है और लोगों को परेशानी हो रही है",LOW
hamare area mein problem hai ki ek dustbin kharab hai please action lein,LOW
hamare area mein problem hai ki dangerous electric pole girne wala hai hamare area mein,CRITICAL
main report karna chahta hoon ki ek dustbin kharab hai please ise resolve karein,LOW
park gate needs minor repair for many days,LOW
road is completely damaged in our area,HIGH
hamare area mein problem hai ki park ki bench ko paint karna hai aur residents ko problem ho rahi hai,LOW
"हमारे इलाके में, सार्वजनिक टॉयलेट की मरम्मत करनी है कृपया कार्रवाई करें",MEDIUM
I want to report that open manhole near a school,CRITICAL
हमारे इलाके में समस्या है कि स्कॉलरशिप जारी नहीं हुई है,HIGH
"hamare locality mein, public toilet ki repair chahiye aur residents ko problem ho rahi hai",MEDIUM
हमारे इलाके में समस्या है कि मेरे घर के पास स्ट्रीट लाइट काम नहीं कर रही है कृपया इसे जल्द हल करें,MEDIUM
park lights properly kaam nahi kar rahi hain aur residents ko problem ho rahi hai,MEDIUM
टॉयलेट का दरवाजा टूटा हुआ है और लोगों को परेशानी हो रही है,MEDIUM
"मेरे घर के पास, पार्क के गेट की छोटी मरम्मत करनी है और लोगों को परेशानी हो रही है",LOW
"कृपया मदद करें, सार्वजनिक शौचालय बहुत गंदा है कृपया कार्रवाई करें",HIGH
hamare area mein koi street light kaam nahi kar rahi hai hamare area mein,HIGH
main report karna chahta hoon ki rod par exposed electric wire pada hai please ise resolve karein,CRITICAL
"please help, park bench needs painting",LOW
"कृपया मदद करें, एक कूड़ेदान खराब है हमारे इलाके में",LOW
main report karna chahta hoon ki main roaad par bahut saare potholes hain,HIGH
"कृपया कार्रवाई करें, मुख्य सड़क बहुत खराब हो गई है कृपया कार्रवाई करें",HIGH
main report karna chahta hoon ki ek dustbin kharab hai hamare area mein,LOW
"कृपया मदद करें, सार्वजनिक शौचालय बहुत गंदा है हमारे इलाके में",HIGH
main report karna chahta hoon ki public washrm bahut dirty hai kai dino se,HIGH
मैं शिकायत करना चाहता हूं कि पार्क की बेंच पर पेंट करने की जरूरत है कृपया इसे जल्द हल करें,LOW
"please take action, public toilet needs repair",MEDIUM
"in our locality, children are exposed to an open manhole for many days",CRITICAL
I want to report that major accident caused by damaged road and residents are facing problems,CRITICAL
"please take action, public toilet needs repair please take action",MEDIUM
"please help, many pothoels are present on the main road in our area",HIGH
park wall needs painting and residents are facing problems,LOW
"hamare locality mein, garbage bin kabhi kabhi overflow ho jata hai",MEDIUM
"हमारे इलाके में, एक कूड़ेदान खराब है कृपया इसे जल्द हल करें",LOW
"near my house, children are exposed to an open manhole and residents are facing problems",CRITICAL
live electric wire street par gir gaya hai please action lein,CRITICAL
"mere ghar ke paas, ek dustbin kharab hai",LOW
सार्वजनिक शौचालय बहुत गंदा है और लोगों को परेशानी हो रही है,HIGH
"कृपया कार्रवाई करें, सार्वजनिक बेंच पुरानी है हमारे इलाके में",LOW
"hamare locality mein, hamare area mein koi street light kaam nahi kar rahi hai please action lein",HIGH
"near my house, footpath has a small crack in our area",LOW
hamare area mein problem hai ki damaged road ki wajah se major accident hua hai aur residents ko problem ho rahi hai,CRITICAL
हमारे इलाके में समस्या है कि घरों के पास सीवेज का पानी बह रहा है कृपया इसे जल्द हल करें,HIGH
there is a problem where park lights are not working properly please resolve this,MEDIUM
"कृपया कार्रवाई करें, कूड़ेदान कभी-कभी भर जाता है हमारे इलाके में",MEDIUM
there is a problem where stret light is flickering please take action,MEDIUM
"in our locality, sewage water is overflowing on the main road",CRITICAL
main road badly damaged hai hamare area mein,HIGH
मैं शिकायत करना चाहता हूं कि सरकारी इमारत में आग लगने की आपात स्थिति है कृपया कार्रवाई करें,CRITICAL
main report karna chahta hoon ki park railing ki repair chahiye,LOW
main road par bahut saare pothols hain aur residents ko problem ho rahi hai,HIGH
"mere ghar ke paas, school ke paas open manhole hai aur residents ko problem ho rahi hai",CRITICAL
"near my house, park wall needs painting please resolve this",LOW
park ki wall ko paint karna hai please ise resolve karein,LOW
"मेरे घर के पास, फुटपाथ में छोटी दरार है हमारे इलाके में",LOW
there is a problem where public washroom is very dirty please take action,HIGH
"मेरे घर के पास, बड़े गड्ढों के कारण वाहनों को परेशानी हो रही है कई दिनों से",HIGH
"mere ghar ke paas, hamare area mein koi street light kaam nahi kar rahi hai kai dino se",HIGH
हमारे इलाके में समस्या है कि सार्वजनिक टॉयलेट की मरम्मत करनी है हमारे इलाके में,MEDIUM
"please help, public washroom bahut dirty hai please action lein",HIGH
hamare area mein problem hai ki park lights properly kaam nahi kar rahi hain hamare area mein,MEDIUM
hamare area mein problem hai ki ek dustbin kharab hai kai dino se,LOW
I want to report that scholarship application status is not updated please resolve this,MEDIUM
"कृपया मदद करें, सड़क पर बिजली का खुला तार पड़ा है कई दिनों से",CRITICAL
"in our locality, toilet door is broken",MEDIUM
main report karna chahta hoon ki hamare locality mein watr supply nahi hai kai dino se,HIGH
"please help, scholarship application status is not updated please take action",MEDIUM
"कृपया मदद करें, स्कूल के पास खुला मैनहोल है और लोगों को परेशानी हो रही है",CRITICAL
"mere ghar ke paas, park ki bench ko paint karna hai aur residents ko problem ho rahi hai",LOW
there is a problem where gas leak near residential area,CRITICAL
"please help, park railing ki repair chahiye kai dino se",LOW
"please take action, name board is damaged please resolve this",LOW
"near my house, schoship application status is not updated in our area",MEDIUM
main report karna chahta hoon ki hamare locality mein wter supply nahi hai,HIGH
"हमारे इलाके में, स्ट्रीट लाइट बार-बार झपक रही है",MEDIUM
there is a problem where garbage collection is irregular in our area,MEDIUM
toilet dirty hai aur use nahi ho sakta please action lein,HIGH
one dustbin is damaged and residents are facing problems,LOW
rod par kai small cracks hain hamare area mein,MEDIUM
हमारे इलाके में समस्या है कि घरों के पास सीवेज का पानी बह रहा है और लोगों को परेशानी हो रही है,HIGH
"hamare locality mein, footpath mein chhota crack hai hamare area mein",LOW
hamare area mein problem hai ki street light flicker kar rahi hai aur residents ko problem ho rahi hai,MEDIUM
"please help, toilet ka door toot gaya hai please ise resolve karein",MEDIUM
"हमारे इलाके में, सार्वजनिक टॉयलेट की मरम्मत करनी है कृपया इसे जल्द हल करें",MEDIUM
"please help, major accident caused by damaged road and residents are facing problems",CRITICAL
"please take action, drinking water is contaminated please take action",CRITICAL
main report karna chahta hoon ki scholarshp application ka status update nahi hua,MEDIUM
water supply is irregular,MEDIUM
"please take action, park lights are not working properly and residents are facing problems",MEDIUM
"hamare locality mein, toilet dirty hai aur use nahi ho sakta aur residents ko problem ho rahi hai",HIGH
there is a problem where drinking water is contaminated for many days,CRITICAL
"hamare locality mein, park gate ki minor repair chahiye hamare area mein",LOW
"please help, live electric wire stret par gir gaya hai aur residents ko problem ho rahi hai",CRITICAL
"कृपया कार्रवाई करें, एक कूड़ेदान खराब है कृपया कार्रवाई करें",LOW
"hamare locality mein, street light flicker kar rahi hai please action lein",MEDIUM
कूड़ा उठाने की व्यवस्था नियमित नहीं है कृपया इसे जल्द हल करें,MEDIUM
hamare area mein problem hai ki area mein drinking wter available nahi hai,HIGH
there is a problem where main rod is badly damaged please take action,HIGH
"कृपया कार्रवाई करें, पार्क की रेलिंग की मरम्मत करनी है कृपया इसे जल्द हल करें",LOW
"please take action, park wall needs painting and residents are facing problems",LOW
"कृपया मदद करें, सार्वजनिक शौचालय बहुत गंदा है कई दिनों से",HIGH
"हमारे इलाके में, पार्क की बेंच पर पेंट करने की जरूरत है कई दिनों से",LOW
"in our locality, garbage has not been collected for many days",HIGH
hamare area mein problem hai ki ek dustbin kharab hai kai dino se,LOW
main report karna chahta hoon ki garbage bin kabhi kabhi overflow ho jata hai hamare area mein,MEDIUM
"please help, scholarship release nahi hui hai please ise resolve karein",HIGH
"please help, public bench purani hai please action lein",LOW
"in our locality, public washrm is very dirty and residents are facing problems",HIGH
"please take action, public toilet needs repair in our area",MEDIUM
"please action lein, drain partially blocked hai",MEDIUM
I want to report that street light is flickering in our area,MEDIUM
"please help, public building mein fire lagi hai hamare area mein",CRITICAL
I want to report that park bench needs painting in our area,LOW
"please help, public building mein fire lagi hai please ise resolve karein",CRITICAL
I want to report that large potholes are causing problems for vehicles please resolve this,HIGH
सड़क पर बिजली का खुला तार पड़ा है,CRITICAL
schoship has not been released please take action,HIGH
"hamare locality mein, schoship application ka status update nahi hua hamare area mein",MEDIUM
"कृपया कार्रवाई करें, सार्वजनिक टॉयलेट की मरम्मत करनी है कृपया इसे जल्द हल करें",MEDIUM
"please action lein, park gate ki minor repair chahiye hamare area mein",LOW
I want to report that sewage is overflowing near houses for many days,HIGH
"near my house, drain is partially blocked please resolve this",MEDIUM
I want to report that park bench needs painting please take action,LOW
"near my house, people are drinking contaminated water please take action",CRITICAL
hamare area mein problem hai ki ek dustbin kharab hai please ise resolve karein,LOW
"in our locality, many potholes are present on the main road please take action",HIGH
"कृपया कार्रवाई करें, स्कॉलरशिप जारी नहीं हुई है",HIGH
"कृपया कार्रवाई करें, मुख्य सड़क पर सीवेज का पानी बह रहा है कई दिनों से",CRITICAL
houses ke paas sewage overflow ho raha hai,HIGH
"मेरे घर के पास, पार्क की दीवार पर पेंट करने की जरूरत है कृपया इसे जल्द हल करें",LOW
"कृपया कार्रवाई करें, टॉयलेट गंदा है और इस्तेमाल करने लायक नहीं है कृपया कार्रवाई करें",HIGH
main report karna chahta hoon ki public toilet ki repair chahiye aur residents ko problem ho rahi hai,MEDIUM
"कृपया मदद करें, सड़क पूरी तरह खराब हो गई है कई दिनों से",HIGH
"please help, children are exposed to an open manhole for many days",CRITICAL
park lights are not working properly for many days,MEDIUM
"कृपया मदद करें, टॉयलेट का दरवाजा टूटा हुआ है कई दिनों से",MEDIUM
"mere ghar ke paas, drainage ki cleaning chahiye please action lein",MEDIUM
"please action lein, schol ke paas open manhole hai please ise resolve karein",CRITICAL
hamare area mein problem hai ki government building mein fire emergency hai please ise resolve karein,CRITICAL
I want to report that name board is damaged in our area,LOW
"please take action, public bench is old please take action",LOW
hamare area mein problem hai ki main roaad badly damaged hai please action lein,HIGH
"हमारे इलाके में, एक कूड़ेदान खराब है कृपया कार्रवाई करें",LOW
there is a problem where garbage has not been collected for many days please resolve this,HIGH
"please help, public toilet ki repair chahiye kai dino se",MEDIUM
"mere ghar ke paas, park ki wall ko paint karna hai hamare area mein",LOW
"please help, fire emergency in a government building please take action",CRITICAL
"please action lein, residential area ke paas gas leak ho rahi hai kai dino se",CRITICAL
"near my house, garbej collection is irregular please take action",MEDIUM
"mere ghar ke paas, watr supply regular nahi hai hamare area mein",MEDIUM
"please take action, rod has several small cracks please resolve this",MEDIUM
"मेरे घर के पास, सरकारी इमारत में आग लगने की आपात स्थिति है कई दिनों से",CRITICAL
there is a problem where drinking water is contaminated and residents are facing problems,CRITICAL
"मेरे घर के पास, कूड़ेदान कभी-कभी भर जाता है हमारे इलाके में",MEDIUM
"in our locality, toilet is dirty and unusable for many days",HIGH
"mere ghar ke paas, public building mein fire lagi hai",CRITICAL
I want to report that public toilet has been unusable for several days and residents are facing problems,HIGH
"मेरे घर के पास, स्ट्रीट लाइट बार-बार झपक रही है कई दिनों से",MEDIUM
there is a problem where drainage needs cleaning in our area,MEDIUM
no street light is working in our area please take action,HIGH
हमारे इलाके में समस्या है कि पानी की सप्लाई नियमित नहीं है कृपया कार्रवाई करें,MEDIUM
"hamare locality mein, dangerous electric pole girne wala hai aur residents ko problem ho rahi hai",CRITICAL
main report karna chahta hoon ki park railing ki repair chahiye please ise resolve karein,LOW
"कृपया मदद करें, पीने का पानी दूषित है कृपया कार्रवाई करें",CRITICAL
"कृपया कार्रवाई करें, नाली की सफाई की जरूरत है और लोगों को परेशानी हो रही है",MEDIUM
large potholes are causing problems for vehicles and residents are facing problems,HIGH
main report karna chahta hoon ki park railing ki repair chahiye please action lein,LOW
"मेरे घर के पास, कूड़ा उठाने की व्यवस्था नियमित नहीं है कई दिनों से",MEDIUM
"कृपया मदद करें, सार्वजनिक इमारत में आग लगी है कई दिनों से",CRITICAL
"please help, park bench needs painting",LOW
"मेरे घर के पास, स्कूल के पास खुला मैनहोल है हमारे इलाके में",CRITICAL
"in our locality, large potholes are causing problems for vehicles and residents are facing problems",HIGH
"please take action, one dustbin is damaged in our area",LOW
"in our locality, park wall needs painting",LOW
there is a problem where one dustbin is damaged please resolve this,LOW
hamare area mein problem hai ki damaged road ki wajah se major accident hua hai please action lein,CRITICAL
"please help, street light flicker kar rahi hai",MEDIUM
"please take action, park railing needs repair and residents are facing problems",LOW
"mere ghar ke paas, area mein drinking water available nahi hai",HIGH
"please take action, park gate needs minor repair please take action",LOW
main report karna chahta hoon ki large potholes ki wajah se vehicles ko problem ho rahi hai please action lein,HIGH
मुख्य सड़क पर बहुत सारे गड्ढे हैं,HIGH
"please help, park railing ki repair chahiye aur residents ko problem ho rahi hai",LOW
"कृपया कार्रवाई करें, पानी की सप्लाई नियमित नहीं है और लोगों को परेशानी हो रही है",MEDIUM
main report karna chahta hoon ki name board kharab hai kai dino se,LOW
"मेरे घर के पास, सार्वजनिक इमारत में आग लगी है कृपया कार्रवाई करें",CRITICAL
hamare area mein problem hai ki public bench purani hai hamare area mein,LOW
public washroom bahut dirty hai please action lein,HIGH
hamare area mein problem hai ki park ki wall ko paint karna hai aur residents ko problem ho rahi hai,LOW
मैं शिकायत करना चाहता हूं कि सार्वजनिक शौचालय बहुत गंदा है,HIGH
"mere ghar ke paas, water supply regular nahi hai please ise resolve karein",MEDIUM
"हमारे इलाके में, मुख्य सड़क बहुत खराब हो गई है कृपया कार्रवाई करें",HIGH
"in our locality, toilett door is broken",MEDIUM
मुख्य सड़क पर बहुत सारे गड्ढे हैं कृपया इसे जल्द हल करें,HIGH
main report karna chahta hoon ki wter supply regular nahi hai please ise resolve karein,MEDIUM
मैं शिकायत करना चाहता हूं कि मेरे घर के पास स्ट्रीट लाइट काम नहीं कर रही है और लोगों को परेशानी हो रही है,MEDIUM
"mere ghar ke paas, park ki bench ko paint karna hai kai dino se",LOW
"mere ghar ke paas, ek dustbin kharab hai kai dino se",LOW
"in our locality, open manhole near a schol please take action",CRITICAL
"please take action, open manhole near a school and residents are facing problems",CRITICAL
"in our locality, road is completely damaged for many days",HIGH
"near my house, drainage needs cleaning for many days",MEDIUM
पीने का पानी दूषित है हमारे इलाके में,CRITICAL
"please help, park railing ki repair chahiye please ise resolve karein",LOW
"please take action, large potholes are causing problems for vehicles for many days",HIGH
water supply is irregular,MEDIUM
"near my house, road has several small cracks",MEDIUM
"please help, residential area ke paas gas leak ho rahi hai aur residents ko problem ho rahi hai",CRITICAL
public toilett needs repair for many days,MEDIUM
पार्क की रेलिंग की मरम्मत करनी है कई दिनों से,LOW
"hamare locality mein, scholarship release nahi hui hai hamare area mein",HIGH
footpath has a small crack in our area,LOW
"हमारे इलाके में, सड़क पर कई छोटी दरारें हैं",MEDIUM
"हमारे इलाके में, हमारे इलाके में पानी की सप्लाई नहीं है हमारे इलाके में",HIGH
hamare area mein problem hai ki main road badly damaged hai please ise resolve karein,HIGH
"कृपया मदद करें, खराब सड़क के कारण बड़ा हादसा हुआ है कृपया कार्रवाई करें",CRITICAL
"मेरे घर के पास, खतरनाक बिजली का खंभा गिरने वाला है कई दिनों से",CRITICAL
"near my house, no drinking water is available in the area please resolve this",HIGH
"हमारे इलाके में, सरकारी इमारत में आग लगने की आपात स्थिति है कृपया कार्रवाई करें",CRITICAL
"हमारे इलाके में, लोग दूषित पानी पी रहे हैं कृपया इसे जल्द हल करें",CRITICAL
"please take action, one dustbin is damaged and residents are facing problems",LOW
there is a problem where garbage has not been collected for many days,HIGH
"हमारे इलाके में, कूड़ेदान कभी-कभी भर जाता है और लोगों को परेशानी हो रही है",MEDIUM
पानी की सप्लाई नियमित नहीं है,MEDIUM
मैं शिकायत करना चाहता हूं कि इलाके में पीने का पानी उपलब्ध नहीं है कई दिनों से,HIGH
हमारे इलाके में पानी की सप्लाई नहीं है कृपया इसे जल्द हल करें,HIGH
"hamare locality mein, street sign faded ho gaya hai please ise resolve karein",LOW
हमारे इलाके में समस्या है कि पार्क की बेंच पर पेंट करने की जरूरत है कृपया इसे जल्द हल करें,LOW
सार्वजनिक टॉयलेट की मरम्मत करनी है कृपया इसे जल्द हल करें,MEDIUM
"mere ghar ke paas, houses ke paas sewage overflow ho raha hai",HIGH
"please help, garbage collection is irregular please resolve this",MEDIUM
हमारे इलाके में समस्या है कि खतरनाक बिजली का खंभा गिरने वाला है हमारे इलाके में,CRITICAL
"hamare locality mein, drainage ki cleaning chahiye hamare area mein",MEDIUM
I want to report that park bench needs painting please take action,LOW
I want to report that drinking watr is contaminated please resolve this,CRITICAL
there is a problem where open manhole near a schol please resolve this,CRITICAL
"कृपया कार्रवाई करें, सार्वजनिक बेंच पुरानी है",LOW
"कृपया मदद करें, पार्क की रेलिंग की मरम्मत करनी है कई दिनों से",LOW
"in our locality, park lights are not working properly please resolve this",MEDIUM
मैं शिकायत करना चाहता हूं कि स्ट्रीट लाइट बार-बार झपक रही है कृपया कार्रवाई करें,MEDIUM
main report karna chahta hoon ki park ki bench ko paint karna hai hamare area mein,LOW
हमारे इलाके में समस्या है कि पीने का पानी दूषित है,CRITICAL
मैं शिकायत करना चाहता हूं कि सार्वजनिक शौचालय बहुत गंदा है कई दिनों से,HIGH
बिजली का चालू तार सड़क पर गिर गया है कृपया कार्रवाई करें,CRITICAL
"hamare locality mein, school ke paas open manhole hai hamare area mein",CRITICAL
हमारे इलाके में समस्या है कि नाली आंशिक रूप से बंद है कई दिनों से,MEDIUM
main report karna chahta hoon ki main rod badly damaged hai please ise resolve karein,HIGH
area mein drinking water available nahi hai please action lein,HIGH
I want to report that main road is badly damaged please take action,HIGH
"कृपया कार्रवाई करें, हमारे इलाके में कोई भी स्ट्रीट लाइट काम नहीं कर रही है हमारे इलाके में",HIGH
there is a problem where garbage collection is irregular and residents are facing problems,MEDIUM
main report karna chahta hoon ki public building mein fire lagi hai please ise resolve karein,CRITICAL
पार्क के गेट की छोटी मरम्मत करनी है कृपया इसे जल्द हल करें,LOW
main report karna chahta hoon ki residential area ke paas gas leak ho rahi hai aur residents ko problem ho rahi hai,CRITICAL
there is a problem where garbage collection is irregular in our area,MEDIUM
hamare area mein problem hai ki scholrship application ka status update nahi hua please action lein,MEDIUM
मैं शिकायत करना चाहता हूं कि स्कूल के पास खुला मैनहोल है और लोगों को परेशानी हो रही है,CRITICAL
street sign is faded in our area,LOW
मैं शिकायत करना चाहता हूं कि बच्चे खुले मैनहोल के खतरे में हैं हमारे इलाके में,CRITICAL
"please help, park ki bench ko paint karna hai please action lein",LOW
"in our locality, road has several small cracks in our area",MEDIUM
हमारे इलाके में समस्या है कि रिहायशी इलाके के पास गैस लीक हो रही है और लोगों को परेशानी हो रही है,CRITICAL
"please take action, fire in a public building and residents are facing problems",CRITICAL
"कृपया मदद करें, मुख्य सड़क पर बहुत सारे गड्ढे हैं कृपया इसे जल्द हल करें",HIGH
मैं शिकायत करना चाहता हूं कि पानी की सप्लाई नियमित नहीं है और लोगों को परेशानी हो रही है,MEDIUM
पार्क की लाइट ठीक से काम नहीं कर रही है कृपया इसे जल्द हल करें,MEDIUM
"please action lein, park ki bench ko paint karna hai aur residents ko problem ho rahi hai",LOW
"hamare locality mein, residential buildings ke paas garbage pile ho raha hai",HIGH
"मेरे घर के पास, नाम का बोर्ड खराब है कई दिनों से",LOW
मैं शिकायत करना चाहता हूं कि टॉयलेट गंदा है और इस्तेमाल करने लायक नहीं है कृपया कार्रवाई करें,HIGH
"hamare locality mein, drain partially blocked hai kai dino se",MEDIUM
one dustbin is damaged and residents are facing problems,LOW
"in our locality, public tolet needs repair",MEDIUM
"हमारे इलाके में, पार्क की लाइट ठीक से काम नहीं कर रही है कई दिनों से",MEDIUM
there is a problem where one dustbin is damaged,LOW
मैं शिकायत करना चाहता हूं कि इलाके में पीने का पानी उपलब्ध नहीं है और लोगों को परेशानी हो रही है,HIGH
"हमारे इलाके में, कई दिनों से कूड़ा नहीं उठाया गया है हमारे इलाके में",HIGH
there is a problem where garbage bin is overflowing occasionally please take action,MEDIUM
"हमारे इलाके में, नाम का बोर्ड खराब है और लोगों को परेशानी हो रही है",LOW
there is a problem where people are drinking contaminated wter,CRITICAL
"please help, toilet ka door toot gaya hai please action lein",MEDIUM
"कृपया मदद करें, पार्क की रेलिंग की मरम्मत करनी है कृपया इसे जल्द हल करें",LOW
"hamare locality mein, rod par kai small cracks hain",MEDIUM
"कृपया कार्रवाई करें, मुख्य सड़क पर सीवेज का पानी बह रहा है हमारे इलाके में",CRITICAL
"hamare locality mein, street light flicker kar rahi hai hamare area mein",MEDIUM
"हमारे इलाके में, कूड़ेदान कभी-कभी भर जाता है कृपया इसे जल्द हल करें",MEDIUM
"मेरे घर के पास, सार्वजनिक टॉयलेट की मरम्मत करनी है हमारे इलाके में",MEDIUM
"hamare locality mein, scholarship release nahi hui hai please ise resolve karein",HIGH
"मेरे घर के पास, सड़क का साइन बोर्ड धुंधला है कृपया कार्रवाई करें",LOW
main report karna chahta hoon ki drainage ki cleaning chahiye hamare area mein,MEDIUM
main report karna chahta hoon ki hamare area mein koi street light kaam nahi kar rahi hai kai dino se,HIGH
"कृपया मदद करें, कई दिनों से कूड़ा नहीं उठाया गया है और लोगों को परेशानी हो रही है",HIGH
"please action lein, public toilet ki repair chahiye please ise resolve karein",MEDIUM
"near my house, sewage is overflowing near houses in our area",HIGH
I want to report that one dustbin is damaged in our area,LOW
sewage is overflowing near houses,HIGH
"in our locality, toilet is dirty and unusable and residents are facing problems",HIGH
"hamare locality mein, public tolet ki repair chahiye aur residents ko problem ho rahi hai",MEDIUM
पीने का पानी दूषित है कृपया इसे जल्द हल करें,CRITICAL
"हमारे इलाके में, स्कूल के पास खुला मैनहोल है और लोगों को परेशानी हो रही है",CRITICAL
"please help, sewage is overflowing near houses for many days",HIGH
रिहायशी इलाके के पास गैस लीक हो रही है हमारे इलाके में,CRITICAL
garbage is piling up near residential buildings for many days,HIGH
garbage bin kabhi kabhi overflow ho jata hai please action lein,MEDIUM
"mere ghar ke paas, ek dustbin kharab hai please action lein",LOW
"please take action, one dustbin is damaged please take action",LOW
"कृपया मदद करें, सार्वजनिक शौचालय बहुत गंदा है हमारे इलाके में",HIGH
"in our locality, no drinking water is available in the area please take action",HIGH
park gate ki minor repair chahiye hamare area mein,LOW
"हमारे इलाके में, मुख्य सड़क पर सीवेज का पानी बह रहा है कई दिनों से",CRITICAL
मैं शिकायत करना चाहता हूं कि हमारे इलाके में पानी की सप्लाई नहीं है हमारे इलाके में,HIGH
"in our locality, live electric wire has fallen onto the street",CRITICAL
हमारे इलाके में समस्या है कि स्ट्रीट लाइट बार-बार झपक रही है,MEDIUM
"mere ghar ke paas, schoship application ka status update nahi hua please ise resolve karein",MEDIUM
garbage is piling up near residential buildings and residents are facing problems,HIGH
I want to report that no street light is working in our area and residents are facing problems,HIGH
I want to report that exposed electric wire on the road and residents are facing problems,CRITICAL
"please help, major accident caused by damaged road please resolve this",CRITICAL
"please take action, garbage has not been collected for many days for many days",HIGH
"near my house, road has several small cracks and residents are facing problems",MEDIUM
roaad has several small cracks please take action,MEDIUM
हमारे इलाके में समस्या है कि बच्चे खुले मैनहोल के खतरे में हैं और लोगों को परेशानी हो रही है,CRITICAL
"कृपया मदद करें, मुख्य सड़क पर सीवेज का पानी बह रहा है कई दिनों से",CRITICAL
garbage bin kabhi kabhi overflow ho jata hai aur residents ko problem ho rahi hai,MEDIUM
नाम का बोर्ड खराब है और लोगों को परेशानी हो रही है,LOW
I want to report that open manhole near a school,CRITICAL
मैं शिकायत करना चाहता हूं कि कूड़ा उठाने की व्यवस्था नियमित नहीं है और लोगों को परेशानी हो रही है,MEDIUM
मैं शिकायत करना चाहता हूं कि फुटपाथ में छोटी दरार है कृपया इसे जल्द हल करें,LOW
garbage bin is overflowing occasionally and residents are facing problems,MEDIUM
मैं शिकायत करना चाहता हूं कि टॉयलेट गंदा है और इस्तेमाल करने लायक नहीं है और लोगों को परेशानी हो रही है,HIGH
"कृपया कार्रवाई करें, पार्क की लाइट ठीक से काम नहीं कर रही है",MEDIUM
"please help, road completely damaged ho gayi hai please action lein",HIGH
"in our locality, park lights are not working properly for many days",MEDIUM
"please take action, many potholes are present on the main road in our area",HIGH
government building mein fire emergency hai please ise resolve karein,CRITICAL
hamare area mein problem hai ki hamare area mein koi street ligth kaam nahi kar rahi hai aur residents ko problem ho rahi hai,HIGH
"please help, main rod par bahut saare potholes hain hamare area mein",HIGH
हमारे इलाके में समस्या है कि पार्क की दीवार पर पेंट करने की जरूरत है हमारे इलाके में,LOW
scholarship release nahi hui hai kai dino se,HIGH
"please action lein, name board kharab hai please action lein",LOW
"कृपया कार्रवाई करें, रिहायशी इमारतों के पास कूड़ा जमा हो रहा है हमारे इलाके में",HIGH
"hamare locality mein, drainage ki cleaning chahiye aur residents ko problem ho rahi hai",MEDIUM
"please action lein, main road par sewage water overflow ho raha hai hamare area mein",CRITICAL
"please help, public bench purani hai please ise resolve karein",LOW
"हमारे इलाके में, मुख्य सड़क बहुत खराब हो गई है और लोगों को परेशानी हो रही है",HIGH
"near my house, public bench is old and residents are facing problems",LOW
public toilet ki repair chahiye please action lein,MEDIUM
मैं शिकायत करना चाहता हूं कि कई दिनों से कूड़ा नहीं उठाया गया है हमारे इलाके में,HIGH
main report karna chahta hoon ki public bench purani hai hamare area mein,LOW
"in our locality, street light is flickering in our area",MEDIUM
"कृपया मदद करें, सार्वजनिक शौचालय बहुत गंदा है कई दिनों से",HIGH
"please help, park bench needs painting for many days",LOW
I want to report that no strete light is working in our area for many days,HIGH
हमारे इलाके में समस्या है कि स्कॉलरशिप जारी नहीं हुई है हमारे इलाके में,HIGH
"मेरे घर के पास, सड़क पर कई छोटी दरारें हैं कृपया इसे जल्द हल करें",MEDIUM
हमारे इलाके में समस्या है कि एक कूड़ेदान खराब है कई दिनों से,LOW
park lights properly kaam nahi kar rahi hain aur residents ko problem ho rahi hai,MEDIUM
"please take action, park bench needs painting for many days",LOW
public bench is old for many days,LOW
"in our locality, large pothols are causing problems for vehicles for many days",HIGH
मैं शिकायत करना चाहता हूं कि खराब सड़क के कारण बड़ा हादसा हुआ है हमारे इलाके में,CRITICAL
street ligt is flickering please resolve this,MEDIUM
हमारे इलाके में समस्या है कि पानी की सप्लाई नियमित नहीं है कई दिनों से,MEDIUM
"मेरे घर के पास, खतरनाक बिजली का खंभा गिरने वाला है और लोगों को परेशानी हो रही है",CRITICAL
सड़क पूरी तरह खराब हो गई है कई दिनों से,HIGH
घरों के पास सीवेज का पानी बह रहा है कई दिनों से,HIGH
मैं शिकायत करना चाहता हूं कि बिजली का चालू तार सड़क पर गिर गया है कृपया कार्रवाई करें,CRITICAL
"हमारे इलाके में, स्कॉलरशिप आवेदन की स्थिति अपडेट नहीं हुई है कृपया इसे जल्द हल करें",MEDIUM
public bench purani hai kai dino se,LOW
main report karna chahta hoon ki park lights properly kaam nahi kar rahi hain,MEDIUM
मैं शिकायत करना चाहता हूं कि मुख्य सड़क पर बहुत सारे गड्ढे हैं,HIGH
people are drinking contaminated water please take action,CRITICAL
हमारे इलाके में समस्या है कि रिहायशी इमारतों के पास कूड़ा जमा हो रहा है और लोगों को परेशानी हो रही है,HIGH
I want to report that public bench is old in our area,LOW
hamare area mein problem hai ki footpath mein chhota crack hai please ise resolve karein,LOW
हमारे इलाके में समस्या है कि स्कॉलरशिप जारी नहीं हुई है और लोगों को परेशानी हो रही है,HIGH
"please help, major accident caused by damaged road and residents are facing problems",CRITICAL
large pothols are causing problems for vehicles please take action,HIGH
बिजली का चालू तार सड़क पर गिर गया है हमारे इलाके में,CRITICAL
"in our locality, scholarship application status is not updated and residents are facing problems",MEDIUM
I want to report that fire in a public building in our area,CRITICAL
"please action lein, park ki wall ko paint karna hai please ise resolve karein",LOW
"मेरे घर के पास, पार्क की रेलिंग की मरम्मत करनी है और लोगों को परेशानी हो रही है",LOW
I want to report that street light near my house is not working,MEDIUM
"hamare locality mein, street light flicker kar rahi hai aur residents ko problem ho rahi hai",MEDIUM
"please help, scholarship has not been released in our area",HIGH
"please help, park ki wall ko paint karna hai aur residents ko problem ho rahi hai",LOW
"please action lein, park gate ki minor repair chahiye please ise resolve karein",LOW
"hamare locality mein, damaged road ki wajah se major accident hua hai kai dino se",CRITICAL
hamare area mein problem hai ki park ki bench ko paint karna hai,LOW
"mere ghar ke paas, live electric wire street par gir gaya hai",CRITICAL
"कृपया कार्रवाई करें, टॉयलेट गंदा है और इस्तेमाल करने लायक नहीं है कृपया इसे जल्द हल करें",HIGH
"कृपया कार्रवाई करें, मुख्य सड़क बहुत खराब हो गई है",HIGH
"please action lein, public washroom bahut dirty hai hamare area mein",HIGH
"please help, fire in a public building and residents are facing problems",CRITICAL
हमारे इलाके में समस्या है कि सड़क का साइन बोर्ड धुंधला है,LOW
hamare area mein problem hai ki strete sign faded ho gaya hai please action lein,LOW
मैं शिकायत करना चाहता हूं कि पार्क की लाइट ठीक से काम नहीं कर रही है कृपया इसे जल्द हल करें,MEDIUM
main report karna chahta hoon ki large pothoels ki wajah se vehicles ko problem ho rahi hai aur residents ko problem ho rahi hai,HIGH
main report karna chahta hoon ki public toilet kai dino se unusable hai aur residents ko problem ho rahi hai,HIGH
"मेरे घर के पास, पार्क की लाइट ठीक से काम नहीं कर रही है कृपया इसे जल्द हल करें",MEDIUM
"mere ghar ke paas, toilt ka door toot gaya hai kai dino se",MEDIUM
मैं शिकायत करना चाहता हूं कि सरकारी इमारत में आग लगने की आपात स्थिति है कृपया कार्रवाई करें,CRITICAL
"कृपया मदद करें, खतरनाक बिजली का खंभा गिरने वाला है हमारे इलाके में",CRITICAL
"हमारे इलाके में, स्ट्रीट लाइट बार-बार झपक रही है कई दिनों से",MEDIUM
"please help, fire emergency in a government building please resolve this",CRITICAL
"in our locality, one dustbin is damaged and residents are facing problems",LOW
major accident caused by damaged road in our area,CRITICAL
पार्क की बेंच पर पेंट करने की जरूरत है हमारे इलाके में,LOW
main road is badly damaged in our area,HIGH
there is a problem where schoship application status is not updated in our area,MEDIUM
"कृपया कार्रवाई करें, कूड़ा उठाने की व्यवस्था नियमित नहीं है हमारे इलाके में",MEDIUM
"कृपया कार्रवाई करें, रिहायशी इमारतों के पास कूड़ा जमा हो रहा है",HIGH
"कृपया मदद करें, एक कूड़ेदान खराब है",LOW
"हमारे इलाके में, मुख्य सड़क पर सीवेज का पानी बह रहा है कृपया कार्रवाई करें",CRITICAL
"in our locality, drainage needs cleaning",MEDIUM
hamare area mein problem hai ki houses ke paas sewage overflow ho raha hai aur residents ko problem ho rahi hai,HIGH
"please help, major accident caused by damaged road please take action",CRITICAL
"mere ghar ke paas, live electric wire street par gir gaya hai aur residents ko problem ho rahi hai",CRITICAL
"mere ghar ke paas, government building mein fire emergency hai kai dino se",CRITICAL
"please help, drinking watr is contaminated please resolve this",CRITICAL
hamare area mein problem hai ki park railing ki repair chahiye,LOW
"please help, drainage needs cleaning",MEDIUM
"near my house, public bench is old please resolve this",LOW
"in our locality, main rod is badly damaged and residents are facing problems",HIGH
"near my house, street sign is faded",LOW
I want to report that tolet is dirty and unusable for many days,HIGH
"hamare locality mein, hamare area mein koi street light kaam nahi kar rahi hai kai dino se",HIGH
"कृपया कार्रवाई करें, फुटपाथ में छोटी दरार है",LOW
"कृपया मदद करें, बड़े गड्ढों के कारण वाहनों को परेशानी हो रही है हमारे इलाके में",HIGH
I want to report that live electric wire has fallen onto the street,CRITICAL
"please take action, park gate needs minor repair and residents are facing problems",LOW
"please action lein, toilet ka door toot gaya hai please action lein",MEDIUM
"कृपया मदद करें, नाम का बोर्ड खराब है",LOW
main report karna chahta hoon ki school ke paas open manhole hai hamare area mein,CRITICAL
मैं शिकायत करना चाहता हूं कि सड़क पर कई छोटी दरारें हैं और लोगों को परेशानी हो रही है,MEDIUM
हमारे इलाके में समस्या है कि सड़क का साइन बोर्ड धुंधला है कृपया कार्रवाई करें,LOW
there is a problem where street light is flickering please resolve this,MEDIUM
हमारे इलाके में समस्या है कि सार्वजनिक टॉयलेट की मरम्मत करनी है,MEDIUM
hamare area mein problem hai ki drinking watr contaminated hai please ise resolve karein,CRITICAL
मैं शिकायत करना चाहता हूं कि सड़क पर बिजली का खुला तार पड़ा है कृपया इसे जल्द हल करें,CRITICAL
टॉयलेट का दरवाजा टूटा हुआ है कई दिनों से,MEDIUM
hamare area mein problem hai ki live electric wire street par gir gaya hai aur residents ko problem ho rahi hai,CRITICAL
हमारे इलाके में समस्या है कि कूड़ा उठाने की व्यवस्था नियमित नहीं है कृपया इसे जल्द हल करें,MEDIUM
"hamare locality mein, hamare area mein koi street light kaam nahi kar rahi hai aur residents ko problem ho rahi hai",HIGH
"please action lein, main road par sewage water overflow ho raha hai",CRITICAL
"हमारे इलाके में, एक कूड़ेदान खराब है कृपया कार्रवाई करें",LOW
hamare area mein problem hai ki live electric wire street par gir gaya hai please action lein,CRITICAL
सार्वजनिक टॉयलेट की मरम्मत करनी है कई दिनों से,MEDIUM
मैं शिकायत करना चाहता हूं कि स्ट्रीट लाइट बार-बार झपक रही है कृपया इसे जल्द हल करें,MEDIUM
"please take action, no drinking water is available in the area and residents are facing problems",HIGH
strete sign is faded please resolve this,LOW
"please help, drain partially blocked hai hamare area mein",MEDIUM
"मेरे घर के पास, लोग दूषित पानी पी रहे हैं",CRITICAL
"मेरे घर के पास, रिहायशी इलाके के पास गैस लीक हो रही है कृपया इसे जल्द हल करें",CRITICAL
"कृपया कार्रवाई करें, पार्क की दीवार पर पेंट करने की जरूरत है",LOW
"कृपया कार्रवाई करें, पार्क की रेलिंग की मरम्मत करनी है",LOW
toilet is dirty and unusable please take action,HIGH
"mere ghar ke paas, name board kharab hai hamare area mein",LOW
"mere ghar ke paas, scholarship application ka status update nahi hua hamare area mein",MEDIUM
there is a problem where public washrm is very dirty in our area,HIGH
"please help, garbej is piling up near residential buildings",HIGH
park gate needs minor repair please resolve this,LOW
हमारे इलाके में कोई भी स्ट्रीट लाइट काम नहीं कर रही है हमारे इलाके में,HIGH
"please action lein, park lights properly kaam nahi kar rahi hain kai dino se",MEDIUM
"कृपया कार्रवाई करें, सड़क का साइन बोर्ड धुंधला है कृपया इसे जल्द हल करें",LOW
सार्वजनिक इमारत में आग लगी है कृपया कार्रवाई करें,CRITICAL
"please help, toilett dirty hai aur use nahi ho sakta aur residents ko problem ho rahi hai",HIGH
"please help, major accident caused by damaged roaad and residents are facing problems",CRITICAL
exposed electric wire on the road in our area,CRITICAL
scholarship has not been released please resolve this,HIGH
there is a problem where park lights are not working properly please resolve this,MEDIUM
नाम का बोर्ड खराब है हमारे इलाके में,LOW
"please help, park ki bench ko paint karna hai hamare area mein",LOW
मैं शिकायत करना चाहता हूं कि पार्क के गेट की छोटी मरम्मत करनी है कृपया इसे जल्द हल करें,LOW
"please help, gas leak near residential area please take action",CRITICAL
"near my house, garbage is piling up near residential buildings",HIGH
park railing ki repair chahiye kai dino se,LOW
"in our locality, rod is completely damaged",HIGH
"कृपया कार्रवाई करें, सरकारी इमारत में आग लगने की आपात स्थिति है कृपया इसे जल्द हल करें",CRITICAL
"please action lein, park ki bench ko paint karna hai",LOW
"please help, houses ke paas sewage overflow ho raha hai kai dino se",HIGH
"mere ghar ke paas, drinking water contaminated hai hamare area mein",CRITICAL
I want to report that park wall needs painting please resolve this,LOW
"please help, large potholes ki wajah se vehicles ko problem ho rahi hai kai dino se",HIGH
"कृपया कार्रवाई करें, इलाके में पीने का पानी उपलब्ध नहीं है",HIGH
"in our locality, sewage is overflowing near houses in our area",HIGH
I want to report that park gate needs minor repair and residents are facing problems,LOW
कूड़ेदान कभी-कभी भर जाता है कई दिनों से,MEDIUM
मैं शिकायत करना चाहता हूं कि स्कॉलरशिप जारी नहीं हुई है हमारे इलाके में,HIGH
"हमारे इलाके में, टॉयलेट का दरवाजा टूटा हुआ है कई दिनों से",MEDIUM
"please action lein, name board kharab hai aur residents ko problem ho rahi hai",LOW
I want to report that garbej bin is overflowing occasionally please resolve this,MEDIUM
"हमारे इलाके में, पार्क की लाइट ठीक से काम नहीं कर रही है",MEDIUM
मेरे घर के पास स्ट्रीट लाइट काम नहीं कर रही है कृपया इसे जल्द हल करें,MEDIUM
"near my house, garbage collection is irregular for many days",MEDIUM
"please help, exposed electric wire on the road please resolve this",CRITICAL
there is a problem where park wall needs painting,LOW
there is a problem where park railing needs repair please resolve this,LOW
"mere ghar ke paas, park railing ki repair chahiye aur residents ko problem ho rahi hai",LOW
dangerous electric pole girne wala hai please action lein,CRITICAL
I want to report that drainage needs cleaning and residents are facing problems,MEDIUM
"हमारे इलाके में, पार्क की दीवार पर पेंट करने की जरूरत है",LOW
"please help, damaged road ki wajah se major accident hua hai aur residents ko problem ho rahi hai",CRITICAL
there is a problem where one dustbin is damaged please resolve this,LOW
"near my house, park wall needs painting in our area",LOW
main report karna chahta hoon ki residential area ke paas gas leak ho rahi hai,CRITICAL
"मेरे घर के पास, कूड़ा उठाने की व्यवस्था नियमित नहीं है हमारे इलाके में",MEDIUM
"हमारे इलाके में, पार्क की बेंच पर पेंट करने की जरूरत है कई दिनों से",LOW
hamare area mein problem hai ki children open manhole ke danger mein hain please action lein,CRITICAL
park gate ki minor repair chahiye hamare area mein,LOW
main report karna chahta hoon ki footpath mein chhota crack hai please action lein,LOW
मैं शिकायत करना चाहता हूं कि सार्वजनिक बेंच पुरानी है कई दिनों से,LOW
"hamare locality mein, drinking water contaminated hai please ise resolve karein",CRITICAL
"कृपया मदद करें, नाली आंशिक रूप से बंद है कृपया कार्रवाई करें",MEDIUM
"mere ghar ke paas, toilet ka door toot gaya hai aur residents ko problem ho rahi hai",MEDIUM
"mere ghar ke paas, area mein drinking water available nahi hai please ise resolve karein",HIGH
public bench is old please take action,LOW
"हमारे इलाके में, लोग दूषित पानी पी रहे हैं कृपया कार्रवाई करें",CRITICAL
"hamare locality mein, school ke paas open manhole hai kai dino se",CRITICAL
I want to report that large potholes are causing problems for vehicles,HIGH
"हमारे इलाके में, खराब सड़क के कारण बड़ा हादसा हुआ है कई दिनों से",CRITICAL
sewage is overflowing near houses and residents are facing problems,HIGH
there is a problem where roaad has several small cracks for many days,MEDIUM
I want to report that people are drinking contaminated water please resolve this,CRITICAL
"please help, fire emergency in a government building in our area",CRITICAL
"please help, main road badly damaged hai please ise resolve karein",HIGH
"hamare locality mein, public toilet kai dino se unusable hai",HIGH
"please take action, drainage needs cleaning please take action",MEDIUM
street sign is faded for many days,LOW
"mere ghar ke paas, name board kharab hai please ise resolve karein",LOW
"कृपया कार्रवाई करें, सरकारी इमारत में आग लगने की आपात स्थिति है हमारे इलाके में",CRITICAL
"हमारे इलाके में, पार्क के गेट की छोटी मरम्मत करनी है कृपया इसे जल्द हल करें",LOW
हमारे इलाके में कोई भी स्ट्रीट लाइट काम नहीं कर रही है कृपया इसे जल्द हल करें,HIGH
"कृपया मदद करें, पार्क की दीवार पर पेंट करने की जरूरत है हमारे इलाके में",LOW
"please take action, road is completely damaged and residents are facing problems",HIGH
"mere ghar ke paas, scholarship release nahi hui hai",HIGH
I want to report that drain is partially blocked please take action,MEDIUM
"near my house, strete sign is faded please take action",LOW
"please take action, park wall needs painting please take action",LOW
hamare area mein problem hai ki drinking water contaminated hai kai dino se,CRITICAL
drain partially blocked hai please ise resolve karein,MEDIUM
"please action lein, children open manhole ke danger mein hain please action lein",CRITICAL
"मेरे घर के पास, फुटपाथ में छोटी दरार है",LOW
dangerous electric pole girne wala hai kai dino se,CRITICAL
"please help, street light flicker kar rahi hai hamare area mein",MEDIUM
"hamare locality mein, toilet dirty hai aur use nahi ho sakta kai dino se",HIGH
"mere ghar ke paas, scholarship application ka status update nahi hua kai dino se",MEDIUM
hamare area mein problem hai ki drain partially blocked hai kai dino se,MEDIUM
"मेरे घर के पास, सड़क पर कई छोटी दरारें हैं",MEDIUM
"मेरे घर के पास, सरकारी इमारत में आग लगने की आपात स्थिति है कृपया कार्रवाई करें",CRITICAL
"hamare locality mein, park lights properly kaam nahi kar rahi hain kai dino se",MEDIUM
"कृपया मदद करें, सार्वजनिक शौचालय बहुत गंदा है और लोगों को परेशानी हो रही है",HIGH
"हमारे इलाके में, पीने का पानी दूषित है",CRITICAL
"please help, toilet door is broken and residents are facing problems",MEDIUM
"please help, no drinking water is available in the area",HIGH
"हमारे इलाके में, कूड़ेदान कभी-कभी भर जाता है कृपया इसे जल्द हल करें",MEDIUM
"please take action, no drinking wter is available in the area in our area",HIGH
हमारे इलाके में समस्या है कि मेरे घर के पास स्ट्रीट लाइट काम नहीं कर रही है कृपया इसे जल्द हल करें,MEDIUM
"please action lein, public washroom bahut dirty hai kai dino se",HIGH
"हमारे इलाके में, सड़क पर बिजली का खुला तार पड़ा है",CRITICAL
"please help, drinking water is contaminated for many days",CRITICAL
there is a problem where major accident caused by damaged rod for many days,CRITICAL
I want to report that street light near my house is not working please take action,MEDIUM
"near my house, children are exposed to an open manhole please take action",CRITICAL
हमारे इलाके में समस्या है कि सार्वजनिक टॉयलेट की मरम्मत करनी है और लोगों को परेशानी हो रही है,MEDIUM
"mere ghar ke paas, residential buildings ke paas garbage pile ho raha hai please action lein",HIGH
hamare area mein problem hai ki drain partially blocked hai aur residents ko problem ho rahi hai,MEDIUM
ek dustbin kharab hai kai dino se,LOW
मैं शिकायत करना चाहता हूं कि रिहायशी इलाके के पास गैस लीक हो रही है कृपया इसे जल्द हल करें,CRITICAL
main report karna chahta hoon ki hamare area mein koi street light kaam nahi kar rahi hai please action lein,HIGH
hamare area mein problem hai ki park ki bench ko paint karna hai,LOW
"please help, name board is damaged for many days",LOW
"कृपया कार्रवाई करें, एक कूड़ेदान खराब है",LOW
"मेरे घर के पास, नाम का बोर्ड खराब है",LOW
main report karna chahta hoon ki drain partially blocked hai hamare area mein,MEDIUM
"mere ghar ke paas, toilt ka door toot gaya hai hamare area mein",MEDIUM
main report karna chahta hoon ki area mein drinking water available nahi hai please ise resolve karein,HIGH
hamare area mein problem hai ki stret light flicker kar rahi hai please ise resolve karein,MEDIUM
एक कूड़ेदान खराब है कृपया कार्रवाई करें,LOW
"hamare locality mein, public building mein fire lagi hai please action lein",CRITICAL
"कृपया मदद करें, कूड़ेदान कभी-कभी भर जाता है कई दिनों से",MEDIUM
"near my house, open manhole near a schol",CRITICAL
"in our locality, public bench is old please take action",LOW
"कृपया कार्रवाई करें, पार्क की रेलिंग की मरम्मत करनी है कृपया इसे जल्द हल करें",LOW
hamare area mein problem hai ki scholarship release nahi hui hai hamare area mein,HIGH
there is a problem where street sign is faded for many days,LOW
"कृपया मदद करें, मेरे घर के पास स्ट्रीट लाइट काम नहीं कर रही है हमारे इलाके में",MEDIUM
हमारे इलाके में समस्या है कि पीने का पानी दूषित है,CRITICAL
there is a problem where name board is damaged and residents are facing problems,LOW
"मेरे घर के पास, नाली आंशिक रूप से बंद है",MEDIUM
"हमारे इलाके में, खराब सड़क के कारण बड़ा हादसा हुआ है कृपया इसे जल्द हल करें",CRITICAL
"near my house, fire in a public building and residents are facing problems",CRITICAL
"please help, drain partially blocked hai kai dino se",MEDIUM
ek dustbin kharab hai aur residents ko problem ho rahi hai,LOW
damaged road ki wajah se major accident hua hai please ise resolve karein,CRITICAL
fire in a public building please resolve this,CRITICAL
खतरनाक बिजली का खंभा गिरने वाला है कृपया इसे जल्द हल करें,CRITICAL
"mere ghar ke paas, government building mein fire emergency hai please ise resolve karein",CRITICAL
I want to report that street ligth is flickering,MEDIUM
"please help, park lights properly kaam nahi kar rahi hain kai dino se",MEDIUM
"मेरे घर के पास, खतरनाक बिजली का खंभा गिरने वाला है और लोगों को परेशानी हो रही है",CRITICAL
live electric wire street par gir gaya hai aur residents ko problem ho rahi hai,CRITICAL
"कृपया कार्रवाई करें, बिजली का चालू तार सड़क पर गिर गया है कृपया इसे जल्द हल करें",CRITICAL
government building mein fire emergency hai please ise resolve karein,CRITICAL
"कृपया कार्रवाई करें, पार्क की लाइट ठीक से काम नहीं कर रही है कृपया इसे जल्द हल करें",MEDIUM
मैं शिकायत करना चाहता हूं कि घरों के पास सीवेज का पानी बह रहा है हमारे इलाके में,HIGH
"please help, ek dustbin kharab hai aur residents ko problem ho rahi hai",LOW
"near my house, name board is damaged for many days",LOW
"हमारे इलाके में, पानी की सप्लाई नियमित नहीं है और लोगों को परेशानी हो रही है",MEDIUM
"near my house, one dustbin is damaged for many days",LOW
हमारे इलाके में समस्या है कि हमारे इलाके में कोई भी स्ट्रीट लाइट काम नहीं कर रही है हमारे इलाके में,HIGH
I want to report that drainage needs cleaning for many days,MEDIUM
I want to report that street light is flickering for many days,MEDIUM
I want to report that garbage bin is overflowing occasionally please resolve this,MEDIUM
there is a problem where park railing needs repair in our area,LOW
"कृपया मदद करें, टॉयलेट का दरवाजा टूटा हुआ है कृपया इसे जल्द हल करें",MEDIUM
मैं शिकायत करना चाहता हूं कि स्कूल के पास खुला मैनहोल है हमारे इलाके में,CRITICAL
"hamare locality mein, stret sign faded ho gaya hai please action lein",LOW
पानी की सप्लाई नियमित नहीं है और लोगों को परेशानी हो रही है,MEDIUM
drain is partially blocked please resolve this,MEDIUM
"please help, drainage ki cleaning chahiye please ise resolve karein",MEDIUM
पानी की सप्लाई नियमित नहीं है कई दिनों से,MEDIUM
"मेरे घर के पास, मुख्य सड़क पर बहुत सारे गड्ढे हैं कृपया इसे जल्द हल करें",HIGH
scholrship application ka status update nahi hua please action lein,MEDIUM
"कृपया कार्रवाई करें, टॉयलेट गंदा है और इस्तेमाल करने लायक नहीं है हमारे इलाके में",HIGH
"please help, public bench purani hai please action lein",LOW
drinking water contaminated hai kai dino se,CRITICAL
sewage is overflowing near houses please take action,HIGH
"मेरे घर के पास, नाम का बोर्ड खराब है कृपया इसे जल्द हल करें",LOW
"please help, road par exposed electric wire pada hai",CRITICAL
"मेरे घर के पास, मुख्य सड़क पर बहुत सारे गड्ढे हैं कृपया इसे जल्द हल करें",HIGH
पीने का पानी दूषित है और लोगों को परेशानी हो रही है,CRITICAL
"please help, public toilet needs repair for many days",MEDIUM
पार्क के गेट की छोटी मरम्मत करनी है कृपया इसे जल्द हल करें,LOW
"please help, public washroom bahut dirty hai kai dino se",HIGH
"hamare locality mein, strete light flicker kar rahi hai please ise resolve karein",MEDIUM
"मेरे घर के पास, पार्क के गेट की छोटी मरम्मत करनी है कृपया कार्रवाई करें",LOW
हमारे इलाके में समस्या है कि पार्क के गेट की छोटी मरम्मत करनी है कई दिनों से,LOW
I want to report that park lights are not working properly in our area,MEDIUM
"मेरे घर के पास, टॉयलेट का दरवाजा टूटा हुआ है कृपया कार्रवाई करें",MEDIUM
"please help, dangerous electric pole is about to fall",CRITICAL
"in our locality, park gate needs minor repair",LOW
hamare area mein problem hai ki log contaminated water pee rahe hain aur residents ko problem ho rahi hai,CRITICAL
"कृपया कार्रवाई करें, सार्वजनिक बेंच पुरानी है कृपया कार्रवाई करें",LOW
हमारे इलाके में समस्या है कि सड़क पर कई छोटी दरारें हैं और लोगों को परेशानी हो रही है,MEDIUM
मैं शिकायत करना चाहता हूं कि नाम का बोर्ड खराब है हमारे इलाके में,LOW
"please take action, exposed electric wire on the rod and residents are facing problems",CRITICAL
"in our locality, main road is badly damaged please take action",HIGH
हमारे इलाके में समस्या है कि सड़क पर कई छोटी दरारें हैं हमारे इलाके में,MEDIUM
"hamare locality mein, toilet dirty hai aur use nahi ho sakta",HIGH
"please help, many potholes are present on the main road please take action",HIGH
there is a problem where one dustbin is damaged for many days,LOW
पार्क की बेंच पर पेंट करने की जरूरत है कृपया कार्रवाई करें,LOW
"in our locality, street light near my house is not working please resolve this",MEDIUM
"हमारे इलाके में, लोग दूषित पानी पी रहे हैं कृपया इसे जल्द हल करें",CRITICAL
"हमारे इलाके में, एक कूड़ेदान खराब है और लोगों को परेशानी हो रही है",LOW
footpath has a small crack,LOW
fire in a public building for many days,CRITICAL
hamare area mein koi strete light kaam nahi kar rahi hai kai dino se,HIGH
"मेरे घर के पास, मुख्य सड़क बहुत खराब हो गई है हमारे इलाके में",HIGH
"near my house, scholarship application status is not updated please take action",MEDIUM
"hamare locality mein, park gate ki minor repair chahiye hamare area mein",LOW
I want to report that children are exposed to an open manhole for many days,CRITICAL
"please help, footpath mein chhota crack hai please action lein",LOW
area mein drinking water available nahi hai,HIGH
"please help, scholarship release nahi hui hai",HIGH
there is a problem where park railing needs repair and residents are facing problems,LOW
hamare area mein problem hai ki public washroom bahut dirty hai please ise resolve karein,HIGH
"in our locality, many potholes are present on the main road in our area",HIGH
"हमारे इलाके में, स्कूल के पास खुला मैनहोल है कई दिनों से",CRITICAL
हमारे इलाके में समस्या है कि सड़क पर बिजली का खुला तार पड़ा है कृपया इसे जल्द हल करें,CRITICAL
"near my house, large pothoels are causing problems for vehicles please resolve this",HIGH
"near my house, park lights are not working properly for many days",MEDIUM
public toilet needs repair and residents are facing problems,MEDIUM
"कृपया मदद करें, मुख्य सड़क पर सीवेज का पानी बह रहा है",CRITICAL
"please help, park railing needs repair please resolve this",LOW
मैं शिकायत करना चाहता हूं कि हमारे इलाके में पानी की सप्लाई नहीं है,HIGH
"hamare locality mein, hamare area mein koi street ligt kaam nahi kar rahi hai please action lein",HIGH
"please help, park gate ki minor repair chahiye aur residents ko problem ho rahi hai",LOW
"please help, mere ghar ke paas street ligt kaam nahi kar rahi hai",MEDIUM
"कृपया मदद करें, लोग दूषित पानी पी रहे हैं कृपया इसे जल्द हल करें",CRITICAL
I want to report that park bench needs painting please take action,LOW
I want to report that fire emergency in a government building please take action,CRITICAL
"please help, there is no wter supply in our locality",HIGH
"हमारे इलाके में, पार्क के गेट की छोटी मरम्मत करनी है",LOW
बच्चे खुले मैनहोल के खतरे में हैं कृपया कार्रवाई करें,CRITICAL
"mere ghar ke paas, main road par sewage water overflow ho raha hai",CRITICAL
children are exposed to an open manhole for many days,CRITICAL
"कृपया मदद करें, फुटपाथ में छोटी दरार है",LOW
"please action lein, residential area ke paas gas leak ho rahi hai please ise resolve karein",CRITICAL
"please take action, public toilet needs repair and residents are facing problems",MEDIUM
"mere ghar ke paas, footpath mein chhota crack hai please action lein",LOW
"hamare locality mein, road completely damaged ho gayi hai please action lein",HIGH
fire in a public building please take action,CRITICAL
"please help, garbge collection regular nahi hai please action lein",MEDIUM
"हमारे इलाके में, पानी की सप्लाई नियमित नहीं है और लोगों को परेशानी हो रही है",MEDIUM
"हमारे इलाके में, बिजली का चालू तार सड़क पर गिर गया है और लोगों को परेशानी हो रही है",CRITICAL
"in our locality, fire in a public building for many days",CRITICAL
residential area ke paas gas leak ho rahi hai kai dino se,CRITICAL
मैं शिकायत करना चाहता हूं कि एक कूड़ेदान खराब है हमारे इलाके में,LOW
"please help, public building mein fire lagi hai",CRITICAL
मैं शिकायत करना चाहता हूं कि एक कूड़ेदान खराब है कृपया कार्रवाई करें,LOW
"कृपया मदद करें, मुख्य सड़क बहुत खराब हो गई है और लोगों को परेशानी हो रही है",HIGH
"please help, drainage ki cleaning chahiye hamare area mein",MEDIUM
"near my house, one dustbin is damaged please take action",LOW
rod par kai small cracks hain,MEDIUM
"कृपया मदद करें, स्ट्रीट लाइट बार-बार झपक रही है कृपया इसे जल्द हल करें",MEDIUM
"कृपया मदद करें, कूड़ा उठाने की व्यवस्था नियमित नहीं है कई दिनों से",MEDIUM
park railing needs repair,LOW
hamare area mein problem hai ki public tolet kai dino se unusable hai please ise resolve karein,HIGH
"please help, fire emergency in a government building for many days",CRITICAL
there is a problem where schoship application status is not updated please resolve this,MEDIUM
"कृपया मदद करें, सार्वजनिक टॉयलेट कई दिनों से इस्तेमाल नहीं हो रहा है",HIGH
"हमारे इलाके में, इलाके में पीने का पानी उपलब्ध नहीं है",HIGH
"mere ghar ke paas, toilet ka door toot gaya hai please ise resolve karein",MEDIUM
"near my house, no drinking water is available in the area and residents are facing problems",HIGH
"hamare locality mein, residential buildings ke paas garbage pile ho raha hai please action lein",HIGH
"please help, stret light flicker kar rahi hai hamare area mein",MEDIUM
there is a problem where exposed electric wire on the roaad and residents are facing problems,CRITICAL
"hamare locality mein, main road par bahut saare pothoels hain",HIGH
main report karna chahta hoon ki drinking water contaminated hai please action lein,CRITICAL
hamare area mein problem hai ki residential buildings ke paas garbge pile ho raha hai,HIGH
"in our locality, there is no wter supply in our locality",HIGH
hamare area mein problem hai ki residential buildings ke paas garbage pile ho raha hai hamare area mein,HIGH
"near my house, people are drinking contaminated water please resolve this",CRITICAL
"please take action, park bench needs painting and residents are facing problems",LOW
"कृपया मदद करें, नाम का बोर्ड खराब है",LOW
there is a problem where main road is badly damaged in our area,HIGH
toilet door is broken in our area,MEDIUM
park ki bench ko paint karna hai aur residents ko problem ho rahi hai,LOW
"हमारे इलाके में, खराब सड़क के कारण बड़ा हादसा हुआ है कृपया इसे जल्द हल करें",CRITICAL
"हमारे इलाके में, सार्वजनिक शौचालय बहुत गंदा है कई दिनों से",HIGH
मैं शिकायत करना चाहता हूं कि फुटपाथ में छोटी दरार है हमारे इलाके में,LOW
"please help, main roaad badly damaged hai please action lein",HIGH
there is a problem where no drinking water is available in the area please take action,HIGH
हमारे इलाके में समस्या है कि हमारे इलाके में पानी की सप्लाई नहीं है कई दिनों से,HIGH
"please take action, no drinking water is available in the area in our area",HIGH
there is a problem where no drinking water is available in the area in our area,HIGH
main report karna chahta hoon ki drainage ki cleaning chahiye hamare area mein,MEDIUM
"hamare locality mein, main road par sewage water overflow ho raha hai please action lein",CRITICAL
I want to report that drain is partially blocked and residents are facing problems,MEDIUM
"near my house, park bench needs painting for many days",LOW
main report karna chahta hoon ki residential buildings ke paas garbage pile ho raha hai please ise resolve karein,HIGH
"please action lein, name board kharab hai please ise resolve karein",LOW
there is a problem where public toilt needs repair in our area,MEDIUM
"हमारे इलाके में, मेरे घर के पास स्ट्रीट लाइट काम नहीं कर रही है और लोगों को परेशानी हो रही है",MEDIUM
"कृपया कार्रवाई करें, पानी की सप्लाई नियमित नहीं है कृपया कार्रवाई करें",MEDIUM
there is a problem where park lights are not working properly please take action,MEDIUM
"मेरे घर के पास, कई दिनों से कूड़ा नहीं उठाया गया है हमारे इलाके में",HIGH
"हमारे इलाके में, नाली आंशिक रूप से बंद है हमारे इलाके में",MEDIUM
मैं शिकायत करना चाहता हूं कि कूड़ा उठाने की व्यवस्था नियमित नहीं है हमारे इलाके में,MEDIUM
"हमारे इलाके में, स्ट्रीट लाइट बार-बार झपक रही है कृपया कार्रवाई करें",MEDIUM
I want to report that live electric wire has fallen onto the stret in our area,CRITICAL
"कृपया मदद करें, स्कूल के पास खुला मैनहोल है कृपया कार्रवाई करें",CRITICAL
"मेरे घर के पास, घरों के पास सीवेज का पानी बह रहा है",HIGH
public washrom bahut dirty hai please action lein,HIGH
"hamare locality mein, park ki bench ko paint karna hai kai dino se",LOW
drinking water contaminated hai kai dino se,CRITICAL
"कृपया कार्रवाई करें, एक कूड़ेदान खराब है हमारे इलाके में",LOW
main report karna chahta hoon ki name board kharab hai hamare area mein,LOW
drinking water contaminated hai,CRITICAL
hamare locality mein water supply nahi hai please ise resolve karein,HIGH
"mere ghar ke paas, drain partially blocked hai aur residents ko problem ho rahi hai",MEDIUM
मैं शिकायत करना चाहता हूं कि टॉयलेट गंदा है और इस्तेमाल करने लायक नहीं है,HIGH
"please help, children open manhole ke danger mein hain hamare area mein",CRITICAL
"मेरे घर के पास, एक कूड़ेदान खराब है कृपया कार्रवाई करें",LOW
"कृपया मदद करें, सार्वजनिक इमारत में आग लगी है कई दिनों से",CRITICAL
"कृपया कार्रवाई करें, सड़क का साइन बोर्ड धुंधला है और लोगों को परेशानी हो रही है",LOW
main report karna chahta hoon ki garbge bin kabhi kabhi overflow ho jata hai kai dino se,MEDIUM
मैं शिकायत करना चाहता हूं कि खराब सड़क के कारण बड़ा हादसा हुआ है कई दिनों से,CRITICAL
"हमारे इलाके में, हमारे इलाके में कोई भी स्ट्रीट लाइट काम नहीं कर रही है",HIGH
there is a problem where road is completely damaged and residents are facing problems,HIGH
"मेरे घर के पास, सार्वजनिक शौचालय बहुत गंदा है",HIGH
"हमारे इलाके में, लोग दूषित पानी पी रहे हैं",CRITICAL
टॉयलेट गंदा है और इस्तेमाल करने लायक नहीं है कृपया इसे जल्द हल करें,HIGH
बिजली का चालू तार सड़क पर गिर गया है हमारे इलाके में,CRITICAL
मैं शिकायत करना चाहता हूं कि एक कूड़ेदान खराब है,LOW
hamare area mein problem hai ki public building mein fire lagi hai aur residents ko problem ho rahi hai,CRITICAL
"हमारे इलाके में, नाली की सफाई की जरूरत है कृपया कार्रवाई करें",MEDIUM
"हमारे इलाके में, लोग दूषित पानी पी रहे हैं कई दिनों से",CRITICAL
main report karna chahta hoon ki ek dustbin kharab hai,LOW
"हमारे इलाके में, टॉयलेट गंदा है और इस्तेमाल करने लायक नहीं है और लोगों को परेशानी हो रही है",HIGH
"please action lein, drainage ki cleaning chahiye please ise resolve karein",MEDIUM
I want to report that major accident caused by damaged roaad please resolve this,CRITICAL
there is a problem where garbage has not been collected for many days please take action,HIGH
I want to report that park wall needs painting and residents are facing problems,LOW
"हमारे इलाके में, नाम का बोर्ड खराब है हमारे इलाके में",LOW
हमारे इलाके में समस्या है कि सार्वजनिक शौचालय बहुत गंदा है और लोगों को परेशानी हो रही है,HIGH
hamare area mein problem hai ki drain partially blocked hai please action lein,MEDIUM
"कृपया मदद करें, कई दिनों से कूड़ा नहीं उठाया गया है कृपया कार्रवाई करें",HIGH
"please take action, dangerous electric pole is about to fall please take action",CRITICAL
hamare area mein problem hai ki ek dustbin kharab hai please action lein,LOW
"mere ghar ke paas, public toilt ki repair chahiye aur residents ko problem ho rahi hai",MEDIUM
"near my house, no drinking water is available in the area and residents are facing problems",HIGH
"please take action, fire in a public building please resolve this",CRITICAL
main report karna chahta hoon ki main road par bahut saare potholes hain,HIGH
"please take action, drinking water is contaminated please take action",CRITICAL
"please take action, drinking watr is contaminated please resolve this",CRITICAL
main roaad par sewage water overflow ho raha hai aur residents ko problem ho rahi hai,CRITICAL
"कृपया कार्रवाई करें, रिहायशी इलाके के पास गैस लीक हो रही है और लोगों को परेशानी हो रही है",CRITICAL
public washroom is very dirty,HIGH
public bench is old for many days,LOW
"कृपया मदद करें, घरों के पास सीवेज का पानी बह रहा है कई दिनों से",HIGH
"mere ghar ke paas, public toilett kai dino se unusable hai hamare area mein",HIGH
there is a problem where garbge bin is overflowing occasionally in our area,MEDIUM
"please help, damaged roaad ki wajah se major accident hua hai please action lein",CRITICAL
"in our locality, gas leak near residential area please resolve this",CRITICAL
"near my house, public bench is old and residents are facing problems",LOW
"mere ghar ke paas, houses ke paas sewage overflow ho raha hai",HIGH
मैं शिकायत करना चाहता हूं कि नाली आंशिक रूप से बंद है और लोगों को परेशानी हो रही है,MEDIUM
"hamare locality mein, street sign faded ho gaya hai hamare area mein",LOW
ek dustbin kharab hai aur residents ko problem ho rahi hai,LOW
"मेरे घर के पास, मुख्य सड़क बहुत खराब हो गई है और लोगों को परेशानी हो रही है",HIGH
there is a problem where children are exposed to an open manhole in our area,CRITICAL
"mere ghar ke paas, children open manhole ke danger mein hain hamare area mein",CRITICAL
"कृपया मदद करें, फुटपाथ में छोटी दरार है",LOW
public toilet needs repair please resolve this,MEDIUM
"mere ghar ke paas, live electric wire street par gir gaya hai please action lein",CRITICAL
"please action lein, public bench purani hai",LOW
street light flicker kar rahi hai,MEDIUM
there is a problem where park bench needs painting for many days,LOW
"near my house, scholarshp application status is not updated please take action",MEDIUM
"कृपया कार्रवाई करें, स्कूल के पास खुला मैनहोल है",CRITICAL
"please help, park wall needs painting and residents are facing problems",LOW
"कृपया मदद करें, नाम का बोर्ड खराब है",LOW
hamare area mein problem hai ki damaged rod ki wajah se major accident hua hai please action lein,CRITICAL
"please help, water supply is irregular",MEDIUM
"हमारे इलाके में, पार्क की रेलिंग की मरम्मत करनी है कृपया कार्रवाई करें",LOW
"hamare locality mein, street sign faded ho gaya hai aur residents ko problem ho rahi hai",LOW
मैं शिकायत करना चाहता हूं कि बच्चे खुले मैनहोल के खतरे में हैं कृपया इसे जल्द हल करें,CRITICAL
"near my house, there is no water supply in our locality",HIGH
"mere ghar ke paas, scholarship application ka status update nahi hua please ise resolve karein",MEDIUM
हमारे इलाके में समस्या है कि कूड़ेदान कभी-कभी भर जाता है कृपया कार्रवाई करें,MEDIUM
"कृपया मदद करें, नाली की सफाई की जरूरत है हमारे इलाके में",MEDIUM
"please help, large pothols ki wajah se vehicles ko problem ho rahi hai hamare area mein",HIGH
"in our locality, main road is badly damaged please take action",HIGH
सार्वजनिक इमारत में आग लगी है कृपया इसे जल्द हल करें,CRITICAL
hamare area mein problem hai ki garbge collection regular nahi hai aur residents ko problem ho rahi hai,MEDIUM
"please help, name board kharab hai please ise resolve karein",LOW
"हमारे इलाके में, स्कूल के पास खुला मैनहोल है",CRITICAL
footpath has a small crack please resolve this,LOW
main report karna chahta hoon ki public washrm bahut dirty hai hamare area mein,HIGH
"please action lein, public bench purani hai",LOW
"please help, road is completely damaged",HIGH
"please help, major accident caused by damaged road",CRITICAL
road par exposed electric wire pada hai please ise resolve karein,CRITICAL
"mere ghar ke paas, park lights properly kaam nahi kar rahi hain please ise resolve karein",MEDIUM
पार्क की दीवार पर पेंट करने की जरूरत है और लोगों को परेशानी हो रही है,LOW
"हमारे इलाके में, पार्क की बेंच पर पेंट करने की जरूरत है कई दिनों से",LOW
drain is partially blocked in our area,MEDIUM
हमारे इलाके में समस्या है कि बिजली का चालू तार सड़क पर गिर गया है कृपया कार्रवाई करें,CRITICAL
one dustbin is damaged and residents are facing problems,LOW
fire in a public building in our area,CRITICAL
"please help, park ki bench ko paint karna hai hamare area mein",LOW
"please help, main road par bahut saare potholes hain hamare area mein",HIGH
"please action lein, damaged road ki wajah se major accident hua hai kai dino se",CRITICAL
there is a problem where road has several small cracks and residents are facing problems,MEDIUM
"कृपया मदद करें, हमारे इलाके में कोई भी स्ट्रीट लाइट काम नहीं कर रही है",HIGH
"near my house, water supply is irregular in our area",MEDIUM
सार्वजनिक बेंच पुरानी है कई दिनों से,LOW
"mere ghar ke paas, drainage ki cleaning chahiye",MEDIUM
water supply regular nahi hai please ise resolve karein,MEDIUM
"कृपया कार्रवाई करें, स्कॉलरशिप जारी नहीं हुई है कृपया कार्रवाई करें",HIGH
hamare area mein problem hai ki park gate ki minor repair chahiye please ise resolve karein,LOW
"please help, children are exposed to an open manhole please take action",CRITICAL
हमारे इलाके में समस्या है कि स्कूल के पास खुला मैनहोल है कृपया इसे जल्द हल करें,CRITICAL
"mere ghar ke paas, main road par sewage water overflow ho raha hai kai dino se",CRITICAL
"हमारे इलाके में, इलाके में पीने का पानी उपलब्ध नहीं है हमारे इलाके में",HIGH
"mere ghar ke paas, main rod badly damaged hai hamare area mein",HIGH
नाम का बोर्ड खराब है हमारे इलाके में,LOW
hamare area mein problem hai ki park gate ki minor repair chahiye,LOW
"मेरे घर के पास, पानी की सप्लाई नियमित नहीं है",MEDIUM
I want to report that children are exposed to an open manhole and residents are facing problems,CRITICAL
street ligth flicker kar rahi hai aur residents ko problem ho rahi hai,MEDIUM
"please action lein, drinking water contaminated hai please ise resolve karein",CRITICAL
मैं शिकायत करना चाहता हूं कि स्ट्रीट लाइट बार-बार झपक रही है और लोगों को परेशानी हो रही है,MEDIUM
"in our locality, footpath has a small crack in our area",LOW
hamare area mein problem hai ki hamare area mein koi street light kaam nahi kar rahi hai please ise resolve karein,HIGH
"please take action, open manhole near a school",CRITICAL
लोग दूषित पानी पी रहे हैं हमारे इलाके में,CRITICAL
"हमारे इलाके में, रिहायशी इलाके के पास गैस लीक हो रही है कृपया कार्रवाई करें",CRITICAL
"मेरे घर के पास, सार्वजनिक शौचालय बहुत गंदा है",HIGH
there is a problem where exposed electric wire on the road and residents are facing problems,CRITICAL
"हमारे इलाके में, खतरनाक बिजली का खंभा गिरने वाला है",CRITICAL
public building mein fire lagi hai,CRITICAL
"near my house, garbage collection is irregular",MEDIUM
"near my house, sewage is overflowing near houses in our area",HIGH
"कृपया कार्रवाई करें, सार्वजनिक इमारत में आग लगी है",CRITICAL
mere ghar ke paas stret light kaam nahi kar rahi hai hamare area mein,MEDIUM
स्कॉलरशिप जारी नहीं हुई है हमारे इलाके में,HIGH
"please action lein, public toilet ki repair chahiye please ise resolve karein",MEDIUM
"कृपया मदद करें, लोग दूषित पानी पी रहे हैं और लोगों को परेशानी हो रही है",CRITICAL
"please help, many pothoels are present on the main road for many days",HIGH
मुख्य सड़क पर बहुत सारे गड्ढे हैं कृपया कार्रवाई करें,HIGH
"please action lein, water supply regular nahi hai kai dino se",MEDIUM
main road par sewage water overflow ho raha hai please ise resolve karein,CRITICAL
"हमारे इलाके में, टॉयलेट गंदा है और इस्तेमाल करने लायक नहीं है और लोगों को परेशानी हो रही है",HIGH
hamare area mein problem hai ki street light flicker kar rahi hai please action lein,MEDIUM
public building mein fire lagi hai,CRITICAL
large pothols ki wajah se vehicles ko problem ho rahi hai aur residents ko problem ho rahi hai,HIGH
"please action lein, live electric wire stret par gir gaya hai aur residents ko problem ho rahi hai",CRITICAL
there is a problem where park railing needs repair in our area,LOW
मैं शिकायत करना चाहता हूं कि हमारे इलाके में कोई भी स्ट्रीट लाइट काम नहीं कर रही है,HIGH
main report karna chahta hoon ki park ki bench ko paint karna hai aur residents ko problem ho rahi hai,LOW
"कृपया कार्रवाई करें, नाम का बोर्ड खराब है कृपया कार्रवाई करें",LOW
मैं शिकायत करना चाहता हूं कि टॉयलेट गंदा है और इस्तेमाल करने लायक नहीं है और लोगों को परेशानी हो रही है,HIGH
road is completely damaged in our area,HIGH
"mere ghar ke paas, scholarship release nahi hui hai please action lein",HIGH
कूड़ा उठाने की व्यवस्था नियमित नहीं है कृपया कार्रवाई करें,MEDIUM
"hamare locality mein, name board kharab hai please ise resolve karein",LOW
"हमारे इलाके में, बच्चे खुले मैनहोल के खतरे में हैं कृपया कार्रवाई करें",CRITICAL
"near my house, major accident caused by damaged rod please take action",CRITICAL
"mere ghar ke paas, damaged road ki wajah se major accident hua hai aur residents ko problem ho rahi hai",CRITICAL
"कृपया कार्रवाई करें, सड़क पूरी तरह खराब हो गई है हमारे इलाके में",HIGH
"please help, park railing ki repair chahiye please ise resolve karein",LOW
टॉयलेट का दरवाजा टूटा हुआ है कृपया कार्रवाई करें,MEDIUM
I want to report that sewage water is overflowing on the main road please take action,CRITICAL
garbage collection is irregular and residents are facing problems,MEDIUM
"please help, street sign is faded for many days",LOW
"please take action, drinking wter is contaminated please resolve this",CRITICAL
"कृपया कार्रवाई करें, रिहायशी इमारतों के पास कूड़ा जमा हो रहा है और लोगों को परेशानी हो रही है",HIGH
"near my house, people are drinking contaminated watr and residents are facing problems",CRITICAL
"please action lein, public bench purani hai hamare area mein",LOW
"please help, large pothols ki wajah se vehicles ko problem ho rahi hai",HIGH
"please take action, roaad has several small cracks for many days",MEDIUM
"हमारे इलाके में, कई दिनों से कूड़ा नहीं उठाया गया है कृपया इसे जल्द हल करें",HIGH
main report karna chahta hoon ki main road par bahut saare potholes hain please ise resolve karein,HIGH
मैं शिकायत करना चाहता हूं कि खराब सड़क के कारण बड़ा हादसा हुआ है कई दिनों से,CRITICAL
"please action lein, road par exposed electric wire pada hai please action lein",CRITICAL
"कृपया मदद करें, एक कूड़ेदान खराब है कृपया कार्रवाई करें",LOW
I want to report that park wall needs painting please resolve this,LOW
मैं शिकायत करना चाहता हूं कि सरकारी इमारत में आग लगने की आपात स्थिति है हमारे इलाके में,CRITICAL
main report karna chahta hoon ki public bench purani hai hamare area mein,LOW
public washroom is very dirty,HIGH
"please take action, drinking wter is contaminated please resolve this",CRITICAL
"हमारे इलाके में, स्ट्रीट लाइट बार-बार झपक रही है कृपया इसे जल्द हल करें",MEDIUM
"हमारे इलाके में, फुटपाथ में छोटी दरार है कई दिनों से",LOW
हमारे इलाके में समस्या है कि मुख्य सड़क बहुत खराब हो गई है हमारे इलाके में,HIGH
garbage is piling up near residential buildings please take action,HIGH
"mere ghar ke paas, children open manhole ke danger mein hain please ise resolve karein",CRITICAL
I want to report that people are drinking contaminated water and residents are facing problems,CRITICAL
"मेरे घर के पास, हमारे इलाके में पानी की सप्लाई नहीं है और लोगों को परेशानी हो रही है",HIGH
"please help, park ki wall ko paint karna hai aur residents ko problem ho rahi hai",LOW
hamare area mein problem hai ki drainage ki cleaning chahiye hamare area mein,MEDIUM
"mere ghar ke paas, mere ghar ke paas strete light kaam nahi kar rahi hai",MEDIUM
"कृपया मदद करें, लोग दूषित पानी पी रहे हैं कई दिनों से",CRITICAL
"in our locality, public bench is old please resolve this",LOW
"please help, park ki bench ko paint karna hai please action lein",LOW
"हमारे इलाके में, बिजली का चालू तार सड़क पर गिर गया है हमारे इलाके में",CRITICAL
हमारे इलाके में समस्या है कि रिहायशी इलाके के पास गैस लीक हो रही है हमारे इलाके में,CRITICAL
main report karna chahta hoon ki hamare locality mein water supply nahi hai please ise resolve karein,HIGH
"please help, gas leak near residential area please resolve this",CRITICAL
"near my house, large potholes are causing problems for vehicles and residents are facing problems",HIGH
"near my house, park gate needs minor repair",LOW
"please action lein, main road par sewage water overflow ho raha hai aur residents ko problem ho rahi hai",CRITICAL
"कृपया कार्रवाई करें, हमारे इलाके में कोई भी स्ट्रीट लाइट काम नहीं कर रही है कृपया इसे जल्द हल करें",HIGH
"please action lein, area mein drinking water available nahi hai please ise resolve karein",HIGH
"कृपया मदद करें, स्कॉलरशिप आवेदन की स्थिति अपडेट नहीं हुई है कई दिनों से",MEDIUM
"in our locality, toilt is dirty and unusable",HIGH
"मेरे घर के पास, पानी की सप्लाई नियमित नहीं है",MEDIUM
सड़क का साइन बोर्ड धुंधला है और लोगों को परेशानी हो रही है,LOW
मैं शिकायत करना चाहता हूं कि स्कॉलरशिप जारी नहीं हुई है कृपया कार्रवाई करें,HIGH
"please help, street sign is faded and residents are facing problems",LOW
मैं शिकायत करना चाहता हूं कि नाली की सफाई की जरूरत है कई दिनों से,MEDIUM
I want to report that drain is partially blocked for many days,MEDIUM
"please help, garbage bin is overflowing occasionally for many days",MEDIUM
I want to report that stret sign is faded please resolve this,LOW
there is a problem where fire in a public building for many days,CRITICAL
"hamare locality mein, area mein drinking wter available nahi hai aur residents ko problem ho rahi hai",HIGH
"please help, road has several small cracks for many days",MEDIUM
"mere ghar ke paas, hamare area mein koi street ligth kaam nahi kar rahi hai aur residents ko problem ho rahi hai",HIGH
main report karna chahta hoon ki park lights properly kaam nahi kar rahi hain please ise resolve karein,MEDIUM
स्ट्रीट लाइट बार-बार झपक रही है कई दिनों से,MEDIUM
"कृपया कार्रवाई करें, मेरे घर के पास स्ट्रीट लाइट काम नहीं कर रही है और लोगों को परेशानी हो रही है",MEDIUM
"please action lein, garbej collection regular nahi hai aur residents ko problem ho rahi hai",MEDIUM
I want to report that public washrom is very dirty for many days,HIGH
"hamare locality mein, government building mein fire emergency hai hamare area mein",CRITICAL
"hamare locality mein, street ligth flicker kar rahi hai kai dino se",MEDIUM
there is a problem where roaad has several small cracks please resolve this,MEDIUM
"मेरे घर के पास, पार्क के गेट की छोटी मरम्मत करनी है कृपया इसे जल्द हल करें",LOW
"please action lein, live electric wire street par gir gaya hai kai dino se",CRITICAL
"मेरे घर के पास, सार्वजनिक बेंच पुरानी है",LOW
हमारे इलाके में समस्या है कि पार्क की लाइट ठीक से काम नहीं कर रही है कई दिनों से,MEDIUM
"in our locality, street sign is faded",LOW
हमारे इलाके में समस्या है कि खतरनाक बिजली का खंभा गिरने वाला है कृपया इसे जल्द हल करें,CRITICAL
"please take action, drainage needs cleaning please resolve this",MEDIUM
"कृपया कार्रवाई करें, पार्क की दीवार पर पेंट करने की जरूरत है हमारे इलाके में",LOW
"hamare locality mein, toilet ka door toot gaya hai please ise resolve karein",MEDIUM
"please action lein, public building mein fire lagi hai hamare area mein",CRITICAL
I want to report that major accident caused by damaged road for many days,CRITICAL
"hamare locality mein, main road badly damaged hai please ise resolve karein",HIGH
there is a problem where public toilet needs repair please take action,MEDIUM
I want to report that footpath has a small crack please resolve this,LOW
मैं शिकायत करना चाहता हूं कि लोग दूषित पानी पी रहे हैं कई दिनों से,CRITICAL
मैं शिकायत करना चाहता हूं कि लोग दूषित पानी पी रहे हैं और लोगों को परेशानी हो रही है,CRITICAL
"mere ghar ke paas, public washroom bahut dirty hai kai dino se",HIGH
"hamare locality mein, road completely damaged ho gayi hai please action lein",HIGH
there is a problem where street light near my house is not working please take action,MEDIUM
हमारे इलाके में समस्या है कि सार्वजनिक शौचालय बहुत गंदा है,HIGH
park lights properly kaam nahi kar rahi hain hamare area mein,MEDIUM
there is a problem where fire emergency in a government building for many days,CRITICAL
main report karna chahta hoon ki ek dustbin kharab hai kai dino se,LOW
"हमारे इलाके में, पार्क की रेलिंग की मरम्मत करनी है कृपया इसे जल्द हल करें",LOW
I want to report that park bench needs painting for many days,LOW
"please take action, garbage bin is overflowing occasionally in our area",MEDIUM
मैं शिकायत करना चाहता हूं कि खराब सड़क के कारण बड़ा हादसा हुआ है हमारे इलाके में,CRITICAL
"कृपया कार्रवाई करें, घरों के पास सीवेज का पानी बह रहा है कृपया कार्रवाई करें",HIGH
हमारे इलाके में समस्या है कि स्कॉलरशिप जारी नहीं हुई है कृपया इसे जल्द हल करें,HIGH
main report karna chahta hoon ki park ki wall ko paint karna hai hamare area mein,LOW
I want to report that one dustbin is damaged please resolve this,LOW
hamare area mein problem hai ki residential area ke paas gas leak ho rahi hai aur residents ko problem ho rahi hai,CRITICAL
"मेरे घर के पास, एक कूड़ेदान खराब है हमारे इलाके में",LOW
main report karna chahta hoon ki main rod par sewage water overflow ho raha hai please ise resolve karein,CRITICAL
"hamare locality mein, kai dino se garbge collect nahi hua hai hamare area mein",HIGH
"मेरे घर के पास, बच्चे खुले मैनहोल के खतरे में हैं कई दिनों से",CRITICAL
"please take action, park gate needs minor repair please resolve this",LOW
"please help, ek dustbin kharab hai",LOW
"कृपया कार्रवाई करें, सार्वजनिक टॉयलेट की मरम्मत करनी है और लोगों को परेशानी हो रही है",MEDIUM
"mere ghar ke paas, garbage collection regular nahi hai kai dino se",MEDIUM
"कृपया मदद करें, पार्क के गेट की छोटी मरम्मत करनी है",LOW
"please help, area mein drinking wter available nahi hai aur residents ko problem ho rahi hai",HIGH
"please help, residential buildings ke paas garbge pile ho raha hai please ise resolve karein",HIGH
टॉयलेट का दरवाजा टूटा हुआ है हमारे इलाके में,MEDIUM
मैं शिकायत करना चाहता हूं कि पार्क की लाइट ठीक से काम नहीं कर रही है हमारे इलाके में,MEDIUM
scholarship has not been released please take action,HIGH
there is a problem where drinking watr is contaminated in our area,CRITICAL
"please action lein, main road par sewage water overflow ho raha hai please ise resolve karein",CRITICAL
"कृपया मदद करें, लोग दूषित पानी पी रहे हैं कई दिनों से",CRITICAL
मैं शिकायत करना चाहता हूं कि हमारे इलाके में कोई भी स्ट्रीट लाइट काम नहीं कर रही है,HIGH
hamare area mein problem hai ki road par exposed electric wire pada hai please action lein,CRITICAL
"near my house, scholarship application status is not updated",MEDIUM
there is a problem where major accident caused by damaged road and residents are facing problems,CRITICAL
"हमारे इलाके में, स्ट्रीट लाइट बार-बार झपक रही है कई दिनों से",MEDIUM
"हमारे इलाके में, स्कॉलरशिप आवेदन की स्थिति अपडेट नहीं हुई है कई दिनों से",MEDIUM
"in our locality, drain is partially blocked",MEDIUM
"near my house, dangerous electric pole is about to fall please resolve this",CRITICAL
drain is partially blocked,MEDIUM
hamare area mein problem hai ki ek dustbin kharab hai aur residents ko problem ho rahi hai,LOW
"please help, road completely damaged ho gayi hai hamare area mein",HIGH
"near my house, one dustbin is damaged please take action",LOW
there is a problem where one dustbin is damaged please take action,LOW
"हमारे इलाके में, बिजली का चालू तार सड़क पर गिर गया है",CRITICAL
मैं शिकायत करना चाहता हूं कि रिहायशी इमारतों के पास कूड़ा जमा हो रहा है हमारे इलाके में,HIGH
हमारे इलाके में समस्या है कि नाली की सफाई की जरूरत है,MEDIUM
"कृपया मदद करें, सड़क का साइन बोर्ड धुंधला है कई दिनों से",LOW
"please take action, drain is partially blocked for many days",MEDIUM
मैं शिकायत करना चाहता हूं कि लोग दूषित पानी पी रहे हैं और लोगों को परेशानी हो रही है,CRITICAL
मैं शिकायत करना चाहता हूं कि नाली की सफाई की जरूरत है हमारे इलाके में,MEDIUM
"हमारे इलाके में, मेरे घर के पास स्ट्रीट लाइट काम नहीं कर रही है हमारे इलाके में",MEDIUM
"हमारे इलाके में, लोग दूषित पानी पी रहे हैं हमारे इलाके में",CRITICAL
"please take action, street light near my house is not working",MEDIUM
"please action lein, area mein drinking watr available nahi hai aur residents ko problem ho rahi hai",HIGH
"mere ghar ke paas, dangerous electric pole girne wala hai please ise resolve karein",CRITICAL
"please help, open manhole near a shcool in our area",CRITICAL
I want to report that there is no water supply in our locality for many days,HIGH
I want to report that public toilet needs repair,MEDIUM
"कृपया कार्रवाई करें, सरकारी इमारत में आग लगने की आपात स्थिति है कृपया कार्रवाई करें",CRITICAL
"in our locality, garbage bin is overflowing occasionally please resolve this",MEDIUM
"near my house, toilet door is broken for many days",MEDIUM
"please help, toilet is dirty and unusable please resolve this",HIGH
"please take action, children are exposed to an open manhole please take action",CRITICAL
"मेरे घर के पास, घरों के पास सीवेज का पानी बह रहा है और लोगों को परेशानी हो रही है",HIGH
"हमारे इलाके में, कूड़ा उठाने की व्यवस्था नियमित नहीं है हमारे इलाके में",MEDIUM
"near my house, footpath has a small crack please take action",LOW
"कृपया मदद करें, खतरनाक बिजली का खंभा गिरने वाला है हमारे इलाके में",CRITICAL
there is a problem where people are drinking contaminated water for many days,CRITICAL
"हमारे इलाके में, रिहायशी इलाके के पास गैस लीक हो रही है और लोगों को परेशानी हो रही है",CRITICAL
"hamare locality mein, scholarship application ka status update nahi hua please action lein",MEDIUM
public bench is old and residents are facing problems,LOW
"please action lein, park ki wall ko paint karna hai please action lein",LOW
public bench purani hai aur residents ko problem ho rahi hai,LOW
dangerous electric pole is about to fall in our area,CRITICAL
main report karna chahta hoon ki kai dino se garbage collect nahi hua hai,HIGH
public toilett needs repair please resolve this,MEDIUM
"please action lein, park railing ki repair chahiye please ise resolve karein",LOW
I want to report that street light near my house is not working please resolve this,MEDIUM
"कृपया कार्रवाई करें, पार्क की रेलिंग की मरम्मत करनी है कृपया कार्रवाई करें",LOW
main report karna chahta hoon ki children open manhole ke danger mein hain please action lein,CRITICAL
"please action lein, scholarshp release nahi hui hai kai dino se",HIGH
"please help, drainage ki cleaning chahiye hamare area mein",MEDIUM
"मेरे घर के पास, लोग दूषित पानी पी रहे हैं कृपया कार्रवाई करें",CRITICAL
"hamare locality mein, dangerous electric pole girne wala hai please ise resolve karein",CRITICAL
"कृपया कार्रवाई करें, सड़क का साइन बोर्ड धुंधला है कृपया कार्रवाई करें",LOW
स्कॉलरशिप आवेदन की स्थिति अपडेट नहीं हुई है और लोगों को परेशानी हो रही है,MEDIUM
"please take action, street sign is faded please resolve this",LOW
मैं शिकायत करना चाहता हूं कि पार्क की दीवार पर पेंट करने की जरूरत है,LOW
"hamare locality mein, drainage ki cleaning chahiye please ise resolve karein",MEDIUM
मेरे घर के पास स्ट्रीट लाइट काम नहीं कर रही है हमारे इलाके में,MEDIUM
"mere ghar ke paas, hamare area mein koi street light kaam nahi kar rahi hai please action lein",HIGH
"कृपया मदद करें, स्कॉलरशिप जारी नहीं हुई है",HIGH
हमारे इलाके में समस्या है कि पार्क की रेलिंग की मरम्मत करनी है हमारे इलाके में,LOW
"please help, park wall needs painting and residents are facing problems",LOW
children open manhole ke danger mein hain aur residents ko problem ho rahi hai,CRITICAL
हमारे इलाके में समस्या है कि सड़क पूरी तरह खराब हो गई है हमारे इलाके में,HIGH
"हमारे इलाके में, स्कूल के पास खुला मैनहोल है",CRITICAL
मैं शिकायत करना चाहता हूं कि हमारे इलाके में कोई भी स्ट्रीट लाइट काम नहीं कर रही है और लोगों को परेशानी हो रही है,HIGH
main report karna chahta hoon ki hamare area mein koi street ligth kaam nahi kar rahi hai hamare area mein,HIGH
"please action lein, public bench purani hai",LOW
"कृपया कार्रवाई करें, बच्चे खुले मैनहोल के खतरे में हैं",CRITICAL
"please take action, footpath has a small crack and residents are facing problems",LOW
"hamare locality mein, name board kharab hai kai dino se",LOW
"in our locality, drain is partially blocked in our area",MEDIUM
एक कूड़ेदान खराब है,LOW
"कृपया मदद करें, सड़क पूरी तरह खराब हो गई है कई दिनों से",HIGH
हमारे इलाके में समस्या है कि पीने का पानी दूषित है और लोगों को परेशानी हो रही है,CRITICAL
"मेरे घर के पास, पार्क की रेलिंग की मरम्मत करनी है हमारे इलाके में",LOW
I want to report that public washrom is very dirty in our area,HIGH
"please help, dangerous electric pole is about to fall please resolve this",CRITICAL
government building mein fire emergency hai please ise resolve karein,CRITICAL
I want to report that children are exposed to an open manhole and residents are facing problems,CRITICAL
"please help, drain is partially blocked for many days",MEDIUM
"please help, rod par kai small cracks hain kai dino se",MEDIUM
there is a problem where drain is partially blocked for many days,MEDIUM
"please take action, sewage water is overflowing on the main road and residents are facing problems",CRITICAL
कूड़ेदान कभी-कभी भर जाता है हमारे इलाके में,MEDIUM
there is a problem where garbage is piling up near residential buildings please resolve this,HIGH
"please take action, drinking water is contaminated please resolve this",CRITICAL
"mere ghar ke paas, garbej bin kabhi kabhi overflow ho jata hai please action lein",MEDIUM
"कृपया मदद करें, खराब सड़क के कारण बड़ा हादसा हुआ है कृपया इसे जल्द हल करें",CRITICAL
पार्क की रेलिंग की मरम्मत करनी है कई दिनों से,LOW
"near my house, no street light is working in our area",HIGH
there is a problem where drain is partially blocked in our area,MEDIUM
"hamare locality mein, road par exposed electric wire pada hai",CRITICAL
"please help, roaad completely damaged ho gayi hai please ise resolve karein",HIGH
पार्क की लाइट ठीक से काम नहीं कर रही है,MEDIUM
"कृपया कार्रवाई करें, रिहायशी इलाके के पास गैस लीक हो रही है",CRITICAL
"please take action, main road is badly damaged for many days",HIGH
"mere ghar ke paas, park ki bench ko paint karna hai please action lein",LOW
हमारे इलाके में समस्या है कि सड़क पर बिजली का खुला तार पड़ा है कृपया कार्रवाई करें,CRITICAL
"please take action, street light near my house is not working for many days",MEDIUM
I want to report that public toilet needs repair for many days,MEDIUM
"please take action, road has several small cracks and residents are facing problems",MEDIUM
"कृपया मदद करें, पार्क की दीवार पर पेंट करने की जरूरत है",LOW
main report karna chahta hoon ki scholarship release nahi hui hai please action lein,HIGH
"please help, public toilett needs repair",MEDIUM
"please take action, one dustbin is damaged please take action",LOW
"mere ghar ke paas, kai dino se garbej collect nahi hua hai aur residents ko problem ho rahi hai",HIGH
"मेरे घर के पास, पार्क के गेट की छोटी मरम्मत करनी है हमारे इलाके में",LOW
"हमारे इलाके में, फुटपाथ में छोटी दरार है कई दिनों से",LOW
public bench purani hai please ise resolve karein,LOW
मैं शिकायत करना चाहता हूं कि एक कूड़ेदान खराब है हमारे इलाके में,LOW
"please help, one dustbin is damaged and residents are facing problems",LOW
पार्क के गेट की छोटी मरम्मत करनी है कृपया इसे जल्द हल करें,LOW
garbge bin is overflowing occasionally please take action,MEDIUM
"मेरे घर के पास, बच्चे खुले मैनहोल के खतरे में हैं कई दिनों से",CRITICAL
"near my house, park lights are not working properly for many days",MEDIUM
hamare area mein problem hai ki children open manhole ke danger mein hain,CRITICAL
"in our locality, footpath has a small crack and residents are facing problems",LOW
park wall needs painting please take action,LOW
"mere ghar ke paas, drainage ki cleaning chahiye",MEDIUM
major accident caused by damaged road please resolve this,CRITICAL
"mere ghar ke paas, public toilet ki repair chahiye kai dino se",MEDIUM
"please take action, sewage is overflowing near houses please resolve this",HIGH
"near my house, garbage bin is overflowing occasionally",MEDIUM
नाम का बोर्ड खराब है हमारे इलाके में,LOW
main report karna chahta hoon ki main road par sewage water overflow ho raha hai,CRITICAL
name board kharab hai please ise resolve karein,LOW
"please action lein, drain partially blocked hai aur residents ko problem ho rahi hai",MEDIUM
"please help, drinking water contaminated hai aur residents ko problem ho rahi hai",CRITICAL
hamare area mein problem hai ki garbge collection regular nahi hai,MEDIUM
"कृपया कार्रवाई करें, सार्वजनिक इमारत में आग लगी है कृपया इसे जल्द हल करें",CRITICAL
main report karna chahta hoon ki public toilet kai dino se unusable hai kai dino se,HIGH
"please action lein, public toilet kai dino se unusable hai hamare area mein",HIGH
"in our locality, park lights are not working properly please resolve this",MEDIUM
public toilett needs repair,MEDIUM
"please help, shcool ke paas open manhole hai please ise resolve karein",CRITICAL
"please take action, name board is damaged for many days",LOW
"please help, public building mein fire lagi hai please ise resolve karein",CRITICAL
main report karna chahta hoon ki scholarship release nahi hui hai aur residents ko problem ho rahi hai,HIGH
"हमारे इलाके में, पार्क के गेट की छोटी मरम्मत करनी है हमारे इलाके में",LOW
"near my house, drinking water is contaminated for many days",CRITICAL
"mere ghar ke paas, large potholes ki wajah se vehicles ko problem ho rahi hai please ise resolve karein",HIGH
there is a problem where gas leak near residential area for many days,CRITICAL
"mere ghar ke paas, public toilett kai dino se unusable hai kai dino se",HIGH
"please action lein, large potholes ki wajah se vehicles ko problem ho rahi hai kai dino se",HIGH
"कृपया मदद करें, पार्क की दीवार पर पेंट करने की जरूरत है कृपया इसे जल्द हल करें",LOW
"कृपया कार्रवाई करें, एक कूड़ेदान खराब है कृपया कार्रवाई करें",LOW
"please help, kai dino se garbage collect nahi hua hai please action lein",HIGH
"please help, hamare area mein koi street light kaam nahi kar rahi hai",HIGH
park gate needs minor repair please resolve this,LOW
"मेरे घर के पास, पार्क की दीवार पर पेंट करने की जरूरत है हमारे इलाके में",LOW
"please take action, street light is flickering in our area",MEDIUM
"कृपया कार्रवाई करें, पार्क के गेट की छोटी मरम्मत करनी है कृपया कार्रवाई करें",LOW
हमारे इलाके में समस्या है कि एक कूड़ेदान खराब है कृपया इसे जल्द हल करें,LOW
"please action lein, damaged rod ki wajah se major accident hua hai please ise resolve karein",CRITICAL
"हमारे इलाके में, घरों के पास सीवेज का पानी बह रहा है कृपया कार्रवाई करें",HIGH
"कृपया कार्रवाई करें, मुख्य सड़क पर बहुत सारे गड्ढे हैं कृपया इसे जल्द हल करें",HIGH
"हमारे इलाके में, सार्वजनिक टॉयलेट की मरम्मत करनी है कृपया कार्रवाई करें",MEDIUM
"कृपया कार्रवाई करें, पार्क की लाइट ठीक से काम नहीं कर रही है और लोगों को परेशानी हो रही है",MEDIUM
"in our locality, street ligth near my house is not working in our area",MEDIUM
park gate ki minor repair chahiye please action lein,LOW
I want to report that garbage collection is irregular for many days,MEDIUM
there is a problem where street light near my house is not working for many days,MEDIUM
"in our locality, many potholes are present on the main road please take action",HIGH
एक कूड़ेदान खराब है,LOW
"please help, drinking watr is contaminated for many days",CRITICAL
