grievance_id,text,category
GRV101340,"Eve teasing Adhartal area mein badh gayi hai, mahilaye ghar se nikalne mein dari rehti hain. Sadar naman.",Police & Law and Order
GRV102878,"श्रमिक कार्ड Ranchi में a month से renewal ke liye pending hai, yojnaon ka labh nahi mil raha. Thank you.",Employment & Labour
GRV100497,"Dear officer, सड़क पर बिना बैरिकेड के गड्ढा खोदा गया है Varanasi में, raat mein accident ka khatra hai.",Roads & Infrastructure
GRV100019,"पिछले a month से हमारे इलाके Bhopal में पानी की सप्लाई बंद है, कृपया जल्दी ठीक करवाएं। Please take urgent action.",Water Supply
GRV101868,"Namaste sir, सरकारी स्कूल Raipur में छात्रवृत्ति 3000 रुपए अभी तक नहीं आई। कृपया जल्द कार्रवाई करें।",Education & Schools
GRV100888,"Respected Sir, पेंशन फॉर्म में गलत बैंक खाता नंबर दर्ज हो गया है, कृपया सुधार करें। Sadar naman.",Pension & Provident Fund
GRV102982,"Sir/Madam, आय प्रमाण पत्र Indore कार्यालय से 5 din में नहीं बना, बार बार चक्कर लगवाया जा रहा है। Sadar naman.",Municipal Certificates
GRV100500,"Namaste sir, Road divider Ward 12 mein toota pada hai 3 days se, gaadiyan galat side se overtake kar rahi hain. Kripya jald samadhan karein.",Roads & Infrastructure
GRV102388,KYC update na hone ki wajah se account block ho gaya Sector 7 branch mein.,Banking & Financial Services
GRV102003,"Sir/Madam, New ration card ke liye 1 hafta se apply kiya hai Ward 12 office mein, abhi tak nahi bana.",Ration & Public Distribution System
GRV101911,"Dear officer, Teacher transfer Patna school se 10 din pehle hua tha, replacement abhi tak nahi mila, class khali padi hai. Otherwise we will protest.",Education & Schools
GRV100561,"महोदय, पुल Raipur में टूटा हुआ है, बच्चे स्कूल जाने में डरते हैं, कृपया जल्दी बनवाएं। कृपया जल्द कार्रवाई करें।",Roads & Infrastructure
GRV100073,"Namaste sir, जल आपूर्ति विभाग Jabalpur में शिकायत के बाद भी पानी की लाइन ठीक नहीं कर रहा। Kripya jald samadhan karein.",Water Supply
GRV103096,"Namaste sir, निवास प्रमाण पत्र Sector 7 कार्यालय से बनवाने में 10 din लग गए, अभी तक हाथ में नहीं मिला। Otherwise we will protest.",Municipal Certificates
GRV102392,"Respected Sir, KYC update na hone ki wajah se account block ho gaya Patna branch mein. Bahut pareshaan hain hum log.",Banking & Financial Services
GRV100201,"Namaste sir, Illegal water connection Jaipur mein hone se hamari colony mein paani ka pressure kam ho gaya hai. Please take urgent action.",Water Supply
GRV100381,"Dear officer, Electricity wire loose latak rahi hai Ward 12 mein, accident ka khatra hai, turant thik karwaye. Thank you.",Electricity
GRV100940,"Respected Sir, EPF transfer Madan Mahal regional office se 10 din se atka hai, naya employer wait kar raha hai.",Pension & Provident Fund
GRV100839,"Dear officer, PF withdrawal request 2 hafte se pending h, office se koi response nhi mil raha. Kripya jald samadhan karein.",Pension & Provident Fund
GRV102057,"Sir/Madam, Ration dukan Ranchi mein tay samay par nahi khulti, logo ko baar baar chakkar lagana padta hai.",Ration & Public Distribution System
GRV100401,"नया बिजली कनेक्शन Lucknow में a month से पेंडिंग है, आवेदन के बावजूद बिजली विभाग जवाब नहीं दे रहा। Please take urgent action.",Electricity
GRV102100,"महोदय, PDS shop Bhopal mein gehu aur chawal is mahine bilkul nahi mila, dealer bahana bana raha hai.",Ration & Public Distribution System
GRV101472,"Namaste sir, Illegal encroachment aur jua Napier Town mohalle mein khule aam chal raha hai, police mook drashak bani hai. Please take urgent action.",Police & Law and Order
GRV101669,"Sir/Madam, सरकारी अस्पताल Kanpur में दवाइयां उपलब्ध नहीं हैं, बाहर से खरीदनी पड़ रही है। Bahut pareshaan hain hum log.",Healthcare & Hospitals
GRV101736,"Dear officer, Free treatment scheme card ban gaya lekin hospital Kanpur mein accept nahi kar rahe. Bahut pareshaan hain hum log.",Healthcare & Hospitals
GRV101973,"Respected Sir, स्कूल Jaipur में शौचालय की स्थिति बहुत खराब है, बच्चियां स्कूल आने से कतरा रही हैं।",Education & Schools
GRV100795,"मेरी पीएफ की राशि 5000 रुपए अभी तक ट्रांसफर नहीं हुई, 15 din हो गए आवेदन दिए।",Pension & Provident Fund
GRV102276,"Sir/Madam, Fraud transaction 5000 rupaye ka Madan Mahal branch account se hua hai, turant jaanch karwaye. Kripya jald samadhan karein.",Banking & Financial Services
GRV100977,"सेवानिवृत्ति के बाद पेंशन खाता Gwalior में अपडेट नहीं हुआ, a month से चक्कर काट रहे हैं। Otherwise we will protest.",Pension & Provident Fund
GRV100538,"पुलिया Raipur में बारिश में डूब जाती है हर साल, स्थायी समाधान चाहिए। Please take urgent action.",Roads & Infrastructure
GRV100992,"Namaste sir, मेरी पीएफ की राशि 1500 रुपए अभी तक ट्रांसफर नहीं हुई, a month हो गए आवेदन दिए। Bahut pareshaan hain hum log.",Pension & Provident Fund
GRV102790,"Namaste sir, बेरोजगारी भत्ता Patna employment office se one week से नहीं मिला आवेदन के बावजूद।",Employment & Labour
GRV101963,"छात्र का प्रमाण पत्र Kotwali area स्कूल से 3 days से नहीं मिल रहा, दाखिले में दिक्कत हो रही है। Sadar naman.",Education & Schools
GRV102151,गरीब परिवारों को Model Town राशन दुकान से चीनी और तेल कई महीनों से नहीं मिल रहा। Kripya jald samadhan karein.,Ration & Public Distribution System
GRV100376,"Sir/Madam, बिजली का खंभा टूट कर सड़क पर गिरा है Gandhi Nagar में, दुर्घटना हो सकती है, कृपया जल्दी हटवाएं। Kripya jald samadhan karein.",Electricity
GRV100570,"महोदय, Footpath Ward 12 mein encroachment ho gaya hai, pedestrians ko sadak par chalna padta hai. कृपया जल्द कार्रवाई करें।",Roads & Infrastructure
GRV100237,"बिजली का बिल 500 रुपए गलत आया है Sector 7 पते पर, इसे ठीक करवाएं।",Electricity
GRV101576,"Sir/Madam, आयुष्मान कार्ड Sector 7 अस्पताल में मान्य नहीं किया जा रहा, मरीज को इलाज से मना कर दिया। Please take urgent action.",Healthcare & Hospitals
GRV101879,"Dear officer, Teacher transfer Jaipur school se two weeks pehle hua tha, replacement abhi tak nahi mila, class khali padi hai. Otherwise we will protest.",Education & Schools
GRV102976,"Namaste sir, OBC certificate Varanasi tehsil se renew karwana tha, 1 mahine se application stuck h portal par. कृपया जल्द कार्रवाई करें।",Municipal Certificates
GRV100661,"Sewage line Kotwali area mein block ho gayi hai, ghar ke andar gandi nali ka kachra bhar raha hai. Kripya jald samadhan karein.",Sanitation & Garbage
GRV102628,Government scheme ka labh Kavita Singh ko Kotwali area mein tabhi mila jab 1000 rupaye commission diya. Thank you.,Corruption & Bribery
GRV100959,"Respected Sir, EPF transfer Lucknow regional office se 1 mahine se atka hai, naya employer wait kar raha hai. Bahut pareshaan hain hum log.",Pension & Provident Fund
GRV101128,"Dear officer, मेरी जमीन का सीमांकन Civil Lines में गलत हो गया है, पड़ोसी ने कब्जा कर लिया है। Otherwise we will protest.",Land Records & Revenue
GRV102962,"Dear officer, निवास प्रमाण पत्र Adhartal कार्यालय से बनवाने में 5 din लग गए, अभी तक हाथ में नहीं मिला। Otherwise we will protest.",Municipal Certificates
GRV102412,"महोदय, बैंक Raipur में सरकारी योजना का पैसा 3000 रुपए अभी तक जमा नहीं हुआ। Bahut pareshaan hain hum log.",Banking & Financial Services
GRV100368,"Transformer blast ho gaya Ward 12 mein, area mein bijli nahi hai a month se, jaldi replace karwaye. Kripya jald samadhan karein.",Electricity
GRV102969,"Income certificate online apply Jaipur portal par kiya tha, 15 din se status pending dikha raha hai.",Municipal Certificates
GRV100674,"गंदगी की वजह से Varanasi में मक्खी मच्छर बहुत बढ़ गए हैं, महामारी फैलने का डर है। Kripya jald samadhan karein.",Sanitation & Garbage
GRV101539,"Respected Sir, Ambulance Indore bulane par 2 hafte ghante late aayi, emergency case tha. Thank you.",Healthcare & Hospitals
GRV102433,"भ्रष्ट अधिकारी Bhopal में बिना घूस लिए फाइल आगे नहीं बढ़ाता, कई बार शिकायत कर चुके हैं। Kripya jald samadhan karein.",Corruption & Bribery
GRV102157,"Respected Sir, Ration dukan Jabalpur mein tay samay par nahi khulti, logo ko baar baar chakkar lagana padta hai. Thank you.",Ration & Public Distribution System
GRV103081,"Sir/Madam, Caste certificate Nagpur tehsil office mein 1 hafta se pending hai, admission ki last date nikal rahi hai. Thank you.",Municipal Certificates
GRV100083,"Dear officer, Hamare Ranchi mohalle mein pichle 10 din se paani nahi aa raha hai, jaldi thik karwaye. Sadar naman.",Water Supply
GRV103039,"महोदय, Domicile certificate Sector 7 mein 3 days se atka hua h, job application ki deadline nikal rahi hai. Kripya jald samadhan karein.",Municipal Certificates
GRV100806,"Respected Sir, PF withdrawal request 10 din se pending hai, office se koi response nahi mil raha. Sadar naman.",Pension & Provident Fund
GRV100529,"Dear officer, No streetlight on the main road of Wright Town, very unsafe at night for 20 din now. Thank you.",Roads & Infrastructure
GRV101154,"Sir/Madam, Land record mein Rajesh Verma ka naam galat likha hai, correction chahiye 20 din se request kar raha hoon.",Land Records & Revenue
GRV101253,"भू-अभिलेख में गलती है, कृपया तहसीलदार Patna को निर्देश दें ठीक करने का। Please take urgent action.",Land Records & Revenue
GRV100366,"Respected Sir, बिजली का बिल 3000 रुपए गलत आया है Indore पते पर, इसे ठीक करवाएं। Otherwise we will protest.",Electricity
GRV101022,"Dear officer, मेरी जमीन का सीमांकन Jaipur में गलत हो गया है, पड़ोसी ने कब्जा कर लिया है।",Land Records & Revenue
GRV102726,"महोदय, MGNREGA ki mazdoori two weeks se nahi mili Napier Town panchayat mein, ghar chalana mushkil ho gaya hai.",Employment & Labour
GRV101900,"छात्र का प्रमाण पत्र Raipur स्कूल से 15 din से नहीं मिल रहा, दाखिले में दिक्कत हो रही है। Please take urgent action.",Education & Schools
GRV101352,"Respected Sir, मोहल्ले में Indore में असामाजिक तत्वों का आतंक है, रात को शराब पीकर हंगामा करते हैं। Thank you.",Police & Law and Order
GRV101336,"Sir/Madam, Illegal encroachment aur jua Jaipur mohalle mein khule aam chal raha hai, police mook drashak bani hai. Thank you.",Police & Law and Order
GRV103020,"Namaste sir, OBC certificate Shastri Colony tehsil se renew karwana tha, 10 din se application stuck hai portal par. Sadar naman.",Municipal Certificates
GRV101301,"Respected Sir, Chn snatching hui thi Bhopal mein, police ne case follow up nhi kiya.",Police & Law and Order
GRV101303,"Respected Sir, Illegal encroachment aur jua Madan Mahal mohalle mein khule aam chal raha hai, police mook drashak bani hai. Otherwise we will protest.",Police & Law and Order
GRV101065,"Dear officer, Patta zameen ka record Napier Town revenue office se galat show ho raha hai online portal par. कृपया जल्द कार्रवाई करें।",Land Records & Revenue
GRV101745,"छात्र का प्रमाण पत्र Gwalior स्कूल से 2 hafte से नहीं मिल रहा, दाखिले में दिक्कत हो रही है।",Education & Schools
GRV103009,"Dear officer, Character certificate Civil Lines police station se 15 din se pending hai, job joining rukh gayi hai. Please take urgent action.",Municipal Certificates
GRV101002,"Dear officer, EPF transfer Adhartal regional office se 1 mahine se atka hai, naya employer wait kar raha hai. Thank you.",Pension & Provident Fund
GRV102521,"भ्रष्ट अधिकारी Gwalior में बिना घूस लिए फाइल आगे नहीं बढ़ाता, कई बार शिकायत कर चुके हैं।",Corruption & Bribery
GRV100431,"सड़क Sector 7 में बहुत खराब हालत में है, बारिश में कीचड़ हो जाता है, मरम्मत करवाएं।",Roads & Infrastructure
GRV102760,"Sir/Madam, मनरेगा जॉब कार्ड Ward 12 में 15 din से नहीं बना, काम भी नहीं मिल रहा। Otherwise we will protest.",Employment & Labour
GRV100553,"Namaste sir, Footpath Gwalior mein encroachment ho gaya hai, pedestrians ko sadak par chalna padta hai. कृपया जल्द कार्रवाई करें।",Roads & Infrastructure
GRV102344,"Dear officer, बैंक Nagpur में सरकारी योजना का पैसा 10000 रुपए अभी तक जमा नहीं हुआ। Sadar naman.",Banking & Financial Services
GRV101944,"Sarkari school Adhartal mein 10 din se teacher nahi aa raha h, padhai band hai. Kripya jald samadhan karein.",Education & Schools
GRV102253,"Respected Sir, बैंक Bhopal में सरकारी योजना का पैसा 3000 रुपए अभी तक जमा नहीं हुआ। Bahut pareshaan hain hum log.",Banking & Financial Services
GRV102731,"महोदय, Construction site Kotwali area par bina helmet aur safety belt ke kaam karwaya ja raha h mazdooro se.",Employment & Labour
GRV101515,"अस्पताल Civil Lines में सफाई की बहुत खराब स्थिति है, संक्रमण फैलने का डर है। Bahut pareshaan hain hum log.",Healthcare & Hospitals
GRV101313,"Respected Sir, गुमशुदगी की रिपोर्ट Jaipur थाने में a month पहले दी थी, अभी तक कोई तलाश शुरू नहीं हुई। Bahut pareshaan hain hum log.",Police & Law and Order
GRV102137,"महोदय, Anaj ki quality Civil Lines ration dukan mein bahut kharab h, keede lage hue chawal mil rahe hain.",Ration & Public Distribution System
GRV101874,"School building Gwalior mein chhat tapakti hai barish mein, khatarnak sthiti hai. Otherwise we will protest.",Education & Schools
GRV102179,"Respected Sir, गरीबी रेखा राशन कार्ड Wright Town में गलत तरीके से रद्द कर दिया गया, फिर से चालू करवाएं। Please take urgent action.",Ration & Public Distribution System
GRV102961,"Respected Sir, Caste certificate Sector 7 tehsil office mein two weeks se pending hai, admission ki last date nikal rahi hai.",Municipal Certificates
GRV102013,"Fair price shop Gandhi Nagar mein weighing machine kharab hai, kam tola jata hai anaj. Kripya jald samadhan karein.",Ration & Public Distribution System
GRV100994,"Widow pension application Madan Mahal office mein submit kiya tha, 3 days se koi update nahi. Otherwise we will protest.",Pension & Provident Fund
GRV100186,"Sir humara water tanker Nagpur area mein nahi aata, complaint diye a month ho gaye.",Water Supply
GRV101137,"भू-अभिलेख में गलती है, कृपया तहसीलदार Sector 7 को निर्देश दें ठीक करने का। Kripya jald samadhan karein.",Land Records & Revenue
GRV100928,"PF withdrawal request 3 days se pending hai, office se koi response nahi mil raha. Thank you.",Pension & Provident Fund
GRV100001,"महोदय, पिछले 1 mahine से हमारे इलाके Gwalior में पानी की सप्लाई बंद है, कृपया जल्दी ठीक करवाएं। Bahut pareshaan hain hum log.",Water Supply
GRV102191,"Sir/Madam, ATM Kanpur mein 1 hafta se kharab h, paise nhi nikal pa raha koi. कृपया जल्द कार्रवाई करें।",Banking & Financial Services
GRV101282,"मोहल्ले में Sector 7 में असामाजिक तत्वों का आतंक है, रात को शराब पीकर हंगामा करते हैं। कृपया जल्द कार्रवाई करें।",Police & Law and Order
GRV100993,"Dear officer, Widow pension application Bhopal office mein submit kiya tha, 1 hafta se koi update nahi. Otherwise we will protest.",Pension & Provident Fund
GRV102906,"Namaste sir, EPFO complaint diya tha 20 din pehle, response nahi aaya Shastri Colony regional office se. Sadar naman.",Employment & Labour
GRV103040,"Caste certificate Wright Town tehsil office mein 1 hafta se pending hai, admission ki last date nikal rahi hai. Kripya jald samadhan karein.",Municipal Certificates
GRV101493,"Respected Sir, पुलिस थाना Bhopal में तैनात कर्मचारी रिश्वत मांग रहा है काम करने के लिए। Bahut pareshaan hain hum log.",Police & Law and Order
GRV101975,"Sarkari school Lucknow mein two weeks se teacher nahi aa raha hai, padhai band hai. कृपया जल्द कार्रवाई करें।",Education & Schools
GRV100082,"Dear officer, Sir humara water tanker Raipur area mein nahi aata, complaint diye 1 hafta ho gaye.",Water Supply
GRV102220,"Namaste sir, ATM Ranchi mein 2 hafte se kharab hai, paise nahi nikal pa raha koi. Bahut pareshaan hain hum log.",Banking & Financial Services
GRV100432,"महोदय, सड़क किनारे रेलिंग टूटी हुई है Raipur में, वाहन गिरने का खतरा बना हुआ है। Please take urgent action.",Roads & Infrastructure
GRV100991,"मेरी पीएफ की राशि 1500 रुपए अभी तक ट्रांसफर नहीं हुई, 5 din हो गए आवेदन दिए। Please take urgent action.",Pension & Provident Fund
GRV101015,"Dear officer, मेरी पीएफ की राशि 5000 रुपए अभी तक ट्रांसफर नहीं हुई, two weeks हो गए आवेदन दिए। Thank you.",Pension & Provident Fund
GRV100724,"Respected Sir, Kachra Kanpur colony ke khali plot mein daala ja raha hai, badbu aur bimari ka khatra hai. Sadar naman.",Sanitation & Garbage
GRV102101,"Sir/Madam, Ration card Lucknow dukan par is mahine anaj nahi mila, dealer mana kar raha hai. Please take urgent action.",Ration & Public Distribution System
GRV102680,"Namaste sir, श्रमिक कार्ड Civil Lines में 1 hafta से renewal ke liye pending hai, yojnaon ka labh nahi mil raha. Bahut pareshaan hain hum log.",Employment & Labour
GRV102650,"Dear officer, Clerk ne 3000 rupaye maange Indore office mein pension file aage badhane ke liye, ghoos lena band karwaye. Please take urgent action.",Corruption & Bribery
GRV102740,Construction site Ward 12 par bina helmet aur safety belt ke kaam karwaya ja raha h mazdooro se. Kripya jald samadhan karein.,Employment & Labour
GRV102001,"महोदय, Ration card Raipur mein digitally seeded nahi hai, isliye anaj milna band ho gaya hai. Thank you.",Ration & Public Distribution System
GRV102613,"महोदय, Government scheme ka labh Sunita Patel ko Wright Town mein tabhi mila jab 3000 rupaye commission diya. कृपया जल्द कार्रवाई करें।",Corruption & Bribery
GRV102048,"Dear officer, गरीबी रेखा राशन कार्ड Gwalior में गलत तरीके से रद्द कर दिया गया, फिर से चालू करवाएं।",Ration & Public Distribution System
GRV101661,"Namaste sir, Ambulance Jaipur bulane par one week ghante late aayi, emergency case tha. कृपया जल्द कार्रवाई करें।",Healthcare & Hospitals
GRV103063,"Dear officer, आय प्रमाण पत्र Ward 12 कार्यालय से 1 mahine में नहीं बना, बार बार चक्कर लगवाया जा रहा है। Sadar naman.",Municipal Certificates
GRV101570,"Primary health center Ranchi mein staff hi nahi hai one week se, gaon walo ko door jana padta hai ilaj ke liye. Thank you.",Healthcare & Hospitals
GRV102668,"Namaste sir, सरकारी दफ्तर Ranchi में बिना रिश्वत दिए कोई फाइल आगे नहीं बढ़ती। Sadar naman.",Corruption & Bribery
GRV100456,"Sir/Madam, पुलिया Ranchi में बारिश में डूब जाती है हर साल, स्थायी समाधान चाहिए। Bahut pareshaan hn hum log.",Roads & Infrastructure
GRV101691,"महोदय, अस्पताल Model Town में सफाई की बहुत खराब स्थिति है, संक्रमण फैलने का डर है। Otherwise we will protest.",Healthcare & Hospitals
GRV103051,"विवाह प्रमाण पत्र Shastri Colony नगर निगम से 1 mahine में नहीं मिला, दस्तावेज बार बार मांगे जा रहे हैं। Otherwise we will protest.",Municipal Certificates
GRV100049,"Sir/Madam, जल संकट Bhopal क्षेत्र में 5 din से गंभीर बना हुआ है, पानी के लिए दूर तक जाना पड़ रहा है। Please take urgent action.",Water Supply
GRV100833,"Dear officer, PF withdrawal request 1 hafta se pending hai, office se koi response nahi mil raha. Bahut pareshaan hain hum log.",Pension & Provident Fund
GRV100614,"Namaste sir, गंदगी की वजह से Kanpur में मक्खी मच्छर बहुत बढ़ गए हैं, महामारी फैलने का डर है। Otherwise we will protest.",Sanitation & Garbage
GRV101574,"Respected Sir, सरकारी अस्पताल Nagpur में दवाइयां उपलब्ध नहीं हैं, बाहर से खरीदनी पड़ रही है। Thank you.",Healthcare & Hospitals
GRV102067,गरीब परिवारों को Ranchi राशन दुकान से चीनी और तेल कई महीनों से नहीं मिल रहा। Bahut pareshaan hain hum log.,Ration & Public Distribution System
GRV102399,"ATM Napier Town mein 3 din se kharab hai, paise nahi nikal pa raha koi. Thank you.",Banking & Financial Services
GRV101902,"Sir/Madam, Sarkari school Ranchi mein 1 mahine se teacher nahi aa raha hai, padhai band hai.",Education & Schools
GRV101807,"Sir/Madam, School building Jaipur mein chhat tapakti hai barish mein, khatarnak sthiti hai. कृपया जल्द कार्रवाई करें।",Education & Schools
GRV102385,"मेरे खाते से 1500 रुपए गलत तरीके से कट गए Ward 12 शाखा से, वापस दिलवाएं। Sadar naman.",Banking & Financial Services
GRV101763,"Sir/Madam, Sarkari school Madan Mahal mein 10 din se teacher nahi aa raha hai, padhai band hai. Thank you.",Education & Schools
GRV102689,बेरोजगारी भत्ता Madan Mahal employment office se 3 din से नहीं मिला आवेदन के बावजूद। Kripya jald samadhan karein.,Employment & Labour
GRV100596,"गंदगी की वजह से Bhopal में मक्खी मच्छर बहुत बढ़ गए हैं, महामारी फैलने का डर है। Please take urgent action.",Sanitation & Garbage
GRV100088,"Borewell Ward 12 me kharab pada hai 10 din se, paani ki bahut dikkat ho rahi hai, koi repair nahi kar raha. कृपया जल्द कार्रवाई करें।",Water Supply
GRV103062,"Dear officer, Domicile certificate Ranchi mein two weeks se atka hua h, job application ki deadline nikal rahi hai. Otherwise we will protest.",Municipal Certificates
GRV100365,"Power cut every day in Madan Mahal for hours, complaint filed 2 hafte ago no action.",Electricity
GRV101595,"महोदय, Free treatment scheme card ban gaya lekin hospital Wright Town mein accept nahi kar rahe.",Healthcare & Hospitals
GRV100026,"Respected Sir, Illegal water connection Gandhi Nagar mein hone se hamari colony mein paani ka pressure kam ho gaya hai. Otherwise we will protest.",Water Supply
GRV102995,"महोदय, Domicile certificate Shastri Colony mein 3 days se atka hua hai, job application ki deadline nikal rahi hai. कृपया जल्द कार्रवाई करें।",Municipal Certificates
GRV100941,"PF withdrawal request 15 din se pending hai, office se koi response nahi mil raha. Thank you.",Pension & Provident Fund
GRV100845,"सेवानिवृत्ति के बाद पेंशन खाता Varanasi में अपडेट नहीं हुआ, 10 din से चक्कर काट रहे हैं। कृपया जल्द कार्रवाई करें।",Pension & Provident Fund
GRV101597,"Ambulance Nagpur bulane par a month ghante late aayi, emergency case tha. Kripya jald samadhan karein.",Healthcare & Hospitals
GRV100395,"High voltage ki wajah se Napier Town mein kai gharo ke appliance jal gaye, compensation chahiye. Thank you.",Electricity
GRV100099,"Dear officer, पिछले 3 days से हमारे इलाके Bhopal में पानी की सप्लाई बंद है, कृपया जल्दी ठीक करवाएं।",Water Supply
GRV103078,"Respected Sir, निवास प्रमाण पत्र Nagpur कार्यालय से बनवाने में two weeks लग गए, अभी तक हाथ में नहीं मिला। Sadar naman.",Municipal Certificates
GRV101166,"अतिक्रमण Ward 12 में मेरी जमीन पर हुआ है, पटवारी और तहसीलदार को 15 din पहले शिकायत दी थी। Bahut pareshaan hain hum log.",Land Records & Revenue
GRV100801,"Dear officer, PF withdrawal request 3 din se pending h, office se koi response nahi mil raha. Sadar naman.",Pension & Provident Fund
GRV100840,"Respected Sir, मेरी पीएफ की राशि 500 रुपए अभी तक ट्रांसफर नहीं हुई, 3 din हो गए आवेदन दिए। Otherwise we will protest.",Pension & Provident Fund
GRV102894,"Namaste sir, EPFO complaint diya tha 5 din pehle, response nahi aaya Jaipur regional office se. Otherwise we will protest.",Employment & Labour
GRV101485,"Eve teasing Gandhi Nagar area mein badh gayi hai, mahilaye ghar se nikalne mein dari rehti hain.",Police & Law and Order
GRV100847,"Namaste sir, सेवानिवृत्ति के बाद पेंशन खाता Civil Lines में अपडेट नहीं हुआ, a month से चक्कर काट रहे हैं। Bahut pareshaan hain hum log.",Pension & Provident Fund
GRV102211,"मेरे खाते से 500 रुपए गलत तरीके से कट गए Ward 12 शाखा से, वापस दिलवाएं। Kripya jald samadhan karein.",Banking & Financial Services
GRV102243,"Respected Sir, बैंक Kotwali area में सरकारी योजना का पैसा 1000 रुपए अभी तक जमा नहीं हुआ। Sadar naman.",Banking & Financial Services
GRV100509,"Dear officer, सड़क Napier Town में बहुत खराब हालत में है, बारिश में कीचड़ हो जाता है, मरम्मत करवाएं।",Roads & Infrastructure
GRV100037,"महोदय, टंकी का पानी Gwalior में सीवर के पानी से मिल गया है, तुरंत जांच करवाएं। Please take urgent action.",Water Supply
GRV101694,"Sir/Madam, Ambulance Gandhi Nagar bulane par 1 hafta ghante late aayi, emergency case tha. Thank you.",Healthcare & Hospitals
GRV101890,"निजी स्कूल Indore में फीस मनमानी बढ़ाई जा रही है, शिक्षा विभाग कार्रवाई नहीं कर रहा। Thank you.",Education & Schools
GRV101606,"Sir/Madam, सरकारी अस्पताल Raipur में दवाइयां उपलब्ध नहीं हैं, बाहर से खरीदनी पड़ रही है। Sadar naman.",Healthcare & Hospitals
GRV101418,"Respected Sir, पुलिस थाना Kanpur में तैनात कर्मचारी रिश्वत मांग रहा है काम करने के लिए।",Police & Law and Order
GRV102907,"Dear officer, श्रमिक कार्ड Jaipur में one week से renewal ke liye pending hai, yojnaon ka labh nahi mil raha. कृपया जल्द कार्रवाई करें।",Employment & Labour
GRV100189,"Municipal water connection Raipur mein kaat diya gaya bina notice diye, paani ke bina pareshani ho rahi hai. Kripya jald samadhan karein.",Water Supply
GRV102567,"Respected Sir, Bhopal office mein kaam karwane ke liye clerk 10000 rupaye ghoos maang raha hai.",Corruption & Bribery
GRV101468,"महोदय, Eve teasing Napier Town area mein badh gayi hai, mahilaye ghar se nikalne mein dari rehti hain.",Police & Law and Order
GRV101739,"Teacher transfer Bhopal school se 1 hafta pehle hua tha, replacement abhi tak nhi mila, class khali padi h. Bahut pareshaan hain hum log.",Education & Schools
GRV102104,"Ration dukan Gwalior mein tay samay par nhi khulti, logo ko baar baar chakkar lagana padta h. Bahut pareshaan hain hum log.",Ration & Public Distribution System
GRV102542,"महोदय, Bina ghoos diye Kanpur sarkari office mein koi kaam nahi hota, staff khule aam paise maangta hai. Bahut pareshaan hain hum log.",Corruption & Bribery
GRV103041,"विवाह प्रमाण पत्र Wright Town नगर निगम से 10 din में नहीं मिला, दस्तावेज बार बार मांगे जा रहे हैं। Otherwise we will protest.",Municipal Certificates
GRV100183,"Municipal water connection Kanpur mein kaat diya gaya bina notice diye, paani ke bina pareshani ho rahi hai.",Water Supply
GRV100146,"Water quality test chahiye Ranchi area mein, paani ka rang peela aa raha hai 3 din se. Please take urgent action.",Water Supply
GRV101960,"निजी स्कूल Raipur में फीस मनमानी बढ़ाई जा रही है, शिक्षा विभाग कार्रवाई नहीं कर रहा। Bahut pareshaan hain hum log.",Education & Schools
GRV100059,"Dear officer, पानी की टंकी Kotwali area में गंदा पानी आ रहा है, बीमारी फैलने का डर है। Thank you.",Water Supply
GRV101331,"Sir/Madam, मोहल्ले में Varanasi में असामाजिक तत्वों का आतंक है, रात को शराब पीकर हंगामा करते हैं। Bahut pareshaan hain hum log.",Police & Law and Order
GRV102090,"Respected Sir, राशन कार्ड में परिवार के सदस्य का नाम जुड़वाना है, Kotwali area कार्यालय में आवेदन दिया one week पहले।",Ration & Public Distribution System
GRV101131,"Namaste sir, मेरी जमीन का सीमांकन Shastri Colony में गलत हो गया है, पड़ोसी ने कब्जा कर लिया है। Thank you.",Land Records & Revenue
GRV100819,"पेंशन फॉर्म में गलत बैंक खाता नंबर दर्ज हो गया है, कृपया सुधार करें।",Pension & Provident Fund
GRV102881,"Namaste sir, बेरोजगारी भत्ता Patna employment office se a month से नहीं मिला आवेदन के बावजूद। Sadar naman.",Employment & Labour
GRV102092,"महोदय, गरीब परिवारों को Varanasi राशन दुकान से चीनी और तेल कई महीनों से नहीं मिल रहा। Sadar naman.",Ration & Public Distribution System
GRV100320,"महोदय, High voltage ki wajah se Napier Town mein kai gharo ke appliance jal gaye, compensation chahiye. Bahut pareshaan hn hum log.",Electricity
GRV100984,"Respected Sir, PF withdrawal request 20 din se pending hai, office se koi response nahi mil raha. Please take urgent action.",Pension & Provident Fund
GRV100022,"Water supply valve Madan Mahal colony mein kharab hai, sirf ek ghanta paani aata hai roz. Kripya jald samadhan karein.",Water Supply
GRV102694,बेरोजगारी भत्ता Indore employment office se 10 din से नहीं मिला आवेदन के बावजूद। Sadar naman.,Employment & Labour
GRV101191,"महोदय, Land record mein Rajesh Verma ka naam galat likha hai, correction chahiye two weeks se request kar raha hoon. Kripya jald samadhan karein.",Land Records & Revenue
GRV101677,जननी सुरक्षा योजना का पैसा Nagpur अस्पताल से two weeks में नहीं मिला डिलीवरी के बाद। Bahut pareshaan hain hum log.,Healthcare & Hospitals
GRV101290,"मोहल्ले में Ward 12 में असामाजिक तत्वों का आतंक है, रात को शराब पीकर हंगामा करते हैं। Kripya jald samadhan karein.",Police & Law and Order
GRV100669,"Public toilet Nagpur ke paas bahut ganda hai, safai nahi hoti kai dino se. Please take urgent action.",Sanitation & Garbage
GRV102639,Government scheme ka labh Ashok Gupta ko Bhopal mein tabhi mila jab 3000 rupaye commission diya.,Corruption & Bribery
GRV101524,"Dear officer, सरकारी अस्पताल Model Town में दवाइयां उपलब्ध नहीं हैं, बाहर से खरीदनी पड़ रही है। Otherwise we will protest.",Healthcare & Hospitals
GRV101646,"Respected Sir, अस्पताल Shastri Colony में सफाई की बहुत खराब स्थिति है, संक्रमण फैलने का डर है। Bahut pareshaan hain hum log.",Healthcare & Hospitals
GRV102156,"Sir/Madam, Ration card Sector 7 mein digitally seeded nahi hai, isliye anaj milna band ho gaya hai. Please take urgent action.",Ration & Public Distribution System
GRV100391,"Dear officer, बिजली का बिल 10000 रुपए गलत आया है Jaipur पते पर, इसे ठीक करवाएं। Kripya jald samadhan karein.",Electricity
GRV101647,"Respected Sir, Free treatment scheme card ban gaya lekin hospital Ranchi mein accept nahi kar rahe. Thank you.",Healthcare & Hospitals
GRV101238,"Respected Sir, Patta zameen ka record Madan Mahal revenue office se galat show ho raha hai online portal par. Sadar naman.",Land Records & Revenue
GRV102417,"Dear officer, KYC update na hone ki wajah se account block ho gaya Raipur branch mein.",Banking & Financial Services
GRV102437,सरकारी दफ्तर Model Town में बिना रिश्वत दिए कोई फाइल आगे नहीं बढ़ती।,Corruption & Bribery
GRV102477,Gandhi Nagar office mein kaam karwane ke liye clerk 5000 rupaye ghoos maang raha hai. Otherwise we will protest.,Corruption & Bribery
GRV101501,"Chain snatching hui thi Lucknow mein, police ne case follow up nahi kiya.",Police & Law and Order
GRV100430,"Namaste sir, Road divider Indore mein toota pada hai 10 din se, gaadiyan galat side se overtake kar rahi hain. Bahut pareshaan hain hum log.",Roads & Infrastructure
GRV102285,बैंक Jaipur में सरकारी योजना का पैसा 3000 रुपए अभी तक जमा नहीं हुआ। Otherwise we will protest.,Banking & Financial Services
GRV101566,जननी सुरक्षा योजना का पैसा Adhartal अस्पताल से 2 hafte में नहीं मिला डिलीवरी के बाद। Otherwise we will protest.,Healthcare & Hospitals
GRV101690,"सरकारी अस्पताल Madan Mahal में दवाइयां उपलब्ध नहीं हैं, बाहर से खरीदनी पड़ रही है। Kripya jald samadhan karein.",Healthcare & Hospitals
GRV101435,"Chn snatching hui thi Indore mein, police ne case follow up nahi kiya. Sadar naman.",Police & Law and Order
GRV101775,"छात्र का प्रमाण पत्र Shastri Colony स्कूल से two weeks से नहीं मिल रहा, दाखिले में दिक्कत हो रही है। Thank you.",Education & Schools
GRV100244,"बिजली विभाग Kanpur में one week से शिकायत के बावजूद फॉल्ट ठीक नहीं कर रहा, पूरा मोहल्ला अंधेरे में है। Otherwise we will protest.",Electricity
GRV100678,"Sir/Madam, Kachra collection van Adhartal area mein bilkul nahi aati, ghar ghar se kachra sadak par phenkna padta hai. Bahut pareshaan hain hum log.",Sanitation & Garbage
GRV101544,"Namaste sir, अस्पताल Ranchi में सफाई की बहुत खराब स्थिति है, संक्रमण फैलने का डर है। Bahut pareshaan hn hum log.",Healthcare & Hospitals
GRV100343,"Namaste sir, बिजली का खंभा टूट कर सड़क पर गिरा है Jabalpur में, दुर्घटना हो सकती है, कृपया जल्दी हटवाएं। Sadar naman.",Electricity
GRV102535,"सरकारी टेंडर Model Town में बिना कमीशन दिए पास नहीं होता, यह भ्रष्टाचार जांच योग्य है। Kripya jald samadhan karein.",Corruption & Bribery
GRV100065,"Respected Sir, Illegal water connection Indore mein hone se hamari colony mein paani ka pressure kam ho gaya hai.",Water Supply
GRV101474,"मोहल्ले में Kotwali area में असामाजिक तत्वों का आतंक है, रात को शराब पीकर हंगामा करते हैं। Sadar naman.",Police & Law and Order
GRV102935,"Dear officer, Caste certificate Madan Mahal tehsil office mein 5 din se pending hai, admission ki last date nikal rahi hai.",Municipal Certificates
GRV101288,"Namaste sir, पुलिस थाना Nagpur में तैनात कर्मचारी रिश्वत मांग रहा है काम करने के लिए।",Police & Law and Order
GRV102781,"Overtime paisa 1500 rupaye Jabalpur factory se 1 mahine se nahi mila, HR jawab nahi de raha. Thank you.",Employment & Labour
GRV100646,"Dear officer, Street sweeping Gwalior area mein band ho gayi hai two weeks se, dust aur kachra jama ho gaya hai. Kripya jald samadhan karein.",Sanitation & Garbage
GRV102844,"Dear officer, Labour ka wages employer ne 500 rupaye kam diya Lucknow site par, PF bhi nahi kata. Thank you.",Employment & Labour
GRV100399,"Streetlights Jabalpur mein 3 din se band h, raat ko andhera rehta hai bijli na hone se. Otherwise we will protest.",Electricity
GRV101359,"गुमशुदगी की रिपोर्ट Varanasi थाने में 15 din पहले दी थी, अभी तक कोई तलाश शुरू नहीं हुई। कृपया जल्द कार्रवाई करें।",Police & Law and Order
GRV100046,"महोदय, Low water pressure in Indore pipeline, taps mein paani bahut kam aata hai subah. Kripya jald samadhan karein.",Water Supply
GRV101010,"Namaste sir, पेंशनर सत्यापन Model Town में हर साल परेशानी देता है, इस बार two weeks से पेंशन रुकी हुई है। Please take urgent action.",Pension & Provident Fund
GRV100831,"Old age pension band ho gayi hai bina bataye, Ashok Gupta ko problem ho rahi hai. Sadar naman.",Pension & Provident Fund
GRV100367,"Dear officer, बिजली विभाग Lucknow में 15 din से शिकायत के बावजूद फॉल्ट ठीक नहीं कर रहा, पूरा मोहल्ला अंधेरे में है। Please take urgent action.",Electricity
GRV102560,"महोदय, निर्माण अनुमति Varanasi नगर निगम से 500 रुपए रिश्वत दिए बिना नहीं मिल रही। Kripya jald samadhan karein.",Corruption & Bribery
GRV100715,"महोदय, कचरा गाड़ी Lucknow में नहीं आती है one week से, गली में गंदगी फैली है।",Sanitation & Garbage
GRV101754,"Teacher transfer Ranchi school se two weeks pehle hua tha, replacement abhi tak nahi mila, class khali padi hai. Thank you.",Education & Schools
GRV101200,"महोदय, Patta zameen ka record Adhartal revenue office se galat show ho raha h online portal par.",Land Records & Revenue
GRV101455,"Sir/Madam, Theft complaint diye 10 din ho gaye Napier Town mein, koi action nahi hua abhi tak. Sadar naman.",Police & Law and Order
GRV100835,"मेरी पीएफ की राशि 10000 रुपए अभी तक ट्रांसफर नहीं हुई, one week हो गए आवेदन दिए। Sadar naman.",Pension & Provident Fund
GRV102322,"महोदय, Bank Gwalior branch mein loan application one week se pending hai, koi jawab nahi mil raha. Please take urgent action.",Banking & Financial Services
GRV100503,"महोदय, सड़क निर्माण Indore में घटिया सामग्री से हो रहा है, 1 hafta में ही टूटने लगी। Bahut pareshaan hain hum log.",Roads & Infrastructure
GRV102020,गरीब परिवारों को Kanpur राशन दुकान से चीनी और तेल कई महीनों से नहीं मिल रहा। Thank you.,Ration & Public Distribution System
GRV102177,"Dear officer, New ration card ke liye 1 mahine se apply kiya hai Gwalior office mein, abhi tak nahi bana. Thank you.",Ration & Public Distribution System
GRV101855,"Teacher transfer Jabalpur school se one week pehle hua tha, replacement abhi tak nahi mila, class khali padi hai.",Education & Schools
GRV100714,"Respected Sir, Sewage line Sector 7 mein block ho gayi hai, ghar ke andar gandi nali ka kachra bhar raha hai. Otherwise we will protest.",Sanitation & Garbage
GRV100434,"महोदय, पुलिया Gwalior में बारिश में डूब जाती है हर साल, स्थायी समाधान चाहिए।",Roads & Infrastructure
GRV100545,"Footpath Jabalpur mein encroachment ho gaya hai, pedestrians ko sadak par chalna padta hai. Sadar naman.",Roads & Infrastructure
GRV102134,"Dear officer, Anaj ki quality Kanpur ration dukan mein bahut kharab hai, keede lage hue chawal mil rahe hain. Kripya jald samadhan karein.",Ration & Public Distribution System
GRV102154,"Namaste sir, PDS shop Adhartal mein gehu aur chawal is mahine bilkul nahi mila, dealer bahana bana raha hai. कृपया जल्द कार्रवाई करें।",Ration & Public Distribution System
GRV102093,"गरीबी रेखा राशन कार्ड Varanasi में गलत तरीके से रद्द कर दिया गया, फिर से चालू करवाएं। Bahut pareshaan hain hum log.",Ration & Public Distribution System
GRV100668,"Respected Sir, Sewage line Bhopal mein block ho gayi hai, ghar ke andar gandi nali ka kachra bhar raha hai. Otherwise we will protest.",Sanitation & Garbage
GRV102246,"Bank Napier Town branch mein loan application 1 hafta se pending hai, koi jawab nahi mil raha. कृपया जल्द कार्रवाई करें।",Banking & Financial Services
GRV100862,"Respected Sir, पेंशन फॉर्म में गलत बैंक खाता नंबर दर्ज हो गया है, कृपया सुधार करें। Bahut pareshaan hain hum log.",Pension & Provident Fund
GRV102037,"Anaj ki quality Adhartal ration dukan mein bahut kharab hai, keede lage hue chawal mil rahe hain.",Ration & Public Distribution System
GRV102503,"महोदय, Officer Jabalpur mein bina paise liye certificate nahi de raha, complaint chahiye.",Corruption & Bribery
GRV102813,Construction site Madan Mahal par bina helmet aur safety belt ke kaam karwaya ja raha h mazdooro se. Sadar naman.,Employment & Labour
GRV102014,"Anaj ki quality Model Town ration dukan mein bahut kharab hai, keede lage hue chawal mil rahe hain. Please take urgent action.",Ration & Public Distribution System
GRV101504,"Eve teasing Patna area mein badh gayi h, mahilaye ghar se nikalne mein dari rehti hain.",Police & Law and Order
GRV100956,"Namaste sir, PF withdrawal request 3 din se pending hai, office se koi response nahi mil raha. Thank you.",Pension & Provident Fund
GRV102374,"मेरे खाते से 10000 रुपए गलत तरीके से कट गए Napier Town शाखा से, वापस दिलवाएं। Thank you.",Banking & Financial Services
GRV102065,गरीब परिवारों को Kotwali area राशन दुकान से चीनी और तेल कई महीनों से नहीं मिल रहा। Sadar naman.,Ration & Public Distribution System
GRV100056,"Sir/Madam, हैंडपंप Jabalpur में खराब पड़ा है 2 hafte से, गांव में पानी की भारी किल्लत है। Please take urgent action.",Water Supply
GRV102924,"Respected Sir, Labour ka wages employer ne 2000 rupaye kam diya Indore site par, PF bhi nhi kata. कृपया जल्द कार्रवाई करें।",Employment & Labour
GRV102217,"Dear officer, ATM Gwalior mein 5 din se kharab h, paise nhi nikal pa raha koi. Kripya jald samadhan karein.",Banking & Financial Services
GRV102602,"Panchayat Kanpur mein yojna ka paisa bina commission diye release nahi hota, sarpanch ghoos maangta hai.",Corruption & Bribery
GRV102964,"Sir/Madam, Domicile certificate Madan Mahal mein 2 hafte se atka hua hai, job application ki deadline nikal rahi hai. Sadar naman.",Municipal Certificates
GRV102577,"Dear officer, रिश्वत की मांग Ward 12 कार्यालय में हर छोटे काम के लिए की जाती है, यह भ्रष्टाचार बंद होना चाहिए। Bahut pareshaan hain hum log.",Corruption & Bribery
GRV100770,"गंदगी की वजह से Jaipur में मक्खी मच्छर बहुत बढ़ गए हैं, महामारी फैलने का डर है। Sadar naman.",Sanitation & Garbage
GRV101138,"Dear officer, भू-अभिलेख में गलती है, कृपया तहसीलदार Gandhi Nagar को निर्देश दें ठीक करने का। Sadar naman.",Land Records & Revenue
GRV102448,"सरकारी टेंडर Gandhi Nagar में बिना कमीशन दिए पास नहीं होता, यह भ्रष्टाचार जांच योग्य है।",Corruption & Bribery
GRV101264,"Namaste sir, भू-अभिलेख में गलती है, कृपया तहसीलदार Sector 7 को निर्देश दें ठीक करने का। Sadar naman.",Land Records & Revenue
GRV101190,"भू-अभिलेख में गलती है, कृपया तहसीलदार Jabalpur को निर्देश दें ठीक करने का। Thank you.",Land Records & Revenue
GRV101112,"Dear officer, अतिक्रमण Model Town में मेरी जमीन पर हुआ है, पटवारी और तहसीलदार को 5 din पहले शिकायत दी थी।",Land Records & Revenue
GRV100610,"महोदय, Sewage line Civil Lines mein block ho gayi hai, ghar ke andar gandi nali ka kachra bhar raha hai. Kripya jald samadhan karein.",Sanitation & Garbage
GRV102135,"PDS shop Civil Lines mein gehu aur chawal is mahine bilkul nahi mila, dealer bahana bana raha hai. Please take urgent action.",Ration & Public Distribution System
GRV103104,"Dear officer, निवास प्रमाण पत्र Varanasi कार्यालय से बनवाने में 20 din लग गए, अभी तक हाथ में नहीं मिला।",Municipal Certificates
GRV101422,"Namaste sir, पुलिस थाना Kotwali area में तैनात कर्मचारी रिश्वत मांग रहा है काम करने के लिए।",Police & Law and Order
GRV102816,"Respected Sir, Construction site Jaipur par bina helmet aur safety belt ke kaam karwaya ja raha hai mazdooro se.",Employment & Labour
GRV100400,"Namaste sir, Electricity wire loose latak rahi h Jaipur mein, accident ka khatra hai, turant thik karwaye. कृपया जल्द कार्रवाई करें।",Electricity
GRV100385,"Dear officer, बिजली का खंभा टूट कर सड़क पर गिरा है Lucknow में, दुर्घटना हो सकती है, कृपया जल्दी हटवाएं। कृपया जल्द कार्रवाई करें।",Electricity
GRV100616,"Dear officer, Public toilet Jabalpur ke paas bahut ganda hai, safai nahi hoti kai dino se.",Sanitation & Garbage
GRV101919,"छात्र का प्रमाण पत्र Varanasi स्कूल से 1 mahine से नहीं मिल रहा, दाखिले में दिक्कत हो रही है। Please take urgent action.",Education & Schools
GRV102529,निर्माण अनुमति Patna नगर निगम से 3000 रुपए रिश्वत दिए बिना नहीं मिल रही। Bahut pareshaan hain hum log.,Corruption & Bribery
GRV101090,"Sir/Madam, Zameen ka daakhil kharij Madan Mahal tehsil mein 1 hafta se atka hua hai, koi karyawahi nahi ho rahi. Please take urgent action.",Land Records & Revenue
GRV101590,Free treatment scheme card ban gaya lekin hospital Ward 12 mein accept nahi kar rahe. Bahut pareshaan hain hum log.,Healthcare & Hospitals
GRV100802,"सेवानिवृत्ति के बाद पेंशन खाता Sector 7 में अपडेट नहीं हुआ, 3 din से चक्कर काट रहे हैं। Kripya jald samadhan karein.",Pension & Provident Fund
GRV102102,"Respected Sir, राशन कार्ड में परिवार के सदस्य का नाम जुड़वाना है, Kotwali area कार्यालय में आवेदन दिया two weeks पहले। Bahut pareshaan hain hum log.",Ration & Public Distribution System
GRV102757,"श्रमिक कार्ड Adhartal में 15 din से renewal ke liye pending hai, yojnaon ka labh nahi mil raha.",Employment & Labour
GRV101075,Zameen ka naamantaran Wright Town tehsil mein a month se pending hai. Thank you.,Land Records & Revenue
GRV101906,सरकारी स्कूल Napier Town में छात्रवृत्ति 1500 रुपए अभी तक नहीं आई। Sadar naman.,Education & Schools
GRV101314,"Namaste sir, Illegal encroachment aur jua Jabalpur mohalle mein khule aam chal raha hai, police mook drashak bani hai. Sadar naman.",Police & Law and Order
GRV101901,"Teacher transfer Jaipur school se 2 hafte pehle hua tha, replacement abhi tak nhi mila, class khali padi h. Please take urgent action.",Education & Schools
GRV101962,"Namaste sir, Sarkari school Ward 12 mein 1 hafta se teacher nhi aa raha hai, padhai band hai. Thank you.",Education & Schools
GRV102593,"महोदय, सरकारी टेंडर Bhopal में बिना कमीशन दिए पास नहीं होता, यह भ्रष्टाचार जांच योग्य है। Thank you.",Corruption & Bribery
GRV100730,"Sewage line Kotwali area mein block ho gayi hai, ghar ke andar gandi nali ka kachra bhar raha hai.",Sanitation & Garbage
GRV101259,"Namaste sir, Patta zameen ka record Wright Town revenue office se galat show ho raha hai online portal par.",Land Records & Revenue
GRV102348,"Respected Sir, Bank Civil Lines branch mein loan application 5 din se pending hai, koi jawab nahi mil raha. Kripya jald samadhan karein.",Banking & Financial Services
GRV103056,"Caste certificate Sector 7 tehsil office mein one week se pending hai, admission ki last date nikal rahi hai. Otherwise we will protest.",Municipal Certificates
GRV100907,"Respected Sir, Old age pension band ho gayi hai bina bataye, Rajesh Verma ko problem ho rahi hai. Bahut pareshaan hain hum log.",Pension & Provident Fund
GRV101185,"Sir/Madam, Zameen ka daakhil kharij Napier Town tehsil mein 10 din se atka hua hai, koi karyawahi nahi ho rahi. Kripya jald samadhan karein.",Land Records & Revenue
GRV102944,"Income certificate online apply Model Town portal par kiya tha, 1 hafta se status pending dikha raha hai.",Municipal Certificates
GRV100347,"Respected Sir, बिजली विभाग Napier Town में 2 hafte से शिकायत के बावजूद फॉल्ट ठीक नहीं कर रहा, पूरा मोहल्ला अंधेरे में है। Otherwise we will protest.",Electricity
GRV100161,जल आपूर्ति विभाग Model Town में शिकायत के बाद भी पानी की लाइन ठीक नहीं कर रहा। Otherwise we will protest.,Water Supply
GRV100334,"High voltage ki wajah se Ranchi mein kai gharo ke appliance jal gaye, compensation chahiye.",Electricity
GRV102588,"Respected Sir, Clerk ne 500 rupaye maange Wright Town office mein pension file aage badhane ke liye, ghoos lena band karwaye.",Corruption & Bribery
GRV100364,"Sir/Madam, बिजली का खंभा टूट कर सड़क पर गिरा है Jaipur में, दुर्घटना हो सकती है, कृपया जल्दी हटवाएं।",Electricity
GRV102806,"Labour ka wages employer ne 500 rupaye kam diya Nagpur site par, PF bhi nahi kata. Kripya jald samadhan karein.",Employment & Labour
GRV102582,"Respected Sir, Government scheme ka labh Ramesh Kumar ko Varanasi mein tabhi mila jab 500 rupaye commission diya.",Corruption & Bribery
GRV101588,"Sir/Madam, सरकारी अस्पताल Varanasi में दवाइयां उपलब्ध नहीं हैं, बाहर से खरीदनी पड़ रही है। Thank you.",Healthcare & Hospitals
GRV101067,"Namaste sir, भू-अभिलेख में गलती है, कृपया तहसीलदार Raipur को निर्देश दें ठीक करने का। कृपया जल्द कार्रवाई करें।",Land Records & Revenue
GRV100692,"गली में कचरा जलाया जा रहा है Shastri Colony में, dhuye se saans lene mein takleef ho rahi hai. Sadar naman.",Sanitation & Garbage
GRV102155,"New ration card ke liye 20 din se apply kiya hai Adhartal office mein, abhi tak nahi bana. Please take urgent action.",Ration & Public Distribution System
GRV102660,"Clerk ne 1000 rupaye maange Wright Town office mein pension file aage badhane ke liye, ghoos lena band karwaye. Sadar naman.",Corruption & Bribery
GRV100950,"मेरी पीएफ की राशि 10000 रुपए अभी तक ट्रांसफर नहीं हुई, 20 din हो गए आवेदन दिए। कृपया जल्द कार्रवाई करें।",Pension & Provident Fund
GRV100184,जल आपूर्ति विभाग Shastri Colony में शिकायत के बाद भी पानी की लाइन ठीक नहीं कर रहा। Please take urgent action.,Water Supply
GRV101173,"महोदय, Patta zameen ka record Adhartal revenue office se galat show ho raha hai online portal par. Bahut pareshaan hain hum log.",Land Records & Revenue
GRV101883,"Dear officer, निजी स्कूल Indore में फीस मनमानी बढ़ाई जा रही है, शिक्षा विभाग कार्रवाई नहीं कर रहा। Sadar naman.",Education & Schools
GRV101516,"Ambulance Wright Town bulane par 2 hafte ghante late aayi, emergency case tha.",Healthcare & Hospitals
GRV102847,"Dear officer, बेरोजगारी भत्ता Ranchi employment office se 2 hafte से नहीं मिला आवेदन के बावजूद। कृपया जल्द कार्रवाई करें।",Employment & Labour
GRV102024,"Namaste sir, Ration card Jabalpur dukan par is mahine anaj nhi mila, dealer mana kar raha h. Otherwise we will protest.",Ration & Public Distribution System
GRV102566,"महोदय, Officer Varanasi mein bina paise liye certificate nahi de raha, complaint chahiye. Thank you.",Corruption & Bribery
GRV101632,"Namaste sir, अस्पताल Ranchi में सफाई की बहुत खराब स्थिति है, संक्रमण फैलने का डर है।",Healthcare & Hospitals
GRV101060,"मेरी जमीन का सीमांकन Kotwali area में गलत हो गया है, पड़ोसी ने कब्जा कर लिया है।",Land Records & Revenue
GRV103018,"Dear officer, Domicile certificate Indore mein 1 hafta se atka hua hai, job application ki deadline nikal rahi hai. Otherwise we will protest.",Municipal Certificates
GRV100341,"Dear officer, Electricity wire loose latak rahi hai Kotwali area mein, accident ka khatra hai, turant thik karwaye.",Electricity
GRV102714,"Namaste sir, मनरेगा जॉब कार्ड Madan Mahal में 1 hafta से नहीं बना, काम भी नहीं मिल रहा। Kripya jald samadhan karein.",Employment & Labour
GRV101675,"महोदय, Ambulance Civil Lines bulane par two weeks ghante late aayi, emergency case tha.",Healthcare & Hospitals
GRV101192,"Dear officer, भू-अभिलेख में गलती है, कृपया तहसीलदार Jabalpur को निर्देश दें ठीक करने का। Otherwise we will protest.",Land Records & Revenue
GRV101898,"Teacher transfer Indore school se 10 din pehle hua tha, replacement abhi tak nahi mila, class khali padi hai. Sadar naman.",Education & Schools
GRV100008,"Sir/Madam, Sir humara water tanker Sector 7 area mein nahi aata, complaint diye 20 din ho gaye. Bahut pareshaan hain hum log.",Water Supply
GRV102031,"Respected Sir, राशन कार्ड धारकों को Gwalior में तय मात्रा से कम अनाज दिया जा रहा है हर महीने। कृपया जल्द कार्रवाई करें।",Ration & Public Distribution System
GRV100171,"Namaste sir, हैंडपंप Napier Town में खराब पड़ा है 20 din से, गांव में पानी की भारी किल्लत है। Kripya jald samadhan karein.",Water Supply
GRV101808,"महोदय, स्कूल Kotwali area में शौचालय की स्थिति बहुत खराब है, बच्चियां स्कूल आने से कतरा रही हैं। Please take urgent action.",Education & Schools
GRV101609,"Namaste sir, Primary health center Madan Mahal mein staff hi nahi hai 2 hafte se, gaon walo ko door jana padta hai ilaj ke liye. Please take urgent action.",Healthcare & Hospitals
GRV101174,"Land record mein Suman Devi ka naam galat likha hai, correction chahiye a month se request kar raha hoon. Thank you.",Land Records & Revenue
GRV100807,"Old age pension band ho gayi hai bina bataye, Vikas Tiwari ko problem ho rahi hai. Please take urgent action.",Pension & Provident Fund
GRV102736,"महोदय, Labour ka wages employer ne 1500 rupaye kam diya Madan Mahal site par, PF bhi nahi kata. कृपया जल्द कार्रवाई करें।",Employment & Labour
GRV101510,"महोदय, अस्पताल Bhopal में सफाई की बहुत खराब स्थिति है, संक्रमण फैलने का डर है। Bahut pareshaan hn hum log.",Healthcare & Hospitals
GRV101623,"Primary health center Indore mein staff hi nahi hai 1 hafta se, gaon walo ko door jana padta hai ilaj ke liye. Thank you.",Healthcare & Hospitals
GRV100021,"Sir/Madam, Low water pressure in Adhartal pipeline, taps mein paani bahut kam aata h subah. Bahut pareshaan hain hum log.",Water Supply
GRV102491,निर्माण अनुमति Jaipur नगर निगम से 5000 रुपए रिश्वत दिए बिना नहीं मिल रही। कृपया जल्द कार्रवाई करें।,Corruption & Bribery
GRV102865,"महोदय, बेरोजगारी भत्ता Indore employment office se 1 mahine से नहीं मिला आवेदन के बावजूद। Please take urgent action.",Employment & Labour
GRV100729,"महोदय, Garbage dump Kotwali area mohalle ke beech mein bana diya gaya h, badbu aur bimari phail rahi hai. Kripya jald samadhan karein.",Sanitation & Garbage
GRV100599,"सफाई कर्मचारी Varanasi मोहल्ले में 5 din से नहीं आया, शिकायत करने पर भी सुनवाई नहीं। Sadar naman.",Sanitation & Garbage
GRV103075,"विवाह प्रमाण पत्र Varanasi नगर निगम से 3 days में नहीं मिला, दस्तावेज बार बार मांगे जा रहे हैं। Please take urgent action.",Municipal Certificates
GRV101617,"Dear officer, सरकारी अस्पताल Wright Town में दवाइयां उपलब्ध नहीं हैं, बाहर से खरीदनी पड़ रही है। Kripya jald samadhan karein.",Healthcare & Hospitals
GRV100275,"Transformer blast ho gaya Lucknow mein, area mein bijli nahi hai 20 din se, jaldi replace karwaye. Thank you.",Electricity
GRV102954,"Namaste sir, Caste certificate Bhopal tehsil office mein 15 din se pending hai, admission ki last date nikal rahi hai. Please take urgent action.",Municipal Certificates
GRV101411,"Sir/Madam, Chn snatching hui thi Lucknow mein, police ne case follow up nahi kiya. Bahut pareshaan hain hum log.",Police & Law and Order
GRV102428,Government scheme ka labh Ashok Gupta ko Kanpur mein tabhi mila jab 5000 rupaye commission diya. कृपया जल्द कार्रवाई करें।,Corruption & Bribery
GRV100041,"Dear officer, Water quality test chahiye Bhopal area mein, paani ka rang peela aa raha hai 20 din se. कृपया जल्द कार्रवाई करें।",Water Supply
GRV100685,"Respected Sir, गली में कचरा जलाया जा रहा है Wright Town में, dhuye se saans lene mein takleef ho rahi hai. Sadar naman.",Sanitation & Garbage
GRV101793,"महोदय, School building Jabalpur mein chhat tapakti hai barish mein, khatarnak sthiti hai.",Education & Schools
GRV100105,There has been no water supply in Napier Town for the last a month. Please resolve urgently.,Water Supply
GRV101995,"Respected Sir, Ration card Patna dukan par is mahine anaj nahi mila, dealer mana kar raha hai. Kripya jald samadhan karein.",Ration & Public Distribution System
GRV101817,"महोदय, Sarkari school Napier Town mein two weeks se teacher nahi aa raha hai, padhai band hai.",Education & Schools
GRV101933,"महोदय, School building Madan Mahal mein chhat tapakti hai barish mein, khatarnak sthiti hai. Kripya jald samadhan karein.",Education & Schools
GRV102053,"Sir/Madam, राशन कार्ड धारकों को Indore में तय मात्रा से कम अनाज दिया जा रहा है हर महीने। Otherwise we will protest.",Ration & Public Distribution System
GRV100749,"महोदय, गली में कचरा जलाया जा रहा है Jabalpur में, dhuye se saans lene mein takleef ho rahi h. Kripya jald samadhan karein.",Sanitation & Garbage
GRV102696,"महोदय, श्रमिक कार्ड Patna में 20 din से renewal ke liye pending hai, yojnaon ka labh nahi mil raha. Otherwise we will protest.",Employment & Labour
GRV100843,"Namaste sir, PF withdrawal request a month se pending hai, office se koi response nahi mil raha. Please take urgent action.",Pension & Provident Fund
GRV100541,"Road construction work Jabalpur mein adhura pada hai 2 hafte se, traffic jam ho raha hai. Please take urgent action.",Roads & Infrastructure
GRV100288,"Respected Sir, Electricity wire loose latak rahi h Shastri Colony mein, accident ka khatra hai, turant thik karwaye.",Electricity
GRV102043,"महोदय, गरीब परिवारों को Bhopal राशन दुकान से चीनी और तेल कई महीनों से नहीं मिल रहा।",Ration & Public Distribution System
GRV100447,"Respected Sir, सड़क किनारे रेलिंग टूटी हुई है Gwalior में, वाहन गिरने का खतरा बना हुआ है। Sadar naman.",Roads & Infrastructure
GRV101561,"Namaste sir, Free treatment scheme card ban gaya lekin hospital Patna mein accept nahi kar rahe.",Healthcare & Hospitals
GRV102363,"Respected Sir, बैंक Gwalior में सरकारी योजना का पैसा 1000 रुपए अभी तक जमा नहीं हुआ। कृपया जल्द कार्रवाई करें।",Banking & Financial Services
GRV100594,"Sir/Madam, कचरा गाड़ी Jaipur में नहीं आती है one week से, गली में गंदगी फैली है। कृपया जल्द कार्रवाई करें।",Sanitation & Garbage
GRV101055,"मेरी जमीन का सीमांकन Jabalpur में गलत हो गया है, पड़ोसी ने कब्जा कर लिया है। Kripya jald samadhan karein.",Land Records & Revenue
GRV100243,"Namaste sir, Streetlights Ward 12 mein two weeks se band hai, raat ko andhera rehta hai bijli na hone se. Otherwise we will protest.",Electricity
GRV101188,"Sir/Madam, Zameen ka daakhil kharij Ranchi tehsil mein 3 din se atka hua hai, koi karyawahi nahi ho rahi. Kripya jald samadhan karein.",Land Records & Revenue
GRV102991,"Respected Sir, प्रमाण पत्र पर नाम की स्पेलिंग गलत छप गई Ranchi नगर निगम से, correction ke liye baar baar chakkar. Otherwise we will protest.",Municipal Certificates
GRV102621,"महोदय, Clerk ne 10000 rupaye maange Civil Lines office mein pension file aage badhane ke liye, ghoos lena band karwaye. Bahut pareshaan hn hum log.",Corruption & Bribery
GRV100505,"Dear officer, Lucknow ki sadak par bada gaddha ho gaya hai, 3 days pehle accident bhi hua tha. Please take urgent action.",Roads & Infrastructure
GRV101835,"Respected Sir, स्कूल Jabalpur में शौचालय की स्थिति बहुत खराब है, बच्चियां स्कूल आने से कतरा रही हैं। Otherwise we will protest.",Education & Schools
GRV102150,"गरीबी रेखा राशन कार्ड Ranchi में गलत तरीके से रद्द कर दिया गया, फिर से चालू करवाएं। Sadar naman.",Ration & Public Distribution System
GRV102418,"ATM Wright Town mein 3 din se kharab hai, paise nhi nikal pa raha koi. Thank you.",Banking & Financial Services
GRV101038,Patta zameen ka record Jaipur revenue office se galat show ho raha hai online portal par. Kripya jald samadhan karein.,Land Records & Revenue
GRV101715,"Sir/Madam, आयुष्मान कार्ड Ranchi अस्पताल में मान्य नहीं किया जा रहा, मरीज को इलाज से मना कर दिया। Sadar naman.",Healthcare & Hospitals
GRV102061,"Namaste sir, Ration dukan Gwalior mein tay samay par nhi khulti, logo ko baar baar chakkar lagana padta hai.",Ration & Public Distribution System
GRV102532,सरकारी दफ्तर Kanpur में बिना रिश्वत दिए कोई फाइल आगे नहीं बढ़ती। Otherwise we will protest.,Corruption & Bribery
GRV101896,"Dear officer, सरकारी स्कूल Jabalpur में छात्रवृत्ति 5000 रुपए अभी तक नहीं आई। Please take urgent action.",Education & Schools
GRV102297,"Sir/Madam, बैंक Ward 12 में सरकारी योजना का पैसा 3000 रुपए अभी तक जमा नहीं हुआ। Bahut pareshaan hain hum log.",Banking & Financial Services
GRV101463,"गुमशुदगी की रिपोर्ट Raipur थाने में 10 din पहले दी थी, अभी तक कोई तलाश शुरू नहीं हुई। Please take urgent action.",Police & Law and Order
GRV101608,"Primary health center Indore mein staff hi nahi hai 10 din se, gaon walo ko door jana padta hai ilaj ke liye. Otherwise we will protest.",Healthcare & Hospitals
GRV102612,"Namaste sir, Government scheme ka labh Deepak Chouhan ko Wright Town mein tabhi mila jab 2000 rupaye commission diya. Bahut pareshaan hain hum log.",Corruption & Bribery
GRV101033,"Namaste sir, अतिक्रमण Madan Mahal में मेरी जमीन पर हुआ है, पटवारी और तहसीलदार को 15 din पहले शिकायत दी थी।",Land Records & Revenue
GRV101982,"Anaj ki quality Kotwali area ration dukan mein bahut kharab hai, keede lage hue chawal mil rahe hain. Bahut pareshaan hain hum log.",Ration & Public Distribution System
GRV100798,"Sir/Madam, मेरी पीएफ की राशि 1500 रुपए अभी तक ट्रांसफर नहीं हुई, one week हो गए आवेदन दिए। Sadar naman.",Pension & Provident Fund
GRV102568,"Namaste sir, सरकारी दफ्तर Bhopal में बिना रिश्वत दिए कोई फाइल आगे नहीं बढ़ती। Otherwise we will protest.",Corruption & Bribery
GRV102337,"Namaste sir, ATM Kanpur mein 1 mahine se kharab hai, paise nahi nikal pa raha koi.",Banking & Financial Services
GRV100944,"EPF transfer Patna regional office se 2 hafte se atka hai, naya employer wait kar raha hai. Kripya jald samadhan karein.",Pension & Provident Fund
GRV100549,"Namaste sir, सड़क Ranchi में बहुत खराब हालत में है, बारिश में कीचड़ हो जाता है, मरम्मत करवाएं। Otherwise we will protest.",Roads & Infrastructure
GRV101993,"PDS shop Shastri Colony mein gehu aur chawal is mahine bilkul nahi mila, dealer bahana bana raha hai.",Ration & Public Distribution System
GRV101823,"Sir/Madam, Sarkari school Bhopal mein one week se teacher nahi aa raha hai, padhai band hai.",Education & Schools
GRV102292,"Fraud transaction 5000 rupaye ka Nagpur branch account se hua hai, turant jaanch karwaye. Kripya jald samadhan karein.",Banking & Financial Services
GRV102623,"भ्रष्ट अधिकारी Ranchi में बिना घूस लिए फाइल आगे नहीं बढ़ाता, कई बार शिकायत कर चुके हैं। कृपया जल्द कार्रवाई करें।",Corruption & Bribery
GRV101627,जननी सुरक्षा योजना का पैसा Sector 7 अस्पताल से 2 hafte में नहीं मिला डिलीवरी के बाद। कृपया जल्द कार्रवाई करें।,Healthcare & Hospitals
GRV103010,"Sir/Madam, Caste certificate Varanasi tehsil office mein 20 din se pending hai, admission ki last date nikal rahi hai. Please take urgent action.",Municipal Certificates
GRV101634,जननी सुरक्षा योजना का पैसा Ward 12 अस्पताल से a month में नहीं मिला डिलीवरी के बाद। Kripya jald samadhan karein.,Healthcare & Hospitals
GRV101096,"Land record mein Rekha Ahirwar ka naam galat likha hai, correction chahiye 3 din se request kar raha hoon. कृपया जल्द कार्रवाई करें।",Land Records & Revenue
GRV100074,"Respected Sir, जल आपूर्ति विभाग Shastri Colony में शिकायत के बाद भी पानी की लाइन ठीक नहीं कर रहा।",Water Supply
GRV101431,"Dear officer, Illegal encroachment aur jua Ranchi mohalle mein khule aam chal raha hai, police mook drashak bani hai. Sadar naman.",Police & Law and Order
GRV102748,"श्रमिक कार्ड Shastri Colony में 1 mahine से renewal ke liye pending hai, yojnaon ka labh nahi mil raha. Otherwise we will protest.",Employment & Labour
GRV102185,"Ration card Ranchi dukan par is mahine anaj nahi mila, dealer mana kar raha hai. Sadar naman.",Ration & Public Distribution System
GRV103036,"Sir/Madam, आय प्रमाण पत्र Indore कार्यालय से one week में नहीं बना, बार बार चक्कर लगवाया जा रहा है। Thank you.",Municipal Certificates
GRV102476,"Clerk ne 1000 rupaye maange Sector 7 office mein pension file aage badhane ke liye, ghoos lena band karwaye. Bahut pareshaan hain hum log.",Corruption & Bribery
GRV101162,"Namaste sir, Patta zameen ka record Lucknow revenue office se galat show ho raha hai online portal par. Thank you.",Land Records & Revenue
GRV100554,"Dear officer, पुलिया Model Town में बारिश में डूब जाती है हर साल, स्थायी समाधान चाहिए। कृपया जल्द कार्रवाई करें।",Roads & Infrastructure
GRV101043,"Dear officer, Zameen ka naamantaran Varanasi tehsil mein one week se pending hai.",Land Records & Revenue
GRV101826,"Respected Sir, स्कूल Bhopal में शौचालय की स्थिति बहुत खराब है, बच्चियां स्कूल आने से कतरा रही हैं। Bahut pareshaan hain hum log.",Education & Schools
GRV100406,"महोदय, सड़क किनारे रेलिंग टूटी हुई है Wright Town में, वाहन गिरने का खतरा बना हुआ है। Bahut pareshaan hain hum log.",Roads & Infrastructure
GRV100149,"Namaste sir, जल आपूर्ति विभाग Adhartal में शिकायत के बाद भी पानी की लाइन ठीक नहीं कर रहा। Thank you.",Water Supply
GRV101771,"Respected Sir, सरकारी स्कूल Napier Town में छात्रवृत्ति 500 रुपए अभी तक नहीं आई।",Education & Schools
GRV102986,"Respected Sir, प्रमाण पत्र पर नाम की स्पेलिंग गलत छप गई Shastri Colony नगर निगम से, correction ke liye baar baar chakkar. Bahut pareshaan hain hum log.",Municipal Certificates
GRV102891,बेरोजगारी भत्ता Civil Lines employment office se 10 din से नहीं मिला आवेदन के बावजूद। Sadar naman.,Employment & Labour
GRV101276,"Eve teasing Adhartal area mein badh gayi hai, mahilaye ghar se nikalne mein dari rehti hain. Please take urgent action.",Police & Law and Order
GRV102850,"श्रमिक कार्ड Jabalpur में 1 mahine से renewal ke liye pending hai, yojnaon ka labh nahi mil raha. Otherwise we will protest.",Employment & Labour
GRV100504,"Respected Sir, Footpath Patna mein encroachment ho gaya hai, pedestrians ko sadak par chalna padta hai.",Roads & Infrastructure
GRV101496,"महोदय, Theft complaint diye one week ho gaye Nagpur mein, koi action nahi hua abhi tak. Otherwise we will protest.",Police & Law and Order
GRV101508,"महोदय, Free treatment scheme card ban gaya lekin hospital Nagpur mein accept nahi kar rahe. Bahut pareshaan hain hum log.",Healthcare & Hospitals
GRV100805,"Respected Sir, मेरी पीएफ की राशि 3000 रुपए अभी तक ट्रांसफर नहीं हुई, 1 hafta हो गए आवेदन दिए। कृपया जल्द कार्रवाई करें।",Pension & Provident Fund
GRV102434,"महोदय, सरकारी टेंडर Gwalior में बिना कमीशन दिए पास नहीं होता, यह भ्रष्टाचार जांच योग्य है।",Corruption & Bribery
GRV102530,"Inspector Ranchi area mein business license ke liye bribe maang raha hai, video proof available hai. Thank you.",Corruption & Bribery
GRV101932,"Dear officer, सरकारी स्कूल Ranchi में छात्रवृत्ति 500 रुपए अभी तक नहीं आई। Kripya jald samadhan karein.",Education & Schools
GRV103073,"महोदय, OBC certificate Bhopal tehsil se renew karwana tha, 5 din se application stuck hai portal par. Kripya jald samadhan karein.",Municipal Certificates
GRV102465,"भ्रष्ट अधिकारी Patna में बिना घूस लिए फाइल आगे नहीं बढ़ाता, कई बार शिकायत कर चुके हैं।",Corruption & Bribery
GRV102161,"गरीबी रेखा राशन कार्ड Ranchi में गलत तरीके से रद्द कर दिया गया, फिर से चालू करवाएं। Thank you.",Ration & Public Distribution System
GRV102983,"निवास प्रमाण पत्र Sector 7 कार्यालय से बनवाने में 3 days लग गए, अभी तक हाथ में नहीं मिला। Bahut pareshaan hain hum log.",Municipal Certificates
GRV101803,"महोदय, सरकारी स्कूल Shastri Colony में छात्रवृत्ति 1000 रुपए अभी तक नहीं आई।",Education & Schools
GRV100229,"Respected Sir, बिजली विभाग Ward 12 में a month से शिकायत के बावजूद फॉल्ट ठीक नहीं कर रहा, पूरा मोहल्ला अंधेरे में है। Thank you.",Electricity
GRV100757,"महोदय, सफाई कर्मचारी Sector 7 मोहल्ले में one week से नहीं आया, शिकायत करने पर भी सुनवाई नहीं। Kripya jald samadhan karein.",Sanitation & Garbage
GRV102049,"Ration card Indore mein digitally seeded nhi hai, isliye anaj milna band ho gaya hai. Please take urgent action.",Ration & Public Distribution System
GRV100733,"Garbage dump Model Town mohalle ke beech mein bana diya gaya hai, badbu aur bimari phail rahi hai. Otherwise we will protest.",Sanitation & Garbage
GRV100035,"महोदय, Borewell Indore me kharab pada hai 1 hafta se, paani ki bahut dikkat ho rahi hai, koi repair nahi kar raha.",Water Supply
GRV101619,"Respected Sir, Ambulance Lucknow bulane par 1 hafta ghante late aayi, emergency case tha. Thank you.",Healthcare & Hospitals
GRV100124,"महोदय, जल संकट Jaipur क्षेत्र में 1 hafta से गंभीर बना हुआ है, पानी के लिए दूर तक जाना पड़ रहा है। Sadar naman.",Water Supply
GRV101092,Patta zameen ka record Wright Town revenue office se galat show ho raha h online portal par.,Land Records & Revenue
GRV101849,"निजी स्कूल Wright Town में फीस मनमानी बढ़ाई जा रही है, शिक्षा विभाग कार्रवाई नहीं कर रहा। Bahut pareshaan hn hum log.",Education & Schools
GRV100555,"Sir/Madam, सड़क किनारे रेलिंग टूटी हुई है Lucknow में, वाहन गिरने का खतरा बना हुआ है। Thank you.",Roads & Infrastructure
GRV100215,"महोदय, पिछले 3 din से हमारे इलाके Indore में पानी की सप्लाई बंद है, कृपया जल्दी ठीक करवाएं। Bahut pareshaan hain hum log.",Water Supply
GRV100467,"महोदय, Footpath Lucknow mein encroachment ho gaya hai, pedestrians ko sadak par chalna padta hai. Bahut pareshaan hain hum log.",Roads & Infrastructure
GRV100415,"Dear officer, पुल Model Town में टूटा हुआ है, बच्चे स्कूल जाने में डरते हैं, कृपया जल्दी बनवाएं।",Roads & Infrastructure
GRV101806,"Sarkari school Raipur mein 5 din se teacher nhi aa raha hai, padhai band hai.",Education & Schools
GRV102589,"रिश्वत की मांग Bhopal कार्यालय में हर छोटे काम के लिए की जाती है, यह भ्रष्टाचार बंद होना चाहिए। Kripya jald samadhan karein.",Corruption & Bribery
GRV101599,"महोदय, जननी सुरक्षा योजना का पैसा Lucknow अस्पताल से 3 days में नहीं मिला डिलीवरी के बाद। Bahut pareshaan hain hum log.",Healthcare & Hospitals
GRV102754,"महोदय, Construction site Ward 12 par bina helmet aur safety belt ke kaam karwaya ja raha hai mazdooro se. कृपया जल्द कार्रवाई करें।",Employment & Labour
GRV103057,"Sir/Madam, विवाह प्रमाण पत्र Gwalior नगर निगम से 3 din में नहीं मिला, दस्तावेज बार बार मांगे जा रहे हैं।",Municipal Certificates
GRV100709,"सफाई कर्मचारी Wright Town मोहल्ले में 3 days से नहीं आया, शिकायत करने पर भी सुनवाई नहीं। कृपया जल्द कार्रवाई करें।",Sanitation & Garbage
GRV100533,"महोदय, Jabalpur ki sadak par bada gaddha ho gaya hai, 15 din pehle accident bhi hua tha. Bahut pareshaan hain hum log.",Roads & Infrastructure
GRV101558,"Sir/Madam, Free treatment scheme card ban gaya lekin hospital Kanpur mein accept nahi kar rahe. Thank you.",Healthcare & Hospitals
GRV101475,"Illegal encroachment aur jua Gandhi Nagar mohalle mein khule aam chal raha hai, police mook drashak bani hai. Thank you.",Police & Law and Order
GRV101375,"Namaste sir, गुमशुदगी की रिपोर्ट Varanasi थाने में 10 din पहले दी थी, अभी तक कोई तलाश शुरू नहीं हुई।",Police & Law and Order
GRV101292,"Theft complaint diye one week ho gaye Adhartal mein, koi action nahi hua abhi tak. Please take urgent action.",Police & Law and Order
GRV102890,"Sir/Madam, MGNREGA ki mazdoori 5 din se nhi mili Napier Town panchayat mein, ghar chalana mushkil ho gaya hai.",Employment & Labour
GRV101829,"Sir/Madam, छात्र का प्रमाण पत्र Kanpur स्कूल से 1 mahine से नहीं मिल रहा, दाखिले में दिक्कत हो रही है। Otherwise we will protest.",Education & Schools
GRV100273,"Respected Sir, बिजली का बिल 5000 रुपए गलत आया है Patna पते पर, इसे ठीक करवाएं। कृपया जल्द कार्रवाई करें।",Electricity
GRV100218,"Power cut every day in Wright Town for hours, complain filed 20 din ago no action. Thank you.",Electricity
GRV102721,"MGNREGA ki mazdoori a month se nahi mili Gwalior panchayat mein, ghar chalana mushkil ho gaya hai. कृपया जल्द कार्रवाई करें।",Employment & Labour
GRV101123,"महोदय, Land record mein Vikas Tiwari ka naam galat likha hai, correction chahiye one week se request kar raha hoon. Bahut pareshaan hain hum log.",Land Records & Revenue
GRV101237,"Zameen ka daakhil kharij Gwalior tehsil mein 3 days se atka hua hai, koi karyawahi nahi ho rahi. Thank you.",Land Records & Revenue
GRV102951,"Namaste sir, Caste certificate Adhartal tehsil office mein 5 din se pending hai, admission ki last date nikal rahi hai. कृपया जल्द कार्रवाई करें।",Municipal Certificates
GRV100886,"Namaste sir, सेवानिवृत्ति के बाद पेंशन खाता Indore में अपडेट नहीं हुआ, 5 din से चक्कर काट रहे हैं। कृपया जल्द कार्रवाई करें।",Pension & Provident Fund
GRV101392,"Illegal encroachment aur jua Ranchi mohalle mein khule aam chal raha hai, police mook drashak bani hai.",Police & Law and Order
GRV100388,"बिजली का बिल 10000 रुपए गलत आया है Varanasi पते पर, इसे ठीक करवाएं। कृपया जल्द कार्रवाई करें।",Electricity
GRV100600,"महोदय, Kachra Kanpur colony ke khali plot mein daala ja raha hai, badbu aur bimari ka khatra hai. Sadar naman.",Sanitation & Garbage
GRV101213,"Namaste sir, अतिक्रमण Kotwali area में मेरी जमीन पर हुआ है, पटवारी और तहसीलदार को two weeks पहले शिकायत दी थी। Sadar naman.",Land Records & Revenue
GRV101243,"Sir/Madam, Zameen ka daakhil kharij Wright Town tehsil mein 10 din se atka hua hai, koi karyawahi nahi ho rahi.",Land Records & Revenue
GRV102971,"Respected Sir, Caste certificate Gwalior tehsil office mein 1 hafta se pending hai, admission ki last date nikal rahi hai.",Municipal Certificates
GRV100066,"Dear officer, Paani ki tanker mangwane ke liye Bhopal nagar nigam ko 5 din pehle likha tha, koi tanker nahi bheja gaya. Kripya jald samadhan karein.",Water Supply
GRV100691,"Kachra Raipur colony ke khali plot mein daala ja raha hai, badbu aur bimari ka khatra hai. Otherwise we will protest.",Sanitation & Garbage
GRV100965,"Sir/Madam, पेंशनर सत्यापन Kanpur में हर साल परेशानी देता है, इस बार a month से पेंशन रुकी हुई है। Otherwise we will protest.",Pension & Provident Fund
GRV100276,"Respected Sir, Power cut every day in Civil Lines for hours, complaint filed one week ago no action.",Electricity
GRV100623,"Namaste sir, Kachra Napier Town colony ke khali plot mein daala ja raha hai, badbu aur bimari ka khatra hai. कृपया जल्द कार्रवाई करें।",Sanitation & Garbage
GRV101834,सरकारी स्कूल Varanasi में छात्रवृत्ति 10000 रुपए अभी तक नहीं आई। Bahut pareshaan hain hum log.,Education & Schools
GRV102973,"Domicile certificate Patna mein 10 din se atka hua hai, job application ki deadline nikal rahi hai. कृपया जल्द कार्रवाई करें।",Municipal Certificates
GRV101580,"अस्पताल Model Town में सफाई की बहुत खराब स्थिति है, संक्रमण फैलने का डर है। Sadar naman.",Healthcare & Hospitals
GRV100335,"बिजली विभाग Ward 12 में one week से शिकायत के बावजूद फॉल्ट ठीक नहीं कर रहा, पूरा मोहल्ला अंधेरे में है। Thank you.",Electricity
GRV102723,"श्रम कार्यालय Kotwali area में मजदूर के हक की शिकायत 3 din से लंबित है, कोई सुनवाई नहीं हुई।",Employment & Labour
GRV101152,"महोदय, मेरी जमीन का सीमांकन Lucknow में गलत हो गया है, पड़ोसी ने कब्जा कर लिया है। Sadar naman.",Land Records & Revenue
GRV102834,"महोदय, श्रम कार्यालय Model Town में मजदूर के हक की शिकायत 15 din से लंबित है, कोई सुनवाई नहीं हुई। Thank you.",Employment & Labour
GRV101037,"Namaste sir, Land record mein Rekha Ahirwar ka naam galat likha hai, correction chahiye 1 hafta se request kar raha hoon. कृपया जल्द कार्रवाई करें।",Land Records & Revenue
GRV100350,"Sir/Madam, Power cut every day in Kotwali area for hours, complaint filed 10 din ago no action. Sadar naman.",Electricity
GRV102884,"Namaste sir, श्रम कार्यालय Civil Lines में मजदूर के हक की शिकायत 15 din से लंबित है, कोई सुनवाई नहीं हुई। कृपया जल्द कार्रवाई करें।",Employment & Labour
GRV102970,"महोदय, Income certificate online apply Kanpur portal par kiya tha, 20 din se status pending dikha raha hai.",Municipal Certificates
GRV102063,"महोदय, New ration card ke liye 20 din se apply kiya hai Ranchi office mein, abhi tak nahi bana. Otherwise we will protest.",Ration & Public Distribution System
GRV101809,"महोदय, सरकारी स्कूल Wright Town में छात्रवृत्ति 1500 रुपए अभी तक नहीं आई।",Education & Schools
GRV103013,"महोदय, OBC certificate Lucknow tehsil se renew karwana tha, 1 mahine se application stuck hai portal par. कृपया जल्द कार्रवाई करें।",Municipal Certificates
GRV100446,"सड़क किनारे रेलिंग टूटी हुई है Kotwali area में, वाहन गिरने का खतरा बना हुआ है।",Roads & Infrastructure
GRV103004,"आय प्रमाण पत्र Wright Town कार्यालय से 2 hafte में नहीं बना, बार बार चक्कर लगवाया जा रहा है। Bahut pareshaan hain hum log.",Municipal Certificates
GRV102999,"Dear officer, प्रमाण पत्र पर नाम की स्पेलिंग गलत छप गई Lucknow नगर निगम से, correction ke liye baar baar chakkar. Sadar naman.",Municipal Certificates
GRV101170,"Respected Sir, अतिक्रमण Jabalpur में मेरी जमीन पर हुआ है, पटवारी और तहसीलदार को 15 din पहले शिकायत दी थी। कृपया जल्द कार्रवाई करें।",Land Records & Revenue
GRV101497,"मोहल्ले में Ranchi में असामाजिक तत्वों का आतंक है, रात को शराब पीकर हंगामा करते हैं।",Police & Law and Order
GRV102318,"Namaste sir, KYC update na hone ki wajah se account block ho gaya Kanpur branch mein. Kripya jald samadhan karein.",Banking & Financial Services
GRV102408,"Dear officer, बैंक Patna में सरकारी योजना का पैसा 2000 रुपए अभी तक जमा नहीं हुआ। Please take urgent action.",Banking & Financial Services
GRV101153,"महोदय, Zameen ka daakhil kharij Adhartal tehsil mein two weeks se atka hua hai, koi karyawahi nahi ho rahi. Thank you.",Land Records & Revenue
GRV100804,"Sir/Madam, पेंशन फॉर्म में गलत बैंक खाता नंबर दर्ज हो गया है, कृपया सुधार करें। Bahut pareshaan hn hum log.",Pension & Provident Fund
GRV101798,"Sarkari school Model Town mein 3 din se teacher nahi aa raha hai, padhai band hai. Sadar naman.",Education & Schools
GRV100070,"पिछले two weeks से हमारे इलाके Raipur में पानी की सप्लाई बंद है, कृपया जल्दी ठीक करवाएं। Sadar naman.",Water Supply
GRV101179,"अतिक्रमण Jabalpur में मेरी जमीन पर हुआ है, पटवारी और तहसीलदार को 15 din पहले शिकायत दी थी। Otherwise we will protest.",Land Records & Revenue
GRV101241,"महोदय, मेरी जमीन का सीमांकन Lucknow में गलत हो गया है, पड़ोसी ने कब्जा कर लिया है। Bahut pareshaan hain hum log.",Land Records & Revenue
GRV100210,"Sir/Madam, हैंडपंप Civil Lines में खराब पड़ा है two weeks से, गांव में पानी की भारी किल्लत है।",Water Supply
GRV100147,"टंकी का पानी Civil Lines में सीवर के पानी से मिल गया है, तुरंत जांच करवाएं। Please take urgent action.",Water Supply
GRV101968,"Namaste sir, स्कूल Wright Town में शौचालय की स्थिति बहुत खराब है, बच्चियां स्कूल आने से कतरा रही हैं। Otherwise we will protest.",Education & Schools
GRV101220,"Respected Sir, भू-अभिलेख में गलती है, कृपया तहसीलदार Raipur को निर्देश दें ठीक करने का। Thank you.",Land Records & Revenue
GRV101164,"Land record mein Vikas Tiwari ka naam galat likha hai, correction chahiye 3 days se request kar raha hoon. Please take urgent action.",Land Records & Revenue
GRV100036,"Namaste sir, टंकी का पानी Raipur में सीवर के पानी से मिल गया है, तुरंत जांच करवाएं। Sadar naman.",Water Supply
GRV100535,"Sir/Madam, Drainage cover sadak Wright Town mein tuta pada hai, gaddi ka pahiya fasne se accident ho sakta hai.",Roads & Infrastructure
GRV100855,"सेवानिवृत्ति के बाद पेंशन खाता Wright Town में अपडेट नहीं हुआ, 2 hafte से चक्कर काट रहे हैं। Please take urgent action.",Pension & Provident Fund
GRV101741,"महोदय, Sarkari school Patna mein 2 hafte se teacher nahi aa raha hai, padhai band hai. Thank you.",Education & Schools
GRV103074,"Respected Sir, Caste certificate Model Town tehsil office mein 20 din se pending hai, admission ki last date nikal rahi hai. Thank you.",Municipal Certificates
GRV102579,"Sir/Madam, भ्रष्ट अधिकारी Wright Town में बिना घूस लिए फाइल आगे नहीं बढ़ाता, कई बार शिकायत कर चुके हैं।",Corruption & Bribery
GRV101156,"Dear officer, Zameen ka naamantaran Kanpur tehsil mein one week se pending hai.",Land Records & Revenue
GRV102769,"Namaste sir, MGNREGA ki mazdoori 3 din se nahi mili Varanasi panchayat mein, ghar chalana mushkil ho gaya hai.",Employment & Labour
GRV101464,"महोदय, पुलिस थाना Madan Mahal में तैनात कर्मचारी रिश्वत मांग रहा है काम करने के लिए। Kripya jald samadhan karein.",Police & Law and Order
GRV102447,"Dear officer, सरकारी टेंडर Bhopal में बिना कमीशन दिए पास नहीं होता, यह भ्रष्टाचार जांच योग्य है। Bahut pareshaan hain hum log.",Corruption & Bribery
GRV101177,"Namaste sir, Zameen ka daakhil kharij Madan Mahal tehsil mein 10 din se atka hua hai, koi karyawahi nahi ho rahi.",Land Records & Revenue
GRV102212,KYC update na hone ki wajah se account block ho gaya Adhartal branch mein. Sadar naman.,Banking & Financial Services
GRV100650,"Dear officer, नाली Civil Lines में जाम पड़ी है 10 din से, सफाई विभाग को कई बार बताया लेकिन कोई कार्रवाई नहीं हुई। Thank you.",Sanitation & Garbage
GRV101063,"Sir/Madam, Patta zameen ka record Civil Lines revenue office se galat show ho raha hai online portal par. Sadar naman.",Land Records & Revenue
GRV102967,"Dear officer, विवाह प्रमाण पत्र Sector 7 नगर निगम से 3 din में नहीं मिला, दस्तावेज बार बार मांगे जा रहे हैं। Thank you.",Municipal Certificates
GRV102315,"Namaste sir, ATM Madan Mahal mein a month se kharab hai, paise nhi nikal pa raha koi. Thank you.",Banking & Financial Services
GRV101724,"Ambulance Civil Lines bulane par 15 din ghante late aayi, emergency case tha. Bahut pareshaan hain hum log.",Healthcare & Hospitals
GRV102745,"महोदय, Overtime paisa 2000 rupaye Adhartal factory se 3 din se nahi mila, HR jawab nahi de raha. Please take urgent action.",Employment & Labour
GRV100562,"महोदय, पुलिया Sector 7 में बारिश में डूब जाती है हर साल, स्थायी समाधान चाहिए। Sadar naman.",Roads & Infrastructure
GRV102304,"Sir/Madam, मेरे खाते से 2000 रुपए गलत तरीके से कट गए Adhartal शाखा से, वापस दिलवाएं। Please take urgent action.",Banking & Financial Services
GRV101877,"छात्र का प्रमाण पत्र Adhartal स्कूल से 1 mahine से नहीं मिल रहा, दाखिले में दिक्कत हो रही है। Kripya jald samadhan karein.",Education & Schools
GRV102607,Government scheme ka labh Rajesh Verma ko Napier Town mein tabhi mila jab 2000 rupaye commission diya. कृपया जल्द कार्रवाई करें।,Corruption & Bribery
GRV101584,"Respected Sir, अस्पताल Jaipur में सफाई की बहुत खराब स्थिति है, संक्रमण फैलने का डर है। Thank you.",Healthcare & Hospitals
GRV102831,"Respected Sir, बेरोजगारी भत्ता Nagpur employment office se two weeks से नहीं मिला आवेदन के बावजूद। Sadar naman.",Employment & Labour
GRV100540,"सड़क निर्माण Adhartal में घटिया सामग्री से हो रहा है, one week में ही टूटने लगी। Kripya jald samadhan karein.",Roads & Infrastructure
GRV100136,There has been no water supply in Gandhi Nagar for the last 1 hafta. Please resolve urgently. Please take urgent action.,Water Supply
GRV101540,"आयुष्मान कार्ड Kotwali area अस्पताल में मान्य नहीं किया जा रहा, मरीज को इलाज से मना कर दिया। Bahut pareshaan hain hum log.",Healthcare & Hospitals
GRV100986,"Respected Sir, मेरी पीएफ की राशि 10000 रुपए अभी तक ट्रांसफर नहीं हुई, 20 din हो गए आवेदन दिए। Thank you.",Pension & Provident Fund
GRV102946,"Dear officer, आय प्रमाण पत्र Ranchi कार्यालय से 3 days में नहीं बना, बार बार चक्कर लगवाया जा रहा है।",Municipal Certificates
GRV101765,"School building Bhopal mein chhat tapakti hai barish mein, khatarnak sthiti hai. Kripya jald samadhan karein.",Education & Schools
GRV101372,"Dear officer, Eve teasing Wright Town area mein badh gayi hai, mahilaye ghar se nikalne mein dari rehti hain. Otherwise we will protest.",Police & Law and Order
GRV101109,"मेरी जमीन का सीमांकन Adhartal में गलत हो गया है, पड़ोसी ने कब्जा कर लिया है। Otherwise we will protest.",Land Records & Revenue
GRV100120,"Dear officer, Paani ki tanker mangwane ke liye Ranchi nagar nigam ko 3 days pehle likha tha, koi tanker nahi bheja gaya. Sadar naman.",Water Supply
GRV101692,"Respected Sir, Ambulance Shastri Colony bulane par 20 din ghante late aayi, emergency case tha. Sadar naman.",Healthcare & Hospitals
GRV100579,"सड़क किनारे रेलिंग टूटी हुई है Nagpur में, वाहन गिरने का खतरा बना हुआ है। Sadar naman.",Roads & Infrastructure
GRV102498,"महोदय, Model Town office mein kaam karwane ke liye clerk 1500 rupaye ghoos maang raha hai. Kripya jald samadhan karein.",Corruption & Bribery
GRV102839,"Respected Sir, मनरेगा जॉब कार्ड Shastri Colony में 3 days से नहीं बना, काम भी नहीं मिल रहा। Otherwise we will protest.",Employment & Labour
GRV101305,"महोदय, Chain snatching hui thi Jaipur mein, police ne case follow up nahi kiya. Kripya jald samadhan karein.",Police & Law and Order
GRV101659,"Sir/Madam, Ambulance Nagpur bulane par two weeks ghante late aayi, emergency case tha. Otherwise we will protest.",Healthcare & Hospitals
GRV101541,"Dear officer, Free treatment scheme card ban gaya lekin hospital Napier Town mein accept nhi kar rahe. Please take urgent action.",Healthcare & Hospitals
GRV102125,"Respected Sir, PDS shop Jaipur mein gehu aur chawal is mahine bilkul nahi mila, dealer bahana bana raha hai. Kripya jald samadhan karein.",Ration & Public Distribution System
GRV102420,"ATM Gwalior mein 1 mahine se kharab hai, paise nahi nikal pa raha koi.",Banking & Financial Services
GRV102086,"Sir/Madam, गरीब परिवारों को Jabalpur राशन दुकान से चीनी और तेल कई महीनों से नहीं मिल रहा। Kripya jald samadhan karein.",Ration & Public Distribution System
GRV102688,"Labour ka wages employer ne 1000 rupaye kam diya Napier Town site par, PF bhi nahi kata. Kripya jald samadhan karein.",Employment & Labour
GRV102861,"MGNREGA ki mazdoori 1 mahine se nahi mili Shastri Colony panchayat mein, ghar chalana mushkil ho gaya hai. Kripya jald samadhan karein.",Employment & Labour
GRV101651,"सरकारी अस्पताल Lucknow में दवाइयां उपलब्ध नहीं हैं, बाहर से खरीदनी पड़ रही है। Otherwise we will protest.",Healthcare & Hospitals
GRV102342,"मेरे खाते से 500 रुपए गलत तरीके से कट गए Model Town शाखा से, वापस दिलवाएं। Otherwise we will protest.",Banking & Financial Services
GRV100711,"Dear officer, Public toilet Gandhi Nagar ke paas bahut ganda hai, safai nahi hoti kai dino se.",Sanitation & Garbage
GRV100902,"Namaste sir, पेंशनर सत्यापन Sector 7 में हर साल परेशानी देता है, इस बार one week से पेंशन रुकी हुई है। Thank you.",Pension & Provident Fund
GRV100998,"महोदय, PF withdrawal request 2 hafte se pending hai, office se koi response nahi mil raha.",Pension & Provident Fund
GRV100603,"Dear officer, नाली Napier Town में जाम पड़ी है 5 din से, सफाई विभाग को कई बार बताया लेकिन कोई कार्रवाई नहीं हुई। Kripya jald samadhan karein.",Sanitation & Garbage
GRV100982,"Respected Sir, PF withdrawal request 10 din se pending hai, office se koi response nahi mil raha. Please take urgent action.",Pension & Provident Fund
GRV100703,"Respected Sir, Kachra Nagpur colony ke khali plot mein daala ja raha hai, badbu aur bimari ka khatra hai. Otherwise we will protest.",Sanitation & Garbage
GRV100137,"महोदय, जल आपूर्ति विभाग Gandhi Nagar में शिकायत के बाद भी पानी की लाइन ठीक नहीं कर रहा।",Water Supply
GRV100225,"Namaste sir, नया बिजली कनेक्शन Madan Mahal में 10 din से पेंडिंग है, आवेदन के बावजूद बिजली विभाग जवाब नहीं दे रहा।",Electricity
GRV100227,"Transformer blast ho gaya Gandhi Nagar mein, area mein bijli nahi hai 3 din se, jaldi replace karwaye. Kripya jald samadhan karein.",Electricity
GRV100377,"Dear officer, नया बिजली कनेक्शन Varanasi में 20 din से पेंडिंग है, आवेदन के बावजूद बिजली विभाग जवाब नहीं दे रहा। Kripya jald samadhan karein.",Electricity
GRV100927,"मेरी पीएफ की राशि 10000 रुपए अभी तक ट्रांसफर नहीं हुई, 5 din हो गए आवेदन दिए।",Pension & Provident Fund
GRV100121,"Hamare Bhopal mohalle mein pichle 3 days se paani nahi aa raha hai, jaldi thik karwaye. Kripya jald samadhan karein.",Water Supply
GRV101941,"Sir/Madam, सरकारी स्कूल Napier Town में छात्रवृत्ति 5000 रुपए अभी तक नहीं आई। Thank you.",Education & Schools
GRV100955,"Dear officer, पेंशन फॉर्म में गलत बैंक खाता नंबर दर्ज हो गया है, कृपया सुधार करें।",Pension & Provident Fund
GRV101054,"भू-अभिलेख में गलती है, कृपया तहसीलदार Kotwali area को निर्देश दें ठीक करने का।",Land Records & Revenue
GRV102587,Government scheme ka labh Ashok Gupta ko Gandhi Nagar mein tabhi mila jab 2000 rupaye commission diya. Please take urgent action.,Corruption & Bribery
GRV102981,"Respected Sir, Character certificate Ward 12 police station se a month se pending hai, job joining rukh gayi hai. Thank you.",Municipal Certificates
GRV100477,"महोदय, पुल Jaipur में टूटा हुआ है, बच्चे स्कूल जाने में डरते हैं, कृपया जल्दी बनवाएं। Thank you.",Roads & Infrastructure
GRV101333,"Theft complain diye a month ho gaye Gandhi Nagar mein, koi action nhi hua abhi tak.",Police & Law and Order
GRV100710,"महोदय, Street sweeping Varanasi area mein band ho gayi hai one week se, dust aur kachra jama ho gaya hai. Sadar naman.",Sanitation & Garbage
GRV102930,"Character certificate Jabalpur police station se 1 hafta se pending hai, job joining rukh gayi hai. Otherwise we will protest.",Municipal Certificates
GRV102166,"महोदय, गरीब परिवारों को Varanasi राशन दुकान से चीनी और तेल कई महीनों से नहीं मिल रहा।",Ration & Public Distribution System
GRV100569,"महोदय, Road construction work Gandhi Nagar mein adhura pada hai 10 din se, traffic jam ho raha hai. Sadar naman.",Roads & Infrastructure
GRV100012,"Respected Sir, Sir humara water tanker Napier Town area mein nahi aata, complaint diye 5 din ho gaye. Please take urgent action.",Water Supply
GRV102758,"Overtime paisa 2000 rupaye Jabalpur factory se a month se nahi mila, HR jawab nahi de raha. Kripya jald samadhan karein.",Employment & Labour
GRV100338,"Electricity wire loose latak rahi hai Adhartal mein, accident ka khatra hai, turant thik karwaye.",Electricity
GRV102482,"Namaste sir, Panchayat Bhopal mein yojna ka paisa bina commission diye release nahi hota, sarpanch ghoos maangta hai. Please take urgent action.",Corruption & Bribery
GRV100458,"Namaste sir, सड़क निर्माण Madan Mahal में घटिया सामग्री से हो रहा है, a month में ही टूटने लगी। Bahut pareshaan hain hum log.",Roads & Infrastructure
GRV102857,"Overtime paisa 3000 rupaye Jaipur factory se 1 hafta se nhi mila, HR jawab nahi de raha. Otherwise we will protest.",Employment & Labour
GRV100393,"महोदय, Electricity wire loose latak rahi h Kanpur mein, accident ka khatra hai, turant thik karwaye. Thank you.",Electricity
GRV102684,"Respected Sir, MGNREGA ki mazdoori 5 din se nahi mili Gandhi Nagar panchayat mein, ghar chalana mushkil ho gaya hai. Please take urgent action.",Employment & Labour
GRV102600,"Sir/Madam, Clerk ne 3000 rupaye maange Sector 7 office mein pension file aage badhane ke liye, ghoos lena band karwaye. Otherwise we will protest.",Corruption & Bribery
GRV101777,"Teacher transfer Lucknow school se 15 din pehle hua tha, replacement abhi tak nahi mila, class khali padi hai. Please take urgent action.",Education & Schools
GRV101299,"Respected Sir, Theft complaint diye 1 hafta ho gaye Lucknow mein, koi action nahi hua abhi tak. Thank you.",Police & Law and Order
GRV100629,"Kachra collection van Bhopal area mein bilkul nahi aati, ghar ghar se kachra sadak par phenkna padta hai. Please take urgent action.",Sanitation & Garbage
GRV100776,"Respected Sir, सफाई विभाग Civil Lines में डोर टू डोर कचरा कलेक्शन बंद कर चुका है 3 days से। Thank you.",Sanitation & Garbage
GRV102544,"Namaste sir, सरकारी दफ्तर Jaipur में बिना रिश्वत दिए कोई फाइल आगे नहीं बढ़ती।",Corruption & Bribery
GRV102110,"Fair price shop Raipur mein weighing machine kharab hai, kam tola jata hai anaj. Please take urgent action.",Ration & Public Distribution System
GRV101460,"Respected Sir, Illegal encroachment aur jua Model Town mohalle mein khule aam chal raha hai, police mook drashak bani hai.",Police & Law and Order
GRV101712,"Dear officer, Free treatment scheme card ban gaya lekin hospital Jaipur mein accept nahi kar rahe. Thank you.",Healthcare & Hospitals
GRV100775,"Sir/Madam, गली में कचरा जलाया जा रहा है Raipur में, dhuye se saans lene mein takleef ho rahi hai. Thank you.",Sanitation & Garbage
GRV100777,"सफाई कर्मचारी Bhopal मोहल्ले में 20 din से नहीं आया, शिकायत करने पर भी सुनवाई नहीं। Otherwise we will protest.",Sanitation & Garbage
GRV100438,"Dear officer, सड़क किनारे रेलिंग टूटी हुई है Model Town में, वाहन गिरने का खतरा बना हुआ है। Otherwise we will protest.",Roads & Infrastructure
GRV102856,"Respected Sir, श्रमिक कार्ड Kanpur में 20 din से renewal ke liye pending hai, yojnaon ka labh nahi mil raha. Otherwise we will protest.",Employment & Labour
GRV102400,"Fraud transaction 2000 rupaye ka Indore branch account se hua hai, turant jaanch karwaye. Otherwise we will protest.",Banking & Financial Services
GRV101821,"Respected Sir, स्कूल Lucknow में शौचालय की स्थिति बहुत खराब है, बच्चियां स्कूल आने से कतरा रही हैं।",Education & Schools
GRV102174,"Dear officer, Anaj ki quality Lucknow ration dukan mein bahut kharab hai, keede lage hue chawal mil rahe hain. कृपया जल्द कार्रवाई करें।",Ration & Public Distribution System
GRV102464,"Respected Sir, भ्रष्ट अधिकारी Kotwali area में बिना घूस लिए फाइल आगे नहीं बढ़ाता, कई बार शिकायत कर चुके हैं। Thank you.",Corruption & Bribery
GRV101469,"मोहल्ले में Lucknow में असामाजिक तत्वों का आतंक है, रात को शराब पीकर हंगामा करते हैं।",Police & Law and Order
GRV102691,"Dear officer, बेरोजगारी भत्ता Jaipur employment office se 1 hafta से नहीं मिला आवेदन के बावजूद। Otherwise we will protest.",Employment & Labour
GRV101450,"Namaste sir, मोहल्ले में Model Town में असामाजिक तत्वों का आतंक है, रात को शराब पीकर हंगामा करते हैं। Thank you.",Police & Law and Order
GRV102481,Lucknow office mein kaam karwane ke liye clerk 1000 rupaye ghoos maang raha hai. Otherwise we will protest.,Corruption & Bribery
GRV102398,"Respected Sir, ATM Kotwali area mein 1 mahine se kharab hai, paise nhi nikal pa raha koi.",Banking & Financial Services
GRV102743,"महोदय, MGNREGA ki mazdoori 3 days se nahi mili Varanasi panchayat mein, ghar chalana mushkil ho gaya hai. कृपया जल्द कार्रवाई करें।",Employment & Labour
GRV100638,"महोदय, कचरा गाड़ी Wright Town में नहीं आती है a month से, गली में गंदगी फैली है। Otherwise we will protest.",Sanitation & Garbage
GRV101699,"सरकारी अस्पताल Shastri Colony में दवाइयां उपलब्ध नहीं हैं, बाहर से खरीदनी पड़ रही है। Sadar naman.",Healthcare & Hospitals
GRV102625,"Respected Sir, Kotwali area office mein kaam karwane ke liye clerk 500 rupaye ghoos maang raha hai. Thank you.",Corruption & Bribery
GRV100280,"Sir/Madam, बिजली का बिल 1000 रुपए गलत आया है Napier Town पते पर, इसे ठीक करवाएं। Kripya jald samadhan karein.",Electricity
GRV101281,"मोहल्ले में Madan Mahal में असामाजिक तत्वों का आतंक है, रात को शराब पीकर हंगामा करते हैं। Bahut pareshaan hain hum log.",Police & Law and Order
GRV101457,"Sir/Madam, गुमशुदगी की रिपोर्ट Kanpur थाने में 1 hafta पहले दी थी, अभी तक कोई तलाश शुरू नहीं हुई। Bahut pareshaan hain hum log.",Police & Law and Order
GRV101480,"महोदय, मोहल्ले में Raipur में असामाजिक तत्वों का आतंक है, रात को शराब पीकर हंगामा करते हैं। Please take urgent action.",Police & Law and Order
GRV100506,"Dear officer, Road divider Nagpur mein toota pada hai 2 hafte se, gaadiyan galat side se overtake kar rahi hain.",Roads & Infrastructure
GRV101740,"Dear officer, Teacher transfer Raipur school se 1 hafta pehle hua tha, replacement abhi tak nahi mila, class khali padi hai. Please take urgent action.",Education & Schools
GRV101839,"Dear officer, छात्र का प्रमाण पत्र Kotwali area स्कूल से 20 din से नहीं मिल रहा, दाखिले में दिक्कत हो रही है। Otherwise we will protest.",Education & Schools
GRV100466,"पुलिया Jaipur में बारिश में डूब जाती है हर साल, स्थायी समाधान चाहिए। कृपया जल्द कार्रवाई करें।",Roads & Infrastructure
GRV102219,"Namaste sir, ATM Shastri Colony mein a month se kharab hai, paise nahi nikal pa raha koi. Bahut pareshaan hain hum log.",Banking & Financial Services
GRV102514,"Sir/Madam, Bina ghoos diye Jabalpur sarkari office mein koi kaam nahi hota, staff khule aam paise maangta hai. कृपया जल्द कार्रवाई करें।",Corruption & Bribery
GRV103067,"Dear officer, Domicile certificate Nagpur mein a month se atka hua hai, job application ki deadline nikal rahi hai. Kripya jald samadhan karein.",Municipal Certificates
GRV101432,"Illegal encroachment aur jua Lucknow mohalle mein khule aam chal raha h, police mook drashak bani hai. Thank you.",Police & Law and Order
GRV101773,"Dear officer, Sarkari school Madan Mahal mein 10 din se teacher nahi aa raha hai, padhai band hai. Otherwise we will protest.",Education & Schools
GRV100010,"महोदय, Hamare Sector 7 mohalle mein pichle 10 din se paani nhi aa raha hai, jldi thik karwaye. Bahut pareshaan hain hum log.",Water Supply
GRV102394,"Respected Sir, मेरे खाते से 1000 रुपए गलत तरीके से कट गए Bhopal शाखा से, वापस दिलवाएं। Kripya jald samadhan karein.",Banking & Financial Services
GRV100918,"Old age pension band ho gayi hai bina bataye, Ashok Gupta ko problem ho rahi hai. Bahut pareshaan hain hum log.",Pension & Provident Fund
GRV101640,"Sir/Madam, सरकारी अस्पताल Ward 12 में दवाइयां उपलब्ध नहीं हैं, बाहर से खरीदनी पड़ रही है। Thank you.",Healthcare & Hospitals
GRV102010,"राशन कार्ड में परिवार के सदस्य का नाम जुड़वाना है, Varanasi कार्यालय में आवेदन दिया 1 mahine पहले। Sadar naman.",Ration & Public Distribution System
GRV102239,"Bank Adhartal branch mein loan application 5 din se pending h, koi jawab nhi mil raha. Please take urgent action.",Banking & Financial Services
GRV101709,"Sir/Madam, सरकारी अस्पताल Lucknow में दवाइयां उपलब्ध नहीं हैं, बाहर से खरीदनी पड़ रही है। Please take urgent action.",Healthcare & Hospitals
GRV102665,"महोदय, सरकारी दफ्तर Ward 12 में बिना रिश्वत दिए कोई फाइल आगे नहीं बढ़ती। Thank you.",Corruption & Bribery
GRV100428,"Sir/Madam, सड़क पर बिना बैरिकेड के गड्ढा खोदा गया है Patna में, raat mein accident ka khatra hai. कृपया जल्द कार्रवाई करें।",Roads & Infrastructure
GRV101446,"गुमशुदगी की रिपोर्ट Patna थाने में 3 din पहले दी थी, अभी तक कोई तलाश शुरू नहीं हुई। Kripya jald samadhan karein.",Police & Law and Order
GRV101391,"Eve teasing Kanpur area mein badh gayi hai, mahilaye ghar se nikalne mein dari rehti hain. Please take urgent action.",Police & Law and Order
GRV101585,Free treatment scheme card ban gaya lekin hospital Adhartal mein accept nahi kar rahe. Thank you.,Healthcare & Hospitals
GRV101832,"Namaste sir, Sarkari school Gandhi Nagar mein two weeks se teacher nahi aa raha hai, padhai band hai. Kripya jald samadhan karein.",Education & Schools
GRV102397,बैंक Shastri Colony में सरकारी योजना का पैसा 1000 रुपए अभी तक जमा नहीं हुआ। Please take urgent action.,Banking & Financial Services
GRV100092,"महोदय, पिछले 1 hafta से हमारे इलाके Ranchi में पानी की सप्लाई बंद है, कृपया जल्दी ठीक करवाएं। Please take urgent action.",Water Supply
GRV102815,"Dear officer, श्रमिक कार्ड Civil Lines में one week से renewal ke liye pending hai, yojnaon ka labh nahi mil raha. Thank you.",Employment & Labour
GRV102459,"महोदय, रिश्वत की मांग Adhartal कार्यालय में हर छोटे काम के लिए की जाती है, यह भ्रष्टाचार बंद होना चाहिए। Otherwise we will protest.",Corruption & Bribery
GRV101252,"Sir/Madam, Land record mein Geeta Bai ka naam galat likha hai, correction chahiye 5 din se request kar raha hoon. Kripya jald samadhan karein.",Land Records & Revenue
GRV100663,"कचरा गाड़ी Ranchi में नहीं आती है one week से, गली में गंदगी फैली है। कृपया जल्द कार्रवाई करें।",Sanitation & Garbage
GRV100205,"Respected Sir, पीने के पानी की सप्लाई Raipur में हफ्ते में सिर्फ एक बार आती है, बहुत परेशानी है। Thank you.",Water Supply
GRV101996,"Namaste sir, गरीबी रेखा राशन कार्ड Ward 12 में गलत तरीके से रद्द कर दिया गया, फिर से चालू करवाएं।",Ration & Public Distribution System
GRV102592,सरकारी दफ्तर Adhartal में बिना रिश्वत दिए कोई फाइल आगे नहीं बढ़ती। Please take urgent action.,Corruption & Bribery
GRV100417,"Road construction work Ranchi mein adhura pada hai 1 hafta se, traffic jam ho raha hai. Kripya jald samadhan karein.",Roads & Infrastructure
GRV102458,"Dear officer, भ्रष्ट अधिकारी Raipur में बिना घूस लिए फाइल आगे नहीं बढ़ाता, कई बार शिकायत कर चुके हैं। Please take urgent action.",Corruption & Bribery
GRV102597,"Namaste sir, Clerk ne 10000 rupaye maange Kotwali area office mein pension file aage badhane ke liye, ghoos lena band karwaye. Bahut pareshaan hain hum log.",Corruption & Bribery
GRV101753,"Sarkari school Wright Town mein 1 mahine se teacher nhi aa raha h, padhai band hai.",Education & Schools
GRV103000,"महोदय, निवास प्रमाण पत्र Gandhi Nagar कार्यालय से बनवाने में 5 din लग गए, अभी तक हाथ में नहीं मिला। Otherwise we will protest.",Municipal Certificates
GRV100947,"पेंशनर सत्यापन Wright Town में हर साल परेशानी देता है, इस बार a month से पेंशन रुकी हुई है। कृपया जल्द कार्रवाई करें।",Pension & Provident Fund
GRV102701,"EPFO complaint diya tha 2 hafte pehle, response nahi aaya Jaipur regional office se. कृपया जल्द कार्रवाई करें।",Employment & Labour
GRV100339,"High voltage ki wajah se Ranchi mein kai gharo ke appliance jal gaye, compensation chahiye. Sadar naman.",Electricity
GRV100424,"Dear officer, Road construction work Nagpur mein adhura pada hai 5 din se, traffic jam ho raha hai. Sadar naman.",Roads & Infrastructure
GRV103108,"Dear officer, प्रमाण पत्र पर नाम की स्पेलिंग गलत छप गई Patna नगर निगम से, correction ke liye baar baar chakkar. Thank you.",Municipal Certificates
GRV101853,"Sir/Madam, स्कूल Ranchi में शौचालय की स्थिति बहुत खराब है, बच्चियां स्कूल आने से कतरा रही हैं। Thank you.",Education & Schools
GRV102829,"Sir/Madam, Labour ka wages employer ne 1000 rupaye kam diya Sector 7 site par, PF bhi nahi kata. Kripya jald samadhan karein.",Employment & Labour
GRV100232,"Sir/Madam, बिजली का खंभा टूट कर सड़क पर गिरा है Ward 12 में, दुर्घटना हो सकती है, कृपया जल्दी हटवाएं। Bahut pareshaan hain hum log.",Electricity
GRV101988,"Sir/Madam, Ration card Lucknow dukan par is mahine anaj nahi mila, dealer mana kar raha hai. Kripya jald samadhan karein.",Ration & Public Distribution System
GRV100841,"महोदय, सेवानिवृत्ति के बाद पेंशन खाता Napier Town में अपडेट नहीं हुआ, 2 hafte से चक्कर काट रहे हैं। Otherwise we will protest.",Pension & Provident Fund
GRV100728,"कचरा गाड़ी Indore में नहीं आती है 3 days से, गली में गंदगी फैली है। Sadar naman.",Sanitation & Garbage
GRV101505,पुलिस थाना Civil Lines में तैनात कर्मचारी रिश्वत मांग रहा है काम करने के लिए।,Police & Law and Order
GRV101148,"भू-अभिलेख में गलती है, कृपया तहसीलदार Nagpur को निर्देश दें ठीक करने का। Otherwise we will protest.",Land Records & Revenue
GRV102390,"ATM Model Town mein 2 hafte se kharab hai, paise nahi nikal pa raha koi. Otherwise we will protest.",Banking & Financial Services
GRV102440,"Sir/Madam, रिश्वत की मांग Ward 12 कार्यालय में हर छोटे काम के लिए की जाती है, यह भ्रष्टाचार बंद होना चाहिए। Kripya jald samadhan karein.",Corruption & Bribery
GRV101420,"Eve teasing Shastri Colony area mein badh gayi hai, mahilaye ghar se nikalne mein dari rehti hain. Otherwise we will protest.",Police & Law and Order
GRV103100,"Income certificate online apply Madan Mahal portal par kiya tha, 3 days se status pending dikha raha h. Kripya jald samadhan karein.",Municipal Certificates
GRV102640,"Dear officer, सरकारी दफ्तर Lucknow में बिना रिश्वत दिए कोई फाइल आगे नहीं बढ़ती। Please take urgent action.",Corruption & Bribery
GRV101916,"छात्र का प्रमाण पत्र Lucknow स्कूल से 2 hafte से नहीं मिल रहा, दाखिले में दिक्कत हो रही है। Kripya jald samadhan karein.",Education & Schools
GRV100552,"Lucknow ki sadak par bada gaddha ho gaya hai, 1 hafta pehle accident bhi hua tha. Bahut pareshaan hain hum log.",Roads & Infrastructure
GRV100207,"महोदय, Borewell Jaipur me kharab pada h two weeks se, paani ki bahut dikkat ho rahi hai, koi repair nhi kar raha. Otherwise we will protest.",Water Supply
GRV102256,बैंक Napier Town में सरकारी योजना का पैसा 2000 रुपए अभी तक जमा नहीं हुआ।,Banking & Financial Services
GRV102328,"Dear officer, ATM Civil Lines mein two weeks se kharab hai, paise nahi nikal pa raha koi. Kripya jald samadhan karein.",Banking & Financial Services
GRV102882,"Overtime paisa 1500 rupaye Lucknow factory se 1 hafta se nahi mila, HR jawab nahi de raha.",Employment & Labour
GRV100453,"Footpath Gwalior mein encroachment ho gaya hai, pedestrians ko sadak par chalna padta hai. Thank you.",Roads & Infrastructure
GRV100974,"Dear officer, PF withdrawal request 2 hafte se pending hai, office se koi response nahi mil raha. कृपया जल्द कार्रवाई करें।",Pension & Provident Fund
GRV100967,"Widow pension application Madan Mahal office mein submit kiya tha, two weeks se koi update nahi.",Pension & Provident Fund
GRV102158,"Namaste sir, राशन कार्ड में परिवार के सदस्य का नाम जुड़वाना है, Ward 12 कार्यालय में आवेदन दिया one week पहले। Kripya jald samadhan karein.",Ration & Public Distribution System
GRV102369,"Respected Sir, Bank Jaipur branch mein loan application a month se pending hai, koi jawab nahi mil raha. Sadar naman.",Banking & Financial Services
GRV102993,"Caste certificate Kanpur tehsil office mein one week se pending hai, admission ki last date nikal rahi hai. Please take urgent action.",Municipal Certificates
GRV100150,"Hamare Model Town mohalle mein pichle 5 din se paani nahi aa raha hai, jaldi thik karwaye. कृपया जल्द कार्रवाई करें।",Water Supply
GRV100889,"मेरी पीएफ की राशि 2000 रुपए अभी तक ट्रांसफर नहीं हुई, one week हो गए आवेदन दिए।",Pension & Provident Fund
GRV101842,सरकारी स्कूल Kotwali area में छात्रवृत्ति 10000 रुपए अभी तक नहीं आई। कृपया जल्द कार्रवाई करें।,Education & Schools
GRV103019,"प्रमाण पत्र पर नाम की स्पेलिंग गलत छप गई Model Town नगर निगम से, correction ke liye baar baar chakkar. Bahut pareshaan hain hum log.",Municipal Certificates
GRV100557,"Namaste sir, सड़क Kanpur में बहुत खराब हालत में है, बारिश में कीचड़ हो जाता है, मरम्मत करवाएं। Sadar naman.",Roads & Infrastructure
GRV102661,"Namaste sir, Bina ghoos diye Indore sarkari office mein koi kaam nahi hota, staff khule aam paise maangta hai. Bahut pareshaan hain hum log.",Corruption & Bribery
GRV101703,"Respected Sir, Free treatment scheme card ban gaya lekin hospital Jabalpur mein accept nahi kar rahe. Thank you.",Healthcare & Hospitals
GRV102225,"महोदय, मेरे खाते से 1500 रुपए गलत तरीके से कट गए Napier Town शाखा से, वापस दिलवाएं। Please take urgent action.",Banking & Financial Services
GRV102119,"महोदय, गरीब परिवारों को Madan Mahal राशन दुकान से चीनी और तेल कई महीनों से नहीं मिल रहा। Please take urgent action.",Ration & Public Distribution System
GRV100574,"पुल Wright Town में टूटा हुआ है, बच्चे स्कूल जाने में डरते हैं, कृपया जल्दी बनवाएं।",Roads & Infrastructure
GRV101746,"Namaste sir, Sarkari school Varanasi mein 3 din se teacher nahi aa raha hai, padhai band hai.",Education & Schools
GRV101462,"मोहल्ले में Madan Mahal में असामाजिक तत्वों का आतंक है, रात को शराब पीकर हंगामा करते हैं। Please take urgent action.",Police & Law and Order
GRV101833,"Teacher transfer Kotwali area school se 15 din pehle hua tha, replacement abhi tak nahi mila, class khali padi hai. Sadar naman.",Education & Schools
GRV102036,"Ration card Napier Town dukan par is mahine anaj nahi mila, dealer mana kar raha hai.",Ration & Public Distribution System
GRV102270,"Namaste sir, बैंक Model Town में सरकारी योजना का पैसा 1000 रुपए अभी तक जमा नहीं हुआ। Bahut pareshaan hain hum log.",Banking & Financial Services
GRV101711,"Sir/Madam, जननी सुरक्षा योजना का पैसा Gandhi Nagar अस्पताल से 2 hafte में नहीं मिला डिलीवरी के बाद। Kripya jald samadhan karein.",Healthcare & Hospitals
GRV101695,"Respected Sir, Primary health center Shastri Colony mein staff hi nahi hai one week se, gaon walo ko door jana padta hai ilaj ke liye. Otherwise we will protest.",Healthcare & Hospitals
GRV101867,"स्कूल Ward 12 में शौचालय की स्थिति बहुत खराब है, बच्चियां स्कूल आने से कतरा रही हैं। Thank you.",Education & Schools
GRV100306,"Respected Sir, Transformer blast ho gaya Raipur mein, area mein bijli nahi hai 3 days se, jaldi replace karwaye. Please take urgent action.",Electricity
GRV102536,"भ्रष्ट अधिकारी Indore में बिना घूस लिए फाइल आगे नहीं बढ़ाता, कई बार शिकायत कर चुके हैं। Please take urgent action.",Corruption & Bribery
GRV102111,"राशन कार्ड में परिवार के सदस्य का नाम जुड़वाना है, Varanasi कार्यालय में आवेदन दिया 10 din पहले। Bahut pareshaan hain hum log.",Ration & Public Distribution System
GRV100253,"Power cut every day in Bhopal for hours, complaint filed 10 din ago no action. कृपया जल्द कार्रवाई करें।",Electricity
GRV100197,"Sir/Madam, There has been no water supply in Wright Town for the last 20 din. Please resolve urgently. Sadar naman.",Water Supply
GRV102497,"रिश्वत की मांग Gandhi Nagar कार्यालय में हर छोटे काम के लिए की जाती है, यह भ्रष्टाचार बंद होना चाहिए। Sadar naman.",Corruption & Bribery
GRV102409,"Sir/Madam, ATM Gwalior mein one week se kharab hai, paise nahi nikal pa raha koi. Please take urgent action.",Banking & Financial Services
GRV100828,"पेंशन फॉर्म में गलत बैंक खाता नंबर दर्ज हो गया है, कृपया सुधार करें। Otherwise we will protest.",Pension & Provident Fund
GRV101380,"Respected Sir, Chain snatching hui thi Ranchi mein, police ne case follow up nahi kiya. Sadar naman.",Police & Law and Order
GRV101744,"Namaste sir, Sarkari school Model Town mein 3 days se teacher nahi aa raha hai, padhai band hai.",Education & Schools
GRV102730,"Namaste sir, Construction site Napier Town par bina helmet aur safety belt ke kaam karwaya ja raha hai mazdooro se. Otherwise we will protest.",Employment & Labour
GRV102329,"महोदय, ATM Ranchi mein 3 din se kharab hai, paise nahi nikal pa raha koi. Sadar naman.",Banking & Financial Services
GRV102331,"महोदय, ATM Shastri Colony mein a month se kharab hai, paise nahi nikal pa raha koi.",Banking & Financial Services
GRV100763,"Dear officer, Kachra Gwalior colony ke khali plot mein daala ja raha hai, badbu aur bimari ka khatra hai.",Sanitation & Garbage
GRV102214,बैंक Shastri Colony में सरकारी योजना का पैसा 3000 रुपए अभी तक जमा नहीं हुआ।,Banking & Financial Services
GRV103058,"प्रमाण पत्र पर नाम की स्पेलिंग गलत छप गई Civil Lines नगर निगम से, correction ke liye baar baar chakkar.",Municipal Certificates
GRV102357,"Sir/Madam, Fraud transaction 1500 rupaye ka Ranchi branch account se hua hai, turant jaanch karwaye. Sadar naman.",Banking & Financial Services
GRV101543,"सरकारी अस्पताल Kotwali area में दवाइयां उपलब्ध नहीं हैं, बाहर से खरीदनी पड़ रही है। Bahut pareshaan hn hum log.",Healthcare & Hospitals
GRV101958,"Sir/Madam, Teacher transfer Raipur school se 20 din pehle hua tha, replacement abhi tak nahi mila, class khali padi hai. Sadar naman.",Education & Schools
GRV101686,"Sir/Madam, Primary health center Jaipur mein staff hi nahi hai 10 din se, gaon walo ko door jana padta hai ilaj ke liye. Bahut pareshaan hain hum log.",Healthcare & Hospitals
GRV100679,"महोदय, नाली Varanasi में जाम पड़ी है 3 days से, सफाई विभाग को कई बार बताया लेकिन कोई कार्रवाई नहीं हुई। Bahut pareshaan hain hum log.",Sanitation & Garbage
GRV101410,"Illegal encroachment aur jua Ward 12 mohalle mein khule aam chal raha h, police mook drashak bani hai.",Police & Law and Order
GRV102828,"Overtime paisa 5000 rupaye Model Town factory se two weeks se nahi mila, HR jawab nahi de raha. Otherwise we will protest.",Employment & Labour
GRV101552,"महोदय, अस्पताल Napier Town में सफाई की बहुत खराब स्थिति है, संक्रमण फैलने का डर है। Otherwise we will protest.",Healthcare & Hospitals
GRV102848,"Dear officer, Labour ka wages employer ne 10000 rupaye kam diya Nagpur site par, PF bhi nhi kata. Sadar naman.",Employment & Labour
GRV100142,"जल संकट Bhopal क्षेत्र में one week से गंभीर बना हुआ है, पानी के लिए दूर तक जाना पड़ रहा है। कृपया जल्द कार्रवाई करें।",Water Supply
GRV101907,"स्कूल Bhopal में शौचालय की स्थिति बहुत खराब है, बच्चियां स्कूल आने से कतरा रही हैं।",Education & Schools
GRV102384,"Bank Gwalior branch mein loan application 15 din se pending hai, koi jawab nahi mil raha. Kripya jald samadhan karein.",Banking & Financial Services
GRV102366,"महोदय, Fraud transaction 2000 rupaye ka Gandhi Nagar branch account se hua hai, turant jaanch karwaye. Kripya jald samadhan karein.",Banking & Financial Services
GRV102099,"महोदय, Ration card Kanpur mein digitally seeded nahi hai, isliye anaj milna band ho gaya hai. Kripya jald samadhan karein.",Ration & Public Distribution System
GRV101121,"Namaste sir, अतिक्रमण Ranchi में मेरी जमीन पर हुआ है, पटवारी और तहसीलदार को 10 din पहले शिकायत दी थी। Please take urgent action.",Land Records & Revenue
GRV102456,"Dear officer, Officer Ward 12 mein bina paise liye certificate nahi de raha, complaint chahiye. Kripya jald samadhan karein.",Corruption & Bribery
GRV101997,"Dear officer, गरीब परिवारों को Civil Lines राशन दुकान से चीनी और तेल कई महीनों से नहीं मिल रहा। Otherwise we will protest.",Ration & Public Distribution System
GRV100423,"पुलिया Kotwali area में बारिश में डूब जाती है हर साल, स्थायी समाधान चाहिए। Please take urgent action.",Roads & Infrastructure
GRV100156,"Namaste sir, Sir humara water tanker Jabalpur area mein nhi aata, complaint diye 15 din ho gaye. कृपया जल्द कार्रवाई करें।",Water Supply
GRV102947,"Namaste sir, प्रमाण पत्र पर नाम की स्पेलिंग गलत छप गई Wright Town नगर निगम से, correction ke liye baar baar chakkar. Please take urgent action.",Municipal Certificates
GRV100322,"Namaste sir, बिजली का खंभा टूट कर सड़क पर गिरा है Kotwali area में, दुर्घटना हो सकती है, कृपया जल्दी हटवाएं। Thank you.",Electricity
GRV103029,"Dear officer, Domicile certificate Sector 7 mein 20 din se atka hua hai, job application ki deadline nikal rahi hai. Kripya jald samadhan karein.",Municipal Certificates
GRV102009,"Dear officer, राशन कार्ड धारकों को Ward 12 में तय मात्रा से कम अनाज दिया जा रहा है हर महीने। Thank you.",Ration & Public Distribution System
GRV100196,"Dear officer, Illegal water connection Ward 12 mein hone se hamari colony mein paani ka pressure kam ho gaya h. Sadar naman.",Water Supply
GRV101158,"महोदय, Zameen ka daakhil kharij Jabalpur tehsil mein 1 hafta se atka hua hai, koi karyawahi nahi ho rahi. Bahut pareshaan hain hum log.",Land Records & Revenue
GRV101710,"Namaste sir, जननी सुरक्षा योजना का पैसा Ward 12 अस्पताल से 20 din में नहीं मिला डिलीवरी के बाद।",Healthcare & Hospitals
GRV103088,"Respected Sir, Caste certificate Indore tehsil office mein 3 days se pending h, admission ki last date nikal rahi hai. Please take urgent action.",Municipal Certificates
GRV102898,"Respected Sir, EPFO complaint diya tha a month pehle, response nahi aaya Kotwali area regional office se. Sadar naman.",Employment & Labour
GRV102263,"Respected Sir, ATM Madan Mahal mein 3 days se kharab hai, paise nahi nikal pa raha koi. Thank you.",Banking & Financial Services
GRV100698,"Dear officer, Street sweeping Model Town area mein band ho gayi hai 20 din se, dust aur kachra jama ho gaya hai.",Sanitation & Garbage
GRV101049,"Respected Sir, Zameen ka naamantaran Wright Town tehsil mein 2 hafte se pending hai. Please take urgent action.",Land Records & Revenue
GRV102505,"Clerk ne 10000 rupaye maange Raipur office mein pension file aage badhane ke liye, ghoos lena band karwaye. Bahut pareshaan hain hum log.",Corruption & Bribery
GRV103005,"Respected Sir, Caste certificate Sector 7 tehsil office mein 15 din se pending hai, admission ki last date nikal rahi hai. Bahut pareshaan hain hum log.",Municipal Certificates
GRV101429,पुलिस थाना Civil Lines में तैनात कर्मचारी रिश्वत मांग रहा है काम करने के लिए। Please take urgent action.,Police & Law and Order
GRV101058,"अतिक्रमण Lucknow में मेरी जमीन पर हुआ है, पटवारी और तहसीलदार को 3 din पहले शिकायत दी थी। Otherwise we will protest.",Land Records & Revenue
GRV102164,"Sir/Madam, राशन कार्ड में परिवार के सदस्य का नाम जुड़वाना है, Ranchi कार्यालय में आवेदन दिया 1 hafta पहले। Please take urgent action.",Ration & Public Distribution System
GRV102768,"Dear officer, श्रमिक कार्ड Wright Town में 2 hafte से renewal ke liye pending hai, yojnaon ka labh nahi mil raha. कृपया जल्द कार्रवाई करें।",Employment & Labour
GRV101645,"Ambulance Kanpur bulane par a month ghante late aayi, emergency case tha. Otherwise we will protest.",Healthcare & Hospitals
GRV101126,"अतिक्रमण Jabalpur में मेरी जमीन पर हुआ है, पटवारी और तहसीलदार को 10 din पहले शिकायत दी थी। Sadar naman.",Land Records & Revenue
GRV101448,"Theft complaint diye 2 hafte ho gaye Jabalpur mein, koi action nhi hua abhi tak.",Police & Law and Order
GRV101486,"Sir/Madam, Eve teasing Bhopal area mein badh gayi h, mahilaye ghar se nikalne mein dari rehti hain.",Police & Law and Order
GRV101476,"Namaste sir, Theft complain diye 15 din ho gaye Shastri Colony mein, koi action nahi hua abhi tak. कृपया जल्द कार्रवाई करें।",Police & Law and Order
GRV101749,"School building Ward 12 mein chhat tapakti hai barish mein, khatarnak sthiti hai.",Education & Schools
GRV100931,"Dear officer, PF withdrawal request 1 mahine se pending hai, office se koi response nahi mil raha.",Pension & Provident Fund
GRV101819,"Namaste sir, School building Kotwali area mein chhat tapakti hai barish mein, khatarnak sthiti hai. Sadar naman.",Education & Schools
GRV102308,"Namaste sir, KYC update na hone ki wajah se account block ho gaya Model Town branch mein. Kripya jald samadhan karein.",Banking & Financial Services
GRV100028,"Dear officer, Municipal water connection Gandhi Nagar mein kaat diya gaya bina notice diye, paani ke bina pareshani ho rahi hai.",Water Supply
GRV102779,Construction site Wright Town par bina helmet aur safety belt ke kaam karwaya ja raha hai mazdooro se. कृपया जल्द कार्रवाई करें।,Employment & Labour
GRV100705,"Respected Sir, सफाई कर्मचारी Ranchi मोहल्ले में 20 din से नहीं आया, शिकायत करने पर भी सुनवाई नहीं। कृपया जल्द कार्रवाई करें।",Sanitation & Garbage
GRV102242,"Namaste sir, Bank Ranchi branch mein loan application 20 din se pending hai, koi jawab nahi mil raha. Thank you.",Banking & Financial Services
GRV100853,"महोदय, पेंशनर सत्यापन Jabalpur में हर साल परेशानी देता है, इस बार 2 hafte से पेंशन रुकी हुई है। Kripya jald samadhan karein.",Pension & Provident Fund
GRV101014,"Sir/Madam, Old age pension band ho gayi hai bina bataye, Kavita Singh ko problem ho rahi hai. Sadar naman.",Pension & Provident Fund
GRV101048,"अतिक्रमण Lucknow में मेरी जमीन पर हुआ है, पटवारी और तहसीलदार को one week पहले शिकायत दी थी।",Land Records & Revenue
GRV101747,"Dear officer, छात्र का प्रमाण पत्र Ward 12 स्कूल से 15 din से नहीं मिल रहा, दाखिले में दिक्कत हो रही है। Kripya jald samadhan karein.",Education & Schools
GRV102513,"Namaste sir, Bina ghoos diye Madan Mahal sarkari office mein koi kaam nahi hota, staff khule aam paise maangta hai. कृपया जल्द कार्रवाई करें।",Corruption & Bribery
GRV101291,"महोदय, गुमशुदगी की रिपोर्ट Shastri Colony थाने में 15 din पहले दी थी, अभी तक कोई तलाश शुरू नहीं हुई।",Police & Law and Order
GRV100378,"Transformer blast ho gaya Kanpur mein, area mein bijli nahi hai a month se, jaldi replace karwaye. Kripya jald samadhan karein.",Electricity
GRV100018,"Respected Sir, जल आपूर्ति विभाग Model Town में शिकायत के बाद भी पानी की लाइन ठीक नहीं कर रहा।",Water Supply
GRV101208,"अतिक्रमण Napier Town में मेरी जमीन पर हुआ है, पटवारी और तहसीलदार को a month पहले शिकायत दी थी। Sadar naman.",Land Records & Revenue
GRV102574,"Officer Sector 7 mein bina paise liye certificate nahi de raha, complain chahiye. Bahut pareshaan hn hum log.",Corruption & Bribery
GRV100577,"Dear officer, Jabalpur ki sadak par bada gaddha ho gaya hai, 2 hafte pehle accident bhi hua tha.",Roads & Infrastructure
GRV102596,"महोदय, Panchayat Ward 12 mein yojna ka paisa bina commission diye release nahi hota, sarpanch ghoos maangta hai. Kripya jald samadhan karein.",Corruption & Bribery
GRV100502,"सड़क Gwalior में बहुत खराब हालत में है, बारिश में कीचड़ हो जाता है, मरम्मत करवाएं।",Roads & Infrastructure
GRV100546,"Respected Sir, Road divider Jaipur mein toota pada hai two weeks se, gaadiyan galat side se overtake kar rahi hain. Kripya jald samadhan karein.",Roads & Infrastructure
GRV102852,"महोदय, Construction site Adhartal par bina helmet aur safety belt ke kaam karwaya ja raha hai mazdooro se. Thank you.",Employment & Labour
GRV101425,"Illegal encroachment aur jua Jabalpur mohalle mein khule aam chal raha hai, police mook drashak bani hai. Bahut pareshaan hain hum log.",Police & Law and Order
GRV102846,बेरोजगारी भत्ता Napier Town employment office se 5 din से नहीं मिला आवेदन के बावजूद।,Employment & Labour
GRV100608,"Dear officer, सफाई कर्मचारी Patna मोहल्ले में 5 din से नहीं आया, शिकायत करने पर भी सुनवाई नहीं। कृपया जल्द कार्रवाई करें।",Sanitation & Garbage
GRV102287,KYC update na hone ki wajah se account block ho gaya Jabalpur branch mein. Thank you.,Banking & Financial Services
GRV101556,"Sir/Madam, आयुष्मान कार्ड Gandhi Nagar अस्पताल में मान्य नहीं किया जा रहा, मरीज को इलाज से मना कर दिया।",Healthcare & Hospitals
GRV101519,"सरकारी अस्पताल Madan Mahal में दवाइयां उपलब्ध नहीं हैं, बाहर से खरीदनी पड़ रही है। Otherwise we will protest.",Healthcare & Hospitals
GRV102118,"Namaste sir, राशन कार्ड धारकों को Patna में तय मात्रा से कम अनाज दिया जा रहा है हर महीने। Otherwise we will protest.",Ration & Public Distribution System
GRV101338,"Respected Sir, Eve teasing Wright Town area mein badh gayi hai, mahilaye ghar se nikalne mein dari rehti hain. Otherwise we will protest.",Police & Law and Order
GRV101725,"Namaste sir, Free treatment scheme card ban gaya lekin hospital Jabalpur mein accept nahi kar rahe. Sadar naman.",Healthcare & Hospitals
GRV101910,"Namaste sir, स्कूल Varanasi में शौचालय की स्थिति बहुत खराब है, बच्चियां स्कूल आने से कतरा रही हैं। कृपया जल्द कार्रवाई करें।",Education & Schools
GRV100864,"Respected Sir, PF withdrawal request a month se pending hai, office se koi response nahi mil raha. Kripya jald samadhan karein.",Pension & Provident Fund
GRV100144,"पिछले 10 din से हमारे इलाके Civil Lines में पानी की सप्लाई बंद है, कृपया जल्दी ठीक करवाएं। Thank you.",Water Supply
GRV101875,"छात्र का प्रमाण पत्र Lucknow स्कूल से 1 hafta से नहीं मिल रहा, दाखिले में दिक्कत हो रही है। Thank you.",Education & Schools
GRV102404,"Sir/Madam, बैंक Napier Town में सरकारी योजना का पैसा 3000 रुपए अभी तक जमा नहीं हुआ। Sadar naman.",Banking & Financial Services
GRV100153,"Namaste sir, Water supply valve Ward 12 colony mein kharab hai, sirf ek ghanta paani aata hai roz. कृपया जल्द कार्रवाई करें।",Water Supply
GRV101660,"Primary health center Raipur mein staff hi nahi h a month se, gaon walo ko door jana padta hai ilaj ke liye. Thank you.",Healthcare & Hospitals
GRV100973,"Namaste sir, PF withdrawal request 15 din se pending hai, office se koi response nahi mil raha. Kripya jald samadhan karein.",Pension & Provident Fund
GRV102360,"ATM Civil Lines mein 20 din se kharab hai, paise nahi nikal pa raha koi.",Banking & Financial Services
GRV101102,"Dear officer, Land record mein Geeta Bai ka naam galat likha hai, correction chahiye two weeks se request kar raha hoon.",Land Records & Revenue
GRV100731,"गली में कचरा जलाया जा रहा है Model Town में, dhuye se saans lene mein takleef ho rahi hai.",Sanitation & Garbage
GRV102595,"सरकारी टेंडर Model Town में बिना कमीशन दिए पास नहीं होता, यह भ्रष्टाचार जांच योग्य है। Otherwise we will protest.",Corruption & Bribery
GRV102681,"Labour ka wages employer ne 1000 rupaye kam diya Bhopal site par, PF bhi nahi kata. Sadar naman.",Employment & Labour
GRV100822,"सेवानिवृत्ति के बाद पेंशन खाता Madan Mahal में अपडेट नहीं हुआ, 1 hafta से चक्कर काट रहे हैं।",Pension & Provident Fund
GRV101481,"महोदय, गुमशुदगी की रिपोर्ट Indore थाने में 15 din पहले दी थी, अभी तक कोई तलाश शुरू नहीं हुई। Please take urgent action.",Police & Law and Order
GRV101262,Zameen ka naamantaran Wright Town tehsil mein two weeks se pending h. Bahut pareshaan hain hum log.,Land Records & Revenue
GRV101370,"गुमशुदगी की रिपोर्ट Sector 7 थाने में one week पहले दी थी, अभी तक कोई तलाश शुरू नहीं हुई। Please take urgent action.",Police & Law and Order
GRV102581,"रिश्वत की मांग Wright Town कार्यालय में हर छोटे काम के लिए की जाती है, यह भ्रष्टाचार बंद होना चाहिए। Sadar naman.",Corruption & Bribery
GRV101461,"Dear officer, मोहल्ले में Nagpur में असामाजिक तत्वों का आतंक है, रात को शराब पीकर हंगामा करते हैं। Kripya jald samadhan karein.",Police & Law and Order
GRV102132,"Respected Sir, गरीबी रेखा राशन कार्ड Patna में गलत तरीके से रद्द कर दिया गया, फिर से चालू करवाएं। कृपया जल्द कार्रवाई करें।",Ration & Public Distribution System
GRV101247,"Namaste sir, Zameen ka daakhil kharij Jaipur tehsil mein 10 din se atka hua hai, koi karyawahi nahi ho rahi. Sadar naman.",Land Records & Revenue
GRV100774,"महोदय, नाली Gwalior में जाम पड़ी है 5 din से, सफाई विभाग को कई बार बताया लेकिन कोई कार्रवाई नहीं हुई। Otherwise we will protest.",Sanitation & Garbage
GRV102524,"Clerk ne 10000 rupaye maange Indore office mein pension file aage badhane ke liye, ghoos lena band karwaye. कृपया जल्द कार्रवाई करें।",Corruption & Bribery
GRV102985,"महोदय, प्रमाण पत्र पर नाम की स्पेलिंग गलत छप गई Bhopal नगर निगम से, correction ke liye baar baar chakkar. Sadar naman.",Municipal Certificates
GRV102556,Adhartal office mein kaam karwane ke liye clerk 5000 rupaye ghoos maang raha hai.,Corruption & Bribery
GRV101122,"Namaste sir, Zameen ka daakhil kharij Gwalior tehsil mein 2 hafte se atka hua hai, koi karyawahi nahi ho rahi. Otherwise we will protest.",Land Records & Revenue
GRV102052,"Dear officer, PDS shop Raipur mein gehu aur chawal is mahine bilkul nhi mila, dealer bahana bana raha h. Sadar naman.",Ration & Public Distribution System
GRV101103,"Sir/Madam, Land record mein Suman Devi ka naam galat likha hai, correction chahiye 1 mahine se request kar raha hoon. Please take urgent action.",Land Records & Revenue
GRV102728,"Namaste sir, बेरोजगारी भत्ता Patna employment office se 3 days से नहीं मिला आवेदन के बावजूद। Thank you.",Employment & Labour
GRV100122,"महोदय, पीने के पानी की सप्लाई Model Town में हफ्ते में सिर्फ एक बार आती है, बहुत परेशानी है। Kripya jald samadhan karein.",Water Supply
GRV102483,"Respected Sir, सरकारी टेंडर Napier Town में बिना कमीशन दिए पास नहीं होता, यह भ्रष्टाचार जांच योग्य है। Thank you.",Corruption & Bribery
GRV103105,"Dear officer, OBC certificate Kanpur tehsil se renew karwana tha, 3 din se application stuck hai portal par. Sadar naman.",Municipal Certificates
GRV103012,"निवास प्रमाण पत्र Adhartal कार्यालय से बनवाने में 2 hafte लग गए, अभी तक हाथ में नहीं मिला। Thank you.",Municipal Certificates
GRV101837,"Sir/Madam, सरकारी स्कूल Gwalior में छात्रवृत्ति 2000 रुपए अभी तक नहीं आई। कृपया जल्द कार्रवाई करें।",Education & Schools
GRV102719,"Overtime paisa 10000 rupaye Model Town factory se 20 din se nahi mila, HR jawab nahi de raha.",Employment & Labour
GRV100913,"Namaste sir, सेवानिवृत्ति के बाद पेंशन खाता Kanpur में अपडेट नहीं हुआ, 3 days से चक्कर काट रहे हैं।",Pension & Provident Fund
GRV100462,"Sir/Madam, सड़क Bhopal में बहुत खराब हालत में है, बारिश में कीचड़ हो जाता है, मरम्मत करवाएं। Thank you.",Roads & Infrastructure
GRV102181,"PDS shop Kotwali area mein gehu aur chawal is mahine bilkul nahi mila, dealer bahana bana raha hai. कृपया जल्द कार्रवाई करें।",Ration & Public Distribution System
GRV100396,"Sir/Madam, Power cut every day in Jaipur for hours, complaint filed 2 hafte ago no action. Kripya jald samadhan karein.",Electricity
GRV101007,"महोदय, पेंशन फॉर्म में गलत बैंक खाता नंबर दर्ज हो गया है, कृपया सुधार करें। Otherwise we will protest.",Pension & Provident Fund
GRV100296,"नया बिजली कनेक्शन Ranchi में 1 hafta से पेंडिंग है, आवेदन के बावजूद बिजली विभाग जवाब नहीं दे रहा। Sadar naman.",Electricity
GRV102487,"Namaste sir, सरकारी दफ्तर Ranchi में बिना रिश्वत दिए कोई फाइल आगे नहीं बढ़ती। कृपया जल्द कार्रवाई करें।",Corruption & Bribery
GRV101760,"Dear officer, Teacher transfer Kanpur school se 3 din pehle hua tha, replacement abhi tak nahi mila, class khali padi hai.",Education & Schools
GRV101831,"महोदय, Sarkari school Nagpur mein a month se teacher nahi aa raha hai, padhai band hai.",Education & Schools
GRV101488,"Chain snatching hui thi Sector 7 mein, police ne case follow up nahi kiya. Otherwise we will protest.",Police & Law and Order
GRV101254,"Land record mein Kavita Singh ka naam galat likha hai, correction chahiye 5 din se request kar raha hoon. Sadar naman.",Land Records & Revenue
GRV102310,"Fraud transaction 500 rupaye ka Adhartal branch account se hua h, turant jaanch karwaye. Bahut pareshaan hain hum log.",Banking & Financial Services
GRV100411,"Namaste sir, Road construction work Adhartal mein adhura pada hai 1 mahine se, traffic jam ho raha hai. Kripya jald samadhan karein.",Roads & Infrastructure
GRV100935,"EPF transfer Model Town regional office se a month se atka hai, naya employer wait kar raha hai. Please take urgent action.",Pension & Provident Fund
GRV100826,"Old age pension band ho gayi hai bina bataye, Deepak Chouhan ko problem ho rahi hai.",Pension & Provident Fund
GRV101147,"मेरी जमीन का सीमांकन Patna में गलत हो गया है, पड़ोसी ने कब्जा कर लिया है। Kripya jald samadhan karein.",Land Records & Revenue
GRV102624,"सरकारी टेंडर Shastri Colony में बिना कमीशन दिए पास नहीं होता, यह भ्रष्टाचार जांच योग्य है। Please take urgent action.",Corruption & Bribery
GRV102189,"Respected Sir, KYC update na hone ki wajah se account block ho gaya Nagpur branch mein. Otherwise we will protest.",Banking & Financial Services
GRV101498,"Namaste sir, Illegal encroachment aur jua Patna mohalle mein khule aam chal raha hai, police mook drashak bani hai.",Police & Law and Order
GRV101912,"Sir/Madam, छात्र का प्रमाण पत्र Shastri Colony स्कूल से 10 din से नहीं मिल रहा, दाखिले में दिक्कत हो रही है। कृपया जल्द कार्रवाई करें।",Education & Schools
GRV101083,"मेरी जमीन का सीमांकन Model Town में गलत हो गया है, पड़ोसी ने कब्जा कर लिया है।",Land Records & Revenue
GRV101523,जननी सुरक्षा योजना का पैसा Varanasi अस्पताल से 3 days में नहीं मिला डिलीवरी के बाद। कृपया जल्द कार्रवाई करें।,Healthcare & Hospitals
GRV102614,"Inspector Madan Mahal area mein business license ke liye bribe maang raha hai, video proof available hai.",Corruption & Bribery
GRV102803,"Respected Sir, Construction site Kotwali area par bina helmet aur safety belt ke kaam karwaya ja raha hai mazdooro se. Thank you.",Employment & Labour
GRV100550,"Footpath Madan Mahal mein encroachment ho gaya hai, pedestrians ko sadak par chalna padta hai.",Roads & Infrastructure
GRV101447,"Namaste sir, Chain snatching hui thi Madan Mahal mein, police ne case follow up nahi kiya.",Police & Law and Order
GRV102127,"Namaste sir, Fair price shop Raipur mein weighing machine kharab hai, kam tola jata hai anaj. Otherwise we will protest.",Ration & Public Distribution System
GRV100689,"कचरा गाड़ी Gwalior में नहीं आती है 10 din से, गली में गंदगी फैली है। कृपया जल्द कार्रवाई करें।",Sanitation & Garbage
GRV101917,"छात्र का प्रमाण पत्र Jabalpur स्कूल से 3 din से नहीं मिल रहा, दाखिले में दिक्कत हो रही है। Kripya jald samadhan karein.",Education & Schools
GRV102254,"महोदय, Bank Kotwali area branch mein loan application two weeks se pending hai, koi jawab nahi mil raha. Otherwise we will protest.",Banking & Financial Services
GRV100507,"Respected Sir, Indore ki sadak par bada gaddha ho gaya hai, 1 hafta pehle accident bhi hua tha. Kripya jald samadhan karein.",Roads & Infrastructure
GRV101888,"Namaste sir, Sarkari school Varanasi mein 1 mahine se teacher nahi aa raha hai, padhai band hai. Bahut pareshaan hain hum log.",Education & Schools
GRV100872,"Old age pension band ho gayi hai bina bataye, Sunita Patel ko problem ho rahi hai.",Pension & Provident Fund
GRV100050,"Namaste sir, Paani ki tanker mangwane ke liye Lucknow nagar nigam ko 10 din pehle likha tha, koi tanker nahi bheja gaya. Please take urgent action.",Water Supply
GRV100362,"Sir/Madam, बिजली का खंभा टूट कर सड़क पर गिरा है Kotwali area में, दुर्घटना हो सकती है, कृपया जल्दी हटवाएं।",Electricity
GRV100598,"Dear officer, Kachra collection van Varanasi area mein bilkul nahi aati, ghar ghar se kachra sadak par phenkna padta hai. Thank you.",Sanitation & Garbage
GRV100221,"Respected Sir, Electricity wire loose latak rahi h Kanpur mein, accident ka khatra hai, turant thik karwaye.",Electricity
GRV102240,"Bank Sector 7 branch mein loan application 3 din se pending hai, koi jawab nahi mil raha. कृपया जल्द कार्रवाई करें।",Banking & Financial Services
GRV102405,"ATM Gwalior mein 15 din se kharab hai, paise nahi nikal pa raha koi. Otherwise we will protest.",Banking & Financial Services
GRV102107,"Namaste sir, New ration card ke liye 2 hafte se apply kiya hai Gwalior office mein, abhi tak nahi bana.",Ration & Public Distribution System
GRV100403,"Streetlights Kanpur mein 1 hafta se band hai, raat ko andhera rehta hai bijli na hone se. Sadar naman.",Electricity
GRV102323,"मेरे खाते से 1500 रुपए गलत तरीके से कट गए Madan Mahal शाखा से, वापस दिलवाएं। Kripya jald samadhan karein.",Banking & Financial Services
GRV100024,"Sir humara water tanker Lucknow area mein nahi aata, complaint diye 5 din ho gaye. Sadar naman.",Water Supply
GRV101076,"महोदय, अतिक्रमण Ranchi में मेरी जमीन पर हुआ है, पटवारी और तहसीलदार को 15 din पहले शिकायत दी थी। Otherwise we will protest.",Land Records & Revenue
GRV101295,पुलिस थाना Sector 7 में तैनात कर्मचारी रिश्वत मांग रहा है काम करने के लिए। कृपया जल्द कार्रवाई करें।,Police & Law and Order
GRV100857,"Dear officer, Widow pension application Gandhi Nagar office mein submit kiya tha, 2 hafte se koi update nahi. Otherwise we will protest.",Pension & Provident Fund
GRV101856,"स्कूल Kanpur में शौचालय की स्थिति बहुत खराब है, बच्चियां स्कूल आने से कतरा रही हैं। Please take urgent action.",Education & Schools
GRV100884,"पेंशनर सत्यापन Ward 12 में हर साल परेशानी देता है, इस बार one week से पेंशन रुकी हुई है। Otherwise we will protest.",Pension & Provident Fund
GRV102590,"Respected Sir, Clerk ne 5000 rupaye maange Ward 12 office mein pension file aage badhane ke liye, ghoos lena band karwaye. Bahut pareshaan hain hum log.",Corruption & Bribery
GRV100866,"Respected Sir, मेरी पीएफ की राशि 10000 रुपए अभी तक ट्रांसफर नहीं हुई, 10 din हो गए आवेदन दिए। Bahut pareshaan hain hum log.",Pension & Provident Fund
GRV101980,"Namaste sir, स्कूल Nagpur में शौचालय की स्थिति बहुत खराब है, बच्चियां स्कूल आने से कतरा रही हैं। Sadar naman.",Education & Schools
GRV101653,"Sir/Madam, Free treatment scheme card ban gaya lekin hospital Gandhi Nagar mein accept nhi kar rahe.",Healthcare & Hospitals
GRV103106,"निवास प्रमाण पत्र Ward 12 कार्यालय से बनवाने में 1 mahine लग गए, अभी तक हाथ में नहीं मिला। Sadar naman.",Municipal Certificates
GRV101182,"Sir/Madam, मेरी जमीन का सीमांकन Napier Town में गलत हो गया है, पड़ोसी ने कब्जा कर लिया है। Sadar naman.",Land Records & Revenue
GRV100592,"Garbage dump Patna mohalle ke beech mein bana diya gaya hai, badbu aur bimari phail rahi hai. Otherwise we will protest.",Sanitation & Garbage
GRV102422,"Panchayat Nagpur mein yojna ka paisa bina commission diye release nahi hota, sarpanch ghoos maangta hai. Bahut pareshaan hain hum log.",Corruption & Bribery
GRV102144,"Dear officer, Fair price shop Sector 7 mein weighing machine kharab hai, kam tola jata hai anaj. Otherwise we will protest.",Ration & Public Distribution System
GRV101108,"Namaste sir, अतिक्रमण Sector 7 में मेरी जमीन पर हुआ है, पटवारी और तहसीलदार को 15 din पहले शिकायत दी थी। Otherwise we will protest.",Land Records & Revenue
GRV101129,"अतिक्रमण Kanpur में मेरी जमीन पर हुआ है, पटवारी और तहसीलदार को 1 mahine पहले शिकायत दी थी। Thank you.",Land Records & Revenue
GRV102170,"Respected Sir, गरीबी रेखा राशन कार्ड Indore में गलत तरीके से रद्द कर दिया गया, फिर से चालू करवाएं। Bahut pareshaan hain hum log.",Ration & Public Distribution System
GRV102908,"महोदय, EPFO complaint diya tha 15 din pehle, response nahi aaya Gwalior regional office se.",Employment & Labour
GRV101311,"Dear officer, मोहल्ले में Varanasi में असामाजिक तत्वों का आतंक है, रात को शराब पीकर हंगामा करते हैं। Sadar naman.",Police & Law and Order
GRV102742,"Namaste sir, EPFO complaint diya tha one week pehle, response nahi aaya Gwalior regional office se. Thank you.",Employment & Labour
GRV101854,"Namaste sir, सरकारी स्कूल Raipur में छात्रवृत्ति 5000 रुपए अभी तक नहीं आई। Sadar naman.",Education & Schools
GRV100100,"Sir humara water tanker Gwalior area mein nahi aata, complaint diye a month ho gaye. Please take urgent action.",Water Supply
GRV100145,"Sir humara water tanker Wright Town area mein nahi aata, complaint diye 3 days ho gaye. Kripya jald samadhan karein.",Water Supply
GRV102019,"Fair price shop Madan Mahal mein weighing machine kharab hai, kam tola jata hai anaj.",Ration & Public Distribution System
GRV101053,"Respected Sir, भू-अभिलेख में गलती है, कृपया तहसीलदार Lucknow को निर्देश दें ठीक करने का।",Land Records & Revenue
GRV101161,"Respected Sir, Zameen ka naamantaran Nagpur tehsil mein 3 din se pending hai. Thank you.",Land Records & Revenue
GRV100126,"Dear officer, पानी की टंकी Bhopal में गंदा पानी आ रहा है, बीमारी फैलने का डर है। Bahut pareshaan hain hum log.",Water Supply
GRV101697,"महोदय, आयुष्मान कार्ड Sector 7 अस्पताल में मान्य नहीं किया जा रहा, मरीज को इलाज से मना कर दिया। Otherwise we will protest.",Healthcare & Hospitals
GRV100248,"Dear officer, बिजली विभाग Gwalior में 3 din से शिकायत के बावजूद फॉल्ट ठीक नहीं कर रहा, पूरा मोहल्ला अंधेरे में है। Otherwise we will protest.",Electricity
GRV102791,"Dear officer, EPFO complaint diya tha one week pehle, response nhi aaya Gwalior regional office se. Bahut pareshaan hain hum log.",Employment & Labour
GRV103087,"Respected Sir, प्रमाण पत्र पर नाम की स्पेलिंग गलत छप गई Patna नगर निगम से, correction ke liye baar baar chakkar. Sadar naman.",Municipal Certificates
GRV100576,"Road construction work Varanasi mein adhura pada hai 2 hafte se, traffic jam ho raha hai. Otherwise we will protest.",Roads & Infrastructure
GRV100528,"Namaste sir, सड़क पर बिना बैरिकेड के गड्ढा खोदा गया है Kotwali area में, raat mein accident ka khatra hai.",Roads & Infrastructure
GRV103065,"Namaste sir, OBC certificate Adhartal tehsil se renew karwana tha, 3 din se application stuck hai portal par.",Municipal Certificates
GRV101499,"महोदय, Chain snatching hui thi Civil Lines mein, police ne case follow up nahi kiya. Thank you.",Police & Law and Order
GRV102224,बैंक Napier Town में सरकारी योजना का पैसा 500 रुपए अभी तक जमा नहीं हुआ।,Banking & Financial Services
GRV102922,"Dear officer, मनरेगा जॉब कार्ड Nagpur में 3 days से नहीं बना, काम भी नहीं मिल रहा। Sadar naman.",Employment & Labour
GRV101047,"भू-अभिलेख में गलती है, कृपया तहसीलदार Gwalior को निर्देश दें ठीक करने का। Bahut pareshaan hain hum log.",Land Records & Revenue
GRV103099,"Respected Sir, Character certificate Civil Lines police station se 15 din se pending hai, job joining rukh gayi hai.",Municipal Certificates
GRV103110,"OBC certificate Ranchi tehsil se renew karwana tha, 1 hafta se application stuck hai portal par. Please take urgent action.",Municipal Certificates
GRV103107,"Namaste sir, Domicile certificate Raipur mein a month se atka hua hai, job application ki deadline nikal rahi hai.",Municipal Certificates
GRV101978,"Sir/Madam, स्कूल Jaipur में शौचालय की स्थिति बहुत खराब है, बच्चियां स्कूल आने से कतरा रही हैं। Bahut pareshaan hain hum log.",Education & Schools
GRV102038,"Namaste sir, Ration card Sector 7 dukan par is mahine anaj nahi mila, dealer mana kar raha hai. Kripya jald samadhan karein.",Ration & Public Distribution System
GRV100321,"High voltage ki wajah se Ward 12 mein kai gharo ke appliance jal gaye, compensation chahiye. Thank you.",Electricity
GRV101491,"महोदय, पुलिस थाना Kotwali area में तैनात कर्मचारी रिश्वत मांग रहा है काम करने के लिए। कृपया जल्द कार्रवाई करें।",Police & Law and Order
GRV102309,"मेरे खाते से 5000 रुपए गलत तरीके से कट गए Indore शाखा से, वापस दिलवाएं। Bahut pareshaan hain hum log.",Banking & Financial Services
GRV102113,"Dear officer, Fair price shop Indore mein weighing machine kharab hai, kam tola jata hai anaj. कृपया जल्द कार्रवाई करें।",Ration & Public Distribution System
GRV102697,"श्रमिक कार्ड Jabalpur में a month से renewal ke liye pending hai, yojnaon ka labh nhi mil raha. Bahut pareshaan hain hum log.",Employment & Labour
GRV102016,"PDS shop Jabalpur mein gehu aur chawal is mahine bilkul nahi mila, dealer bahana bana raha hai.",Ration & Public Distribution System
GRV102872,बेरोजगारी भत्ता Lucknow employment office se 1 hafta से नहीं मिला आवेदन के बावजूद। Thank you.,Employment & Labour
GRV100426,"Sir/Madam, पुल Kanpur में टूटा हुआ है, बच्चे स्कूल जाने में डरते हैं, कृपया जल्दी बनवाएं। Kripya jald samadhan karein.",Roads & Infrastructure
GRV100451,"Namaste sir, पुलिया Civil Lines में बारिश में डूब जाती है हर साल, स्थायी समाधान चाहिए। Kripya jald samadhan karein.",Roads & Infrastructure
GRV101114,"मेरी जमीन का सीमांकन Ranchi में गलत हो गया है, पड़ोसी ने कब्जा कर लिया है। Otherwise we will protest.",Land Records & Revenue
GRV100062,"Municipal water connection Bhopal mein kaat diya gaya bina notice diye, paani ke bina pareshani ho rahi hai. Otherwise we will protest.",Water Supply
GRV100706,"Dear officer, Street sweeping Madan Mahal area mein band ho gayi hai 1 mahine se, dust aur kachra jama ho gaya hai. Kripya jald samadhan karein.",Sanitation & Garbage
GRV101258,Zameen ka naamantaran Civil Lines tehsil mein 3 days se pending hai. Please take urgent action.,Land Records & Revenue
GRV102129,"Respected Sir, गरीबी रेखा राशन कार्ड Varanasi में गलत तरीके से रद्द कर दिया गया, फिर से चालू करवाएं। Sadar naman.",Ration & Public Distribution System
GRV100305,"Electricity wire loose latak rahi hai Ward 12 mein, accident ka khatra hai, turant thik karwaye. Thank you.",Electricity
GRV100416,"Respected Sir, सड़क पर बिना बैरिकेड के गड्ढा खोदा गया है Jaipur में, raat mein accident ka khatra hai.",Roads & Infrastructure
GRV100702,"Kachra Bhopal colony ke khali plot mein daala ja raha h, badbu aur bimari ka khatra hai. Please take urgent action.",Sanitation & Garbage
GRV100827,"Sir/Madam, पेंशन फॉर्म में गलत बैंक खाता नंबर दर्ज हो गया है, कृपया सुधार करें।",Pension & Provident Fund
GRV100825,"Widow pension application Kanpur office mein submit kiya tha, one week se koi update nhi. Bahut pareshaan hain hum log.",Pension & Provident Fund
GRV101626,"Dear officer, अस्पताल Wright Town में सफाई की बहुत खराब स्थिति है, संक्रमण फैलने का डर है। Kripya jald samadhan karein.",Healthcare & Hospitals
GRV102301,"Respected Sir, मेरे खाते से 10000 रुपए गलत तरीके से कट गए Gwalior शाखा से, वापस दिलवाएं। Bahut pareshaan hain hum log.",Banking & Financial Services
GRV101415,"महोदय, गुमशुदगी की रिपोर्ट Napier Town थाने में 15 din पहले दी थी, अभी तक कोई तलाश शुरू नहीं हुई। Kripya jald samadhan karein.",Police & Law and Order
GRV101008,"Sir/Madam, सेवानिवृत्ति के बाद पेंशन खाता Bhopal में अपडेट नहीं हुआ, two weeks से चक्कर काट रहे हैं। Bahut pareshaan hain hum log.",Pension & Provident Fund
GRV101751,"Respected Sir, Teacher transfer Nagpur school se 1 mahine pehle hua tha, replacement abhi tak nahi mila, class khali padi hai. Bahut pareshaan hain hum log.",Education & Schools
GRV101284,"Namaste sir, Eve teasing Shastri Colony area mein badh gayi h, mahilaye ghar se nikalne mein dari rehti hain. Sadar naman.",Police & Law and Order
GRV100643,"महोदय, गंदगी की वजह से Bhopal में मक्खी मच्छर बहुत बढ़ गए हैं, महामारी फैलने का डर है। Bahut pareshaan hain hum log.",Sanitation & Garbage
GRV101800,"महोदय, School building Jabalpur mein chhat tapakti hai barish mein, khatarnak sthiti hai. Sadar naman.",Education & Schools
GRV102735,"Sir/Madam, Labour ka wages employer ne 2000 rupaye kam diya Gandhi Nagar site par, PF bhi nhi kata.",Employment & Labour
GRV100032,"पीने के पानी की सप्लाई Madan Mahal में हफ्ते में सिर्फ एक बार आती है, बहुत परेशानी है। Thank you.",Water Supply
GRV102603,"Sir/Madam, Inspector Ward 12 area mein business license ke liye bribe maang raha h, video proof available hai. Kripya jald samadhan karein.",Corruption & Bribery
GRV102171,"Sir/Madam, गरीब परिवारों को Ranchi राशन दुकान से चीनी और तेल कई महीनों से नहीं मिल रहा। Kripya jald samadhan karein.",Ration & Public Distribution System
GRV100427,"Respected Sir, सड़क निर्माण Model Town में घटिया सामग्री से हो रहा है, 10 din में ही टूटने लगी। Bahut pareshaan hain hum log.",Roads & Infrastructure
GRV102841,"Namaste sir, Construction site Madan Mahal par bina helmet aur safety belt ke kaam karwaya ja raha hai mazdooro se. Sadar naman.",Employment & Labour
GRV102580,"Dear officer, Officer Napier Town mein bina paise liye certificate nhi de raha, complaint chahiye. Thank you.",Corruption & Bribery
GRV100216,"टंकी का पानी Ranchi में सीवर के पानी से मिल गया है, तुरंत जांच करवाएं। Please take urgent action.",Water Supply
GRV103030,"Respected Sir, OBC certificate Varanasi tehsil se renew karwana tha, one week se application stuck hai portal par. Sadar naman.",Municipal Certificates
GRV102998,"Dear officer, विवाह प्रमाण पत्र Wright Town नगर निगम से one week में नहीं मिला, दस्तावेज बार बार मांगे जा रहे हैं। Kripya jald samadhan karein.",Municipal Certificates
GRV101209,"Land record mein Sunita Patel ka naam galat likha hai, correction chahiye 1 hafta se request kar raha hoon.",Land Records & Revenue
GRV100790,"EPF transfer Kanpur regional office se 1 hafta se atka hai, naya employer wait kar raha hai. Please take urgent action.",Pension & Provident Fund
GRV103037,"आय प्रमाण पत्र Jabalpur कार्यालय से 2 hafte में नहीं बना, बार बार चक्कर लगवाया जा रहा है।",Municipal Certificates
GRV100047,"Sir/Madam, जल आपूर्ति विभाग Varanasi में शिकायत के बाद भी पानी की लाइन ठीक नहीं कर रहा। Kripya jald samadhan karein.",Water Supply
GRV102879,Construction site Civil Lines par bina helmet aur safety belt ke kaam karwaya ja raha hai mazdooro se. Otherwise we will protest.,Employment & Labour
GRV102874,"महोदय, Overtime paisa 3000 rupaye Gwalior factory se 1 hafta se nahi mila, HR jawab nahi de raha. Kripya jald samadhan karein.",Employment & Labour
GRV101639,"Sir/Madam, आयुष्मान कार्ड Lucknow अस्पताल में मान्य नहीं किया जा रहा, मरीज को इलाज से मना कर दिया। Bahut pareshaan hain hum log.",Healthcare & Hospitals
GRV100846,"Dear officer, PF withdrawal request 3 days se pending hai, office se koi response nahi mil raha.",Pension & Provident Fund
GRV101473,"Illegal encroachment aur jua Nagpur mohalle mein khule aam chal raha hai, police mook drashak bani hai. कृपया जल्द कार्रवाई करें।",Police & Law and Order
GRV101271,"Sir/Madam, Zameen ka daakhil kharij Gwalior tehsil mein 20 din se atka hua hai, koi karyawahi nahi ho rahi. Otherwise we will protest.",Land Records & Revenue
GRV101728,"Sir/Madam, सरकारी अस्पताल Indore में दवाइयां उपलब्ध नहीं हैं, बाहर से खरीदनी पड़ रही है।",Healthcare & Hospitals
GRV100346,"Sir/Madam, नया बिजली कनेक्शन Ranchi में 3 din से पेंडिंग है, आवेदन के बावजूद बिजली विभाग जवाब नहीं दे रहा। Please take urgent action.",Electricity
GRV100620,"Garbage dump Jabalpur mohalle ke beech mein bana diya gaya hai, badbu aur bimari phail rahi hai. Please take urgent action.",Sanitation & Garbage
GRV101536,"महोदय, Free treatment scheme card ban gaya lekin hospital Gwalior mein accept nahi kar rahe. Kripya jald samadhan karein.",Healthcare & Hospitals
GRV100738,"गंदगी की वजह से Civil Lines में मक्खी मच्छर बहुत बढ़ गए हैं, महामारी फैलने का डर है। Kripya jald samadhan karein.",Sanitation & Garbage
GRV102378,"महोदय, Fraud transaction 10000 rupaye ka Shastri Colony branch account se hua h, turant jaanch karwaye. Bahut pareshaan hain hum log.",Banking & Financial Services
GRV103006,"Sir/Madam, निवास प्रमाण पत्र Gwalior कार्यालय से बनवाने में 5 din लग गए, अभी तक हाथ में नहीं मिला। Otherwise we will protest.",Municipal Certificates
GRV101613,"Ambulance Indore bulane par a month ghante late aayi, emergency case tha. Sadar naman.",Healthcare & Hospitals
GRV101072,"Respected Sir, Zameen ka daakhil kharij Wright Town tehsil mein two weeks se atka hua h, koi karyawahi nahi ho rahi. Otherwise we will protest.",Land Records & Revenue
GRV101041,"Respected Sir, Patta zameen ka record Ward 12 revenue office se galat show ho raha hai online portal par. कृपया जल्द कार्रवाई करें।",Land Records & Revenue
GRV102817,"Namaste sir, मनरेगा जॉब कार्ड Gwalior में 10 din से नहीं बना, काम भी नहीं मिल रहा। Bahut pareshaan hain hum log.",Employment & Labour
GRV101371,"Theft complaint diye one week ho gaye Model Town mein, koi action nahi hua abhi tak. Sadar naman.",Police & Law and Order
GRV100657,"सफाई कर्मचारी Bhopal मोहल्ले में 20 din से नहीं आया, शिकायत करने पर भी सुनवाई नहीं। Bahut pareshaan hain hum log.",Sanitation & Garbage
GRV102330,बैंक Model Town में सरकारी योजना का पैसा 1500 रुपए अभी तक जमा नहीं हुआ। Thank you.,Banking & Financial Services
GRV100096,"महोदय, Paani ki tanker mangwane ke liye Bhopal nagar nigam ko 1 hafta pehle likha tha, koi tanker nahi bheja gaya. Otherwise we will protest.",Water Supply
GRV101117,"Respected Sir, Zameen ka daakhil kharij Napier Town tehsil mein 15 din se atka hua hai, koi karyawahi nahi ho rahi. कृपया जल्द कार्रवाई करें।",Land Records & Revenue
GRV100630,"Namaste sir, सफाई कर्मचारी Wright Town मोहल्ले में one week से नहीं आया, शिकायत करने पर भी सुनवाई नहीं। Otherwise we will protest.",Sanitation & Garbage
GRV100311,"Transformer blast ho gaya Civil Lines mein, area mein bijli nahi hai one week se, jaldi replace karwaye. Please take urgent action.",Electricity
GRV102836,"महोदय, MGNREGA ki mazdoori 3 days se nahi mili Jaipur panchayat mein, ghar chalana mushkil ho gaya hai.",Employment & Labour
GRV102984,"Respected Sir, प्रमाण पत्र पर नाम की स्पेलिंग गलत छप गई Bhopal नगर निगम से, correction ke liye baar baar chakkar.",Municipal Certificates
GRV102097,"Sir/Madam, Ration card Lucknow dukan par is mahine anaj nhi mila, dealer mana kar raha h. Kripya jald samadhan karein.",Ration & Public Distribution System
GRV101822,"Teacher transfer Sector 7 school se a month pehle hua tha, replacement abhi tak nhi mila, class khali padi hai. Bahut pareshaan hain hum log.",Education & Schools
GRV100651,"Namaste sir, Garbage dump Napier Town mohalle ke beech mein bana diya gaya hai, badbu aur bimari phail rahi hai. Sadar naman.",Sanitation & Garbage
GRV100202,"Dear officer, जल संकट Adhartal क्षेत्र में 5 din से गंभीर बना हुआ है, पानी के लिए दूर तक जाना पड़ रहा है। Otherwise we will protest.",Water Supply
GRV100257,"Dear officer, बिजली विभाग Shastri Colony में 1 hafta से शिकायत के बावजूद फॉल्ट ठीक नहीं कर रहा, पूरा मोहल्ला अंधेरे में है। Kripya jald samadhan karein.",Electricity
GRV102827,"Respected Sir, Construction site Wright Town par bina helmet aur safety belt ke kaam karwaya ja raha hai mazdooro se. Thank you.",Employment & Labour
GRV101211,"भू-अभिलेख में गलती है, कृपया तहसीलदार Gandhi Nagar को निर्देश दें ठीक करने का। Thank you.",Land Records & Revenue
GRV102091,"Respected Sir, Fair price shop Nagpur mein weighing machine kharab hai, kam tola jata hai anaj.",Ration & Public Distribution System
GRV100917,"Respected Sir, Old age pension band ho gayi hai bina bataye, Rekha Ahirwar ko problem ho rahi hai. Please take urgent action.",Pension & Provident Fund
GRV100532,"Footpath Civil Lines mein encroachment ho gaya hai, pedestrians ko sadak par chalna padta hai. Kripya jald samadhan karein.",Roads & Infrastructure
GRV102770,"Respected Sir, Labour ka wages employer ne 10000 rupaye kam diya Indore site par, PF bhi nahi kata. Please take urgent action.",Employment & Labour
GRV100971,"EPF transfer Gwalior regional office se 5 din se atka hai, naya employer wait kar raha hai.",Pension & Provident Fund
GRV102354,"Respected Sir, बैंक Kanpur में सरकारी योजना का पैसा 2000 रुपए अभी तक जमा नहीं हुआ। Sadar naman.",Banking & Financial Services
GRV100231,"Power cut every day in Bhopal for hours, complaint filed 1 hafta ago no action. Thank you.",Electricity
GRV100727,"Namaste sir, Open drain Bhopal mein overflow ho raha h, mosquito breeding ka khatra hai.",Sanitation & Garbage
GRV102313,"Sir/Madam, Bank Shastri Colony branch mein loan application two weeks se pending hai, koi jawab nahi mil raha. Thank you.",Banking & Financial Services
GRV102488,"महोदय, Inspector Raipur area mein business license ke liye bribe maang raha h, video proof available hai. Otherwise we will protest.",Corruption & Bribery
GRV102152,"Sir/Madam, PDS shop Varanasi mein gehu aur chawal is mahine bilkul nahi mila, dealer bahana bana raha hai. Bahut pareshaan hain hum log.",Ration & Public Distribution System
GRV102381,KYC update na hone ki wajah se account block ho gaya Madan Mahal branch mein. Kripya jald samadhan karein.,Banking & Financial Services
GRV102387,"Fraud transaction 1500 rupaye ka Ranchi branch account se hua hai, turant jaanch karwaye. Thank you.",Banking & Financial Services
GRV101451,"गुमशुदगी की रिपोर्ट Varanasi थाने में 10 din पहले दी थी, अभी तक कोई तलाश शुरू नहीं हुई। Bahut pareshaan hain hum log.",Police & Law and Order
GRV100531,"Dear officer, सड़क निर्माण Adhartal में घटिया सामग्री से हो रहा है, 10 din में ही टूटने लगी।",Roads & Infrastructure
GRV102413,"मेरे खाते से 2000 रुपए गलत तरीके से कट गए Adhartal शाखा से, वापस दिलवाएं। Please take urgent action.",Banking & Financial Services
GRV101655,"महोदय, आयुष्मान कार्ड Model Town अस्पताल में मान्य नहीं किया जा रहा, मरीज को इलाज से मना कर दिया। Thank you.",Healthcare & Hospitals
GRV102133,"गरीबी रेखा राशन कार्ड Raipur में गलत तरीके से रद्द कर दिया गया, फिर से चालू करवाएं।",Ration & Public Distribution System
GRV100890,"Widow pension application Model Town office mein submit kiya tha, 20 din se koi update nhi. Sadar naman.",Pension & Provident Fund
GRV102636,"Officer Bhopal mein bina paise liye certificate nahi de raha, complaint chahiye.",Corruption & Bribery
GRV100515,"महोदय, सड़क Varanasi में बहुत खराब हालत में है, बारिश में कीचड़ हो जाता है, मरम्मत करवाएं। Otherwise we will protest.",Roads & Infrastructure
GRV100444,"महोदय, सड़क पर बिना बैरिकेड के गड्ढा खोदा गया है Bhopal में, raat mein accident ka khatra hai. Otherwise we will protest.",Roads & Infrastructure
GRV102564,Government scheme ka labh Rekha Ahirwar ko Bhopal mein tabhi mila jab 3000 rupaye commission diya. Kripya jald samadhan karein.,Corruption & Bribery
GRV101983,"Ration card Jabalpur dukan par is mahine anaj nahi mila, dealer mana kar raha hai.",Ration & Public Distribution System
GRV100787,"Respected Sir, पेंशनर सत्यापन Gandhi Nagar में हर साल परेशानी देता है, इस बार 10 din से पेंशन रुकी हुई है। Kripya jald samadhan karein.",Pension & Provident Fund
GRV102259,"महोदय, KYC update na hone ki wajah se account block ho gaya Varanasi branch mein. कृपया जल्द कार्रवाई करें।",Banking & Financial Services
GRV101111,"Namaste sir, Patta zameen ka record Jabalpur revenue office se galat show ho raha hai online portal par. Please take urgent action.",Land Records & Revenue
GRV102966,"विवाह प्रमाण पत्र Wright Town नगर निगम से 10 din में नहीं मिला, दस्तावेज बार बार मांगे जा रहे हैं।",Municipal Certificates
GRV100565,"Footpath Raipur mein encroachment ho gaya hai, pedestrians ko sadak par chalna padta hai. Sadar naman.",Roads & Infrastructure
GRV100799,"Dear officer, PF withdrawal request one week se pending hai, office se koi response nahi mil raha. Otherwise we will protest.",Pension & Provident Fund
GRV102608,"Dear officer, निर्माण अनुमति Kanpur नगर निगम से 1500 रुपए रिश्वत दिए बिना नहीं मिल रही। Bahut pareshaan hain hum log.",Corruption & Bribery
GRV101364,"Sir/Madam, पुलिस थाना Jabalpur में तैनात कर्मचारी रिश्वत मांग रहा है काम करने के लिए। Otherwise we will protest.",Police & Law and Order
GRV103002,"महोदय, Domicile certificate Bhopal mein 5 din se atka hua h, job application ki deadline nikal rahi hai. Otherwise we will protest.",Municipal Certificates
GRV100353,"बिजली का बिल 2000 रुपए गलत आया है Napier Town पते पर, इसे ठीक करवाएं। Sadar naman.",Electricity
GRV100530,"Namaste sir, सड़क पर बिना बैरिकेड के गड्ढा खोदा गया है Wright Town में, raat mein accident ka khatra hai.",Roads & Infrastructure
GRV100697,"Sir/Madam, Kachra collection van Nagpur area mein bilkul nahi aati, ghar ghar se kachra sadak par phenkna padta hai.",Sanitation & Garbage
GRV101759,"Sir/Madam, Teacher transfer Adhartal school se a month pehle hua tha, replacement abhi tak nhi mila, class khali padi h.",Education & Schools
GRV100461,"Sir/Madam, Drainage cover sadak Gwalior mein tuta pada h, gaddi ka pahiya fasne se accident ho sakta hai. Bahut pareshaan hain hum log.",Roads & Infrastructure
GRV101031,"मेरी जमीन का सीमांकन Wright Town में गलत हो गया है, पड़ोसी ने कब्जा कर लिया है। कृपया जल्द कार्रवाई करें।",Land Records & Revenue
GRV102305,"Dear officer, Bank Patna branch mein loan application 10 din se pending hai, koi jawab nahi mil raha. Kripya jald samadhan karein.",Banking & Financial Services
GRV100325,"Sir/Madam, Transformer blast ho gaya Adhartal mein, area mein bijli nahi hai 3 din se, jaldi replace karwaye. Sadar naman.",Electricity
GRV101554,"Namaste sir, Primary health center Sector 7 mein staff hi nahi hai 15 din se, gaon walo ko door jana padta hai ilaj ke liye. Bahut pareshaan hain hum log.",Healthcare & Hospitals
GRV101885,"महोदय, छात्र का प्रमाण पत्र Gwalior स्कूल से 3 din से नहीं मिल रहा, दाखिले में दिक्कत हो रही है।",Education & Schools
GRV102471,"Sir/Madam, Government scheme ka labh Mohd. Salim ko Shastri Colony mein tabhi mila jab 10000 rupaye commission diya. Kripya jald samadhan karein.",Corruption & Bribery
GRV100589,"Respected Sir, गंदगी की वजह से Jaipur में मक्खी मच्छर बहुत बढ़ गए हैं, महामारी फैलने का डर है। Sadar naman.",Sanitation & Garbage
GRV102034,"महोदय, राशन कार्ड धारकों को Napier Town में तय मात्रा से कम अनाज दिया जा रहा है हर महीने। Thank you.",Ration & Public Distribution System
GRV103101,"Respected Sir, Caste certificate Civil Lines tehsil office mein 15 din se pending h, admission ki last date nikal rahi hai. Kripya jald samadhan karein.",Municipal Certificates
GRV101952,"Teacher transfer Kanpur school se 1 mahine pehle hua tha, replacement abhi tak nahi mila, class khali padi h. Please take urgent action.",Education & Schools
GRV101768,"महोदय, सरकारी स्कूल Varanasi में छात्रवृत्ति 2000 रुपए अभी तक नहीं आई। Thank you.",Education & Schools
GRV100539,"Dear officer, सड़क Napier Town में बहुत खराब हालत में है, बारिश में कीचड़ हो जाता है, मरम्मत करवाएं। कृपया जल्द कार्रवाई करें।",Roads & Infrastructure
GRV100491,"Footpath Varanasi mein encroachment ho gaya hai, pedestrians ko sadak par chalna padta hai. Sadar naman.",Roads & Infrastructure
GRV100737,"Dear officer, Sewage line Shastri Colony mein block ho gayi hai, ghar ke andar gandi nali ka kachra bhar raha hai. Kripya jald samadhan karein.",Sanitation & Garbage
GRV101791,"Namaste sir, Sarkari school Raipur mein 10 din se teacher nhi aa raha h, padhai band hai. Bahut pareshaan hain hum log.",Education & Schools
GRV102139,"महोदय, Ration card Model Town mein digitally seeded nahi hai, isliye anaj milna band ho gaya hai. Thank you.",Ration & Public Distribution System
GRV101610,"Namaste sir, आयुष्मान कार्ड Model Town अस्पताल में मान्य नहीं किया जा रहा, मरीज को इलाज से मना कर दिया। Bahut pareshaan hain hum log.",Healthcare & Hospitals
GRV101587,"Namaste sir, जननी सुरक्षा योजना का पैसा Jabalpur अस्पताल से 1 hafta में नहीं मिला डिलीवरी के बाद। Thank you.",Healthcare & Hospitals
GRV100177,"हैंडपंप Wright Town में खराब पड़ा है 1 hafta से, गांव में पानी की भारी किल्लत है।",Water Supply
GRV100266,"Dear officer, बिजली का बिल 500 रुपए गलत आया है Shastri Colony पते पर, इसे ठीक करवाएं। Kripya jald samadhan karein.",Electricity
GRV100958,"Namaste sir, मेरी पीएफ की राशि 1500 रुपए अभी तक ट्रांसफर नहीं हुई, 1 hafta हो गए आवेदन दिए। Kripya jald samadhan karein.",Pension & Provident Fund
GRV102032,"महोदय, PDS shop Bhopal mein gehu aur chawal is mahine bilkul nahi mila, dealer bahana bana raha hai. Kripya jald samadhan karein.",Ration & Public Distribution System
GRV100740,"Sir/Madam, Garbage dump Model Town mohalle ke beech mein bana diya gaya hai, badbu aur bimari phail rahi hai. कृपया जल्द कार्रवाई करें।",Sanitation & Garbage
GRV102455,"Clerk ne 1500 rupaye maange Ward 12 office mein pension file aage badhane ke liye, ghoos lena band karwaye. Thank you.",Corruption & Bribery
GRV101428,"Theft complaint diye one week ho gaye Gandhi Nagar mein, koi action nahi hua abhi tak. Thank you.",Police & Law and Order
GRV100485,"Wright Town ki sadak par bada gaddha ho gaya hai, 20 din pehle accident bhi hua tha. Sadar naman.",Roads & Infrastructure
GRV103053,"Respected Sir, Income certificate online apply Ranchi portal par kiya tha, 2 hafte se status pending dikha raha hai. कृपया जल्द कार्रवाई करें।",Municipal Certificates
GRV102843,"Dear officer, श्रमिक कार्ड Sector 7 में 10 din से renewal ke liye pending h, yojnaon ka labh nhi mil raha.",Employment & Labour
GRV102837,"महोदय, Labour ka wages employer ne 500 rupaye kam diya Wright Town site par, PF bhi nahi kata. Otherwise we will protest.",Employment & Labour
GRV101232,"मेरी जमीन का सीमांकन Jabalpur में गलत हो गया है, पड़ोसी ने कब्जा कर लिया है।",Land Records & Revenue
GRV100741,"गंदगी की वजह से Napier Town में मक्खी मच्छर बहुत बढ़ गए हैं, महामारी फैलने का डर है।",Sanitation & Garbage
GRV102988,"Respected Sir, आय प्रमाण पत्र Kanpur कार्यालय से two weeks में नहीं बना, बार बार चक्कर लगवाया जा रहा है। कृपया जल्द कार्रवाई करें।",Municipal Certificates
GRV101547,"Namaste sir, Free treatment scheme card ban gaya lekin hospital Civil Lines mein accept nahi kar rahe. Please take urgent action.",Healthcare & Hospitals
GRV100615,"Sir/Madam, Garbage dump Lucknow mohalle ke beech mein bana diya gaya h, badbu aur bimari phail rahi hai.",Sanitation & Garbage
GRV100595,"Kachra collection van Civil Lines area mein bilkul nahi aati, ghar ghar se kachra sadak par phenkna padta hai. Bahut pareshaan hain hum log.",Sanitation & Garbage
GRV100133,"Sir/Madam, Water supply valve Patna colony mein kharab hai, sirf ek ghanta paani aata hai roz. Kripya jald samadhan karein.",Water Supply
GRV102232,"महोदय, KYC update na hone ki wajah se account block ho gaya Madan Mahal branch mein. कृपया जल्द कार्रवाई करें।",Banking & Financial Services
GRV100655,"Respected Sir, Garbage dump Madan Mahal mohalle ke beech mein bana diya gaya hai, badbu aur bimari phail rahi hai.",Sanitation & Garbage
GRV100180,"Sir/Madam, पानी की टंकी Gandhi Nagar में गंदा पानी आ रहा है, बीमारी फैलने का डर है। Thank you.",Water Supply
GRV102641,"महोदय, सरकारी दफ्तर Kotwali area में बिना रिश्वत दिए कोई फाइल आगे नहीं बढ़ती।",Corruption & Bribery
GRV101368,"गुमशुदगी की रिपोर्ट Gandhi Nagar थाने में 20 din पहले दी थी, अभी तक कोई तलाश शुरू नहीं हुई।",Police & Law and Order
GRV102972,"Respected Sir, प्रमाण पत्र पर नाम की स्पेलिंग गलत छप गई Varanasi नगर निगम से, correction ke liye baar baar chakkar.",Municipal Certificates
GRV101403,पुलिस थाना Ranchi में तैनात कर्मचारी रिश्वत मांग रहा है काम करने के लिए। Bahut pareshaan hain hum log.,Police & Law and Order
GRV102507,"Namaste sir, Government scheme ka labh Rekha Ahirwar ko Model Town mein tabhi mila jab 2000 rupaye commission diya. Kripya jald samadhan karein.",Corruption & Bribery
GRV100252,"Dear officer, Transformer blast ho gaya Civil Lines mein, area mein bijli nahi hai two weeks se, jaldi replace karwaye. Thank you.",Electricity
GRV102737,"Dear officer, श्रम कार्यालय Sector 7 में मजदूर के हक की शिकायत 3 din से लंबित है, कोई सुनवाई नहीं हुई। कृपया जल्द कार्रवाई करें।",Employment & Labour
GRV102355,"Dear officer, Bank Ward 12 branch mein loan application 2 hafte se pending hai, koi jawab nahi mil raha. Please take urgent action.",Banking & Financial Services
GRV100585,"Dear officer, Road construction work Raipur mein adhura pada hai 20 din se, traffic jam ho raha hai. Kripya jald samadhan karein.",Roads & Infrastructure
GRV100440,"Namaste sir, सड़क किनारे रेलिंग टूटी हुई है Adhartal में, वाहन गिरने का खतरा बना हुआ है।",Roads & Infrastructure
GRV102186,"Sir/Madam, Anaj ki quality Kotwali area ration dukan mein bahut kharab hai, keede lage hue chawal mil rahe hain.",Ration & Public Distribution System
GRV100534,"Dear officer, सड़क पर बिना बैरिकेड के गड्ढा खोदा गया है Nagpur में, raat mein accident ka khatra h.",Roads & Infrastructure
GRV103023,"Dear officer, आय प्रमाण पत्र Indore कार्यालय से 1 mahine में नहीं बना, बार बार चक्कर लगवाया जा रहा है।",Municipal Certificates
GRV102871,"Namaste sir, EPFO complaint diya tha 5 din pehle, response nahi aaya Wright Town regional office se. Sadar naman.",Employment & Labour
GRV101592,"Dear officer, Free treatment scheme card ban gaya lekin hospital Gandhi Nagar mein accept nahi kar rahe. Thank you.",Healthcare & Hospitals
GRV101061,"Dear officer, अतिक्रमण Adhartal में मेरी जमीन पर हुआ है, पटवारी और तहसीलदार को 10 din पहले शिकायत दी थी। Thank you.",Land Records & Revenue
GRV102663,निर्माण अनुमति Sector 7 नगर निगम से 1500 रुपए रिश्वत दिए बिना नहीं मिल रही। Otherwise we will protest.,Corruption & Bribery
GRV102131,"Anaj ki quality Gwalior ration dukan mein bahut kharab hai, keede lage hue chawal mil rahe hain. Thank you.",Ration & Public Distribution System
GRV102782,बेरोजगारी भत्ता Madan Mahal employment office se 1 mahine से नहीं मिला आवेदन के बावजूद। Thank you.,Employment & Labour
GRV101726,"महोदय, अस्पताल Kanpur में सफाई की बहुत खराब स्थिति है, संक्रमण फैलने का डर है। Thank you.",Healthcare & Hospitals
GRV103054,"महोदय, Character certificate Jabalpur police station se a month se pending hai, job joining rukh gayi hai.",Municipal Certificates
GRV102802,बेरोजगारी भत्ता Raipur employment office se 3 din से नहीं मिला आवेदन के बावजूद।,Employment & Labour
GRV103098,"Respected Sir, Caste certificate Ranchi tehsil office mein 2 hafte se pending h, admission ki last date nikal rahi hai. कृपया जल्द कार्रवाई करें।",Municipal Certificates
GRV101604,"Primary health center Wright Town mein staff hi nahi hai 20 din se, gaon walo ko door jana padta hai ilaj ke liye. Please take urgent action.",Healthcare & Hospitals
GRV102895,Construction site Sector 7 par bina helmet aur safety belt ke kaam karwaya ja raha hai mazdooro se. Bahut pareshaan hain hum log.,Employment & Labour
GRV101226,"Respected Sir, मेरी जमीन का सीमांकन Model Town में गलत हो गया है, पड़ोसी ने कब्जा कर लिया है। Bahut pareshaan hain hum log.",Land Records & Revenue
GRV102380,"Dear officer, Fraud transaction 2000 rupaye ka Adhartal branch account se hua hai, turant jaanch karwaye. कृपया जल्द कार्रवाई करें।",Banking & Financial Services
GRV101828,"छात्र का प्रमाण पत्र Jabalpur स्कूल से one week से नहीं मिल रहा, दाखिले में दिक्कत हो रही है। Otherwise we will protest.",Education & Schools
GRV102775,"Respected Sir, श्रम कार्यालय Ward 12 में मजदूर के हक की शिकायत 3 din से लंबित है, कोई सुनवाई नहीं हुई। Please take urgent action.",Employment & Labour
GRV101824,"Sarkari school Napier Town mein 20 din se teacher nahi aa raha hai, padhai band hai.",Education & Schools
GRV101384,"Illegal encroachment aur jua Raipur mohalle mein khule aam chal raha hai, police mook drashak bani hai. Kripya jald samadhan karein.",Police & Law and Order
GRV100315,"Namaste sir, High voltage ki wajah se Bhopal mein kai gharo ke appliance jal gaye, compensation chahiye. कृपया जल्द कार्रवाई करें।",Electricity
GRV100067,जल आपूर्ति विभाग Napier Town में शिकायत के बाद भी पानी की लाइन ठीक नहीं कर रहा। Thank you.,Water Supply
GRV102295,बैंक Jabalpur में सरकारी योजना का पैसा 1500 रुपए अभी तक जमा नहीं हुआ। Bahut pareshaan hn hum log.,Banking & Financial Services
GRV102559,"Sir/Madam, Jabalpur office mein kaam karwane ke liye clerk 10000 rupaye ghoos maang raha hai. Thank you.",Corruption & Bribery
GRV100751,"महोदय, गली में कचरा जलाया जा रहा है Jaipur में, dhuye se saans lene mein takleef ho rahi hai. Otherwise we will protest.",Sanitation & Garbage
GRV101581,"Respected Sir, सरकारी अस्पताल Gandhi Nagar में दवाइयां उपलब्ध नहीं हैं, बाहर से खरीदनी पड़ रही है।",Healthcare & Hospitals
GRV101949,"स्कूल Kanpur में शौचालय की स्थिति बहुत खराब है, बच्चियां स्कूल आने से कतरा रही हैं।",Education & Schools
GRV102345,"मेरे खाते से 3000 रुपए गलत तरीके से कट गए Gwalior शाखा से, वापस दिलवाएं। Thank you.",Banking & Financial Services
GRV100072,"Namaste sir, There has been no water supply in Sector 7 for the last 15 din. Please resolve urgently. Please take urgent action.",Water Supply
GRV100898,"पेंशनर सत्यापन Madan Mahal में हर साल परेशानी देता है, इस बार 1 hafta से पेंशन रुकी हुई है। Please take urgent action.",Pension & Provident Fund
GRV102859,"Namaste sir, Construction site Civil Lines par bina helmet aur safety belt ke kaam karwaya ja raha hai mazdooro se. Bahut pareshaan hain hum log.",Employment & Labour
GRV102475,"Sir/Madam, Clerk ne 2000 rupaye maange Patna office mein pension file aage badhane ke liye, ghoos lena band karwaye. Bahut pareshaan hain hum log.",Corruption & Bribery
GRV100328,"Electricity wire loose latak rahi hai Varanasi mein, accident ka khatra hai, turant thik karwaye. Kripya jald samadhan karein.",Electricity
GRV101051,"मेरी जमीन का सीमांकन Indore में गलत हो गया है, पड़ोसी ने कब्जा कर लिया है। कृपया जल्द कार्रवाई करें।",Land Records & Revenue
GRV102343,"Fraud transaction 1500 rupaye ka Patna branch account se hua hai, turant jaanch karwaye. Kripya jald samadhan karein.",Banking & Financial Services
GRV100832,"Respected Sir, सेवानिवृत्ति के बाद पेंशन खाता Sector 7 में अपडेट नहीं हुआ, a month से चक्कर काट रहे हैं। Please take urgent action.",Pension & Provident Fund
GRV100154,"जल संकट Jaipur क्षेत्र में 2 hafte से गंभीर बना हुआ है, पानी के लिए दूर तक जाना पड़ रहा है। Bahut pareshaan hn hum log.",Water Supply
GRV102346,"Bank Indore branch mein loan application 15 din se pending hai, koi jawab nahi mil raha. Kripya jald samadhan karein.",Banking & Financial Services
GRV101408,"Namaste sir, गुमशुदगी की रिपोर्ट Jabalpur थाने में 15 din पहले दी थी, अभी तक कोई तलाश शुरू नहीं हुई। Please take urgent action.",Police & Law and Order
GRV100891,"Old age pension band ho gayi hai bina bataye, Mohd. Salim ko problem ho rahi hai. कृपया जल्द कार्रवाई करें।",Pension & Provident Fund
GRV102066,"महोदय, Ration card Lucknow mein digitally seeded nahi hai, isliye anaj milna band ho gaya hai. Bahut pareshaan hain hum log.",Ration & Public Distribution System
GRV102821,"मनरेगा जॉब कार्ड Ward 12 में 10 din से नहीं बना, काम भी नहीं मिल रहा। Sadar naman.",Employment & Labour
GRV100916,"Sir/Madam, Old age pension band ho gayi hai bina bataye, Rekha Ahirwar ko problem ho rahi hai.",Pension & Provident Fund
GRV101443,"Sir/Madam, मोहल्ले में Kanpur में असामाजिक तत्वों का आतंक है, रात को शराब पीकर हंगामा करते हैं।",Police & Law and Order
GRV101417,"Respected Sir, Chain snatching hui thi Raipur mein, police ne case follow up nahi kiya.",Police & Law and Order
GRV100342,"Namaste sir, बिजली का बिल 5000 रुपए गलत आया है Madan Mahal पते पर, इसे ठीक करवाएं।",Electricity
GRV100873,"Respected Sir, मेरी पीएफ की राशि 5000 रुपए अभी तक ट्रांसफर नहीं हुई, 1 hafta हो गए आवेदन दिए। Please take urgent action.",Pension & Provident Fund
GRV102635,"Dear officer, सरकारी टेंडर Lucknow में बिना कमीशन दिए पास नहीं होता, यह भ्रष्टाचार जांच योग्य है। Please take urgent action.",Corruption & Bribery
GRV100628,"Namaste sir, Garbage dump Madan Mahal mohalle ke beech mein bana diya gaya hai, badbu aur bimari phail rahi hai. Please take urgent action.",Sanitation & Garbage
GRV101306,पुलिस थाना Kanpur में तैनात कर्मचारी रिश्वत मांग रहा है काम करने के लिए। Please take urgent action.,Police & Law and Order
GRV101506,"Dear officer, पुलिस थाना Madan Mahal में तैनात कर्मचारी रिश्वत मांग रहा है काम करने के लिए। Thank you.",Police & Law and Order
GRV102194,"महोदय, मेरे खाते से 3000 रुपए गलत तरीके से कट गए Raipur शाखा से, वापस दिलवाएं। कृपया जल्द कार्रवाई करें।",Banking & Financial Services
GRV102451,"Panchayat Adhartal mein yojna ka paisa bina commission diye release nahi hota, sarpanch ghoos maangta hai. Thank you.",Corruption & Bribery
GRV100658,"Respected Sir, Garbage dump Bhopal mohalle ke beech mein bana diya gaya hai, badbu aur bimari phail rahi hai.",Sanitation & Garbage
GRV100602,"सफाई कर्मचारी Lucknow मोहल्ले में 20 din से नहीं आया, शिकायत करने पर भी सुनवाई नहीं। कृपया जल्द कार्रवाई करें।",Sanitation & Garbage
GRV101779,"Sir/Madam, सरकारी स्कूल Jaipur में छात्रवृत्ति 5000 रुपए अभी तक नहीं आई। Kripya jald samadhan karein.",Education & Schools
GRV101502,"Dear officer, गुमशुदगी की रिपोर्ट Napier Town थाने में 3 din पहले दी थी, अभी तक कोई तलाश शुरू नहीं हुई।",Police & Law and Order
GRV101458,"गुमशुदगी की रिपोर्ट Kanpur थाने में 3 din पहले दी थी, अभी तक कोई तलाश शुरू नहीं हुई।",Police & Law and Order
GRV100870,"PF withdrawal request 3 din se pending hai, office se koi response nahi mil raha. Kripya jald samadhan karein.",Pension & Provident Fund
GRV100170,"Dear officer, हैंडपंप Nagpur में खराब पड़ा है 3 days से, गांव में पानी की भारी किल्लत है।",Water Supply
GRV102518,"महोदय, Officer Patna mein bina paise liye certificate nahi de raha, complaint chahiye.",Corruption & Bribery
GRV101064,"Sir/Madam, Patta zameen ka record Jabalpur revenue office se galat show ho raha hai online portal par. Kripya jald samadhan karein.",Land Records & Revenue
GRV101603,"Sir/Madam, सरकारी अस्पताल Model Town में दवाइयां उपलब्ध नहीं हैं, बाहर से खरीदनी पड़ रही है।",Healthcare & Hospitals
GRV101503,"Dear officer, मोहल्ले में Model Town में असामाजिक तत्वों का आतंक है, रात को शराब पीकर हंगामा करते हैं। Otherwise we will protest.",Police & Law and Order
GRV102251,"Fraud transaction 2000 rupaye ka Adhartal branch account se hua h, turant jaanch karwaye. Thank you.",Banking & Financial Services
GRV102551,"Clerk ne 10000 rupaye maange Kotwali area office mein pension file aage badhane ke liye, ghoos lena band karwaye. कृपया जल्द कार्रवाई करें।",Corruption & Bribery
GRV101658,"Namaste sir, Ambulance Bhopal bulane par 1 mahine ghante late aayi, emergency case tha. Sadar naman.",Healthcare & Hospitals
GRV101344,पुलिस थाना Nagpur में तैनात कर्मचारी रिश्वत मांग रहा है काम करने के लिए। Thank you.,Police & Law and Order
GRV102076,"Namaste sir, Fair price shop Indore mein weighing machine kharab hai, kam tola jata hai anaj. Bahut pareshaan hain hum log.",Ration & Public Distribution System
GRV100820,"मेरी पीएफ की राशि 500 रुपए अभी तक ट्रांसफर नहीं हुई, 20 din हो गए आवेदन दिए। Please take urgent action.",Pension & Provident Fund
GRV101465,"Sir/Madam, Eve teasing Napier Town area mein badh gayi hai, mahilaye ghar se nikalne mein dari rehti hain.",Police & Law and Order
GRV102396,बैंक Kotwali area में सरकारी योजना का पैसा 500 रुपए अभी तक जमा नहीं हुआ। कृपया जल्द कार्रवाई करें।,Banking & Financial Services
GRV100255,"Namaste sir, Power cut every day in Sector 7 for hours, complaint filed 20 din ago no action. कृपया जल्द कार्रवाई करें।",Electricity
GRV101533,"महोदय, जननी सुरक्षा योजना का पैसा Jabalpur अस्पताल से 3 din में नहीं मिला डिलीवरी के बाद। Sadar naman.",Healthcare & Hospitals
GRV102207,"Dear officer, Fraud transaction 3000 rupaye ka Nagpur branch account se hua hai, turant jaanch karwaye.",Banking & Financial Services
GRV101205,"Namaste sir, Zameen ka naamantaran Jaipur tehsil mein 10 din se pending hai. Thank you.",Land Records & Revenue
GRV101167,"Sir/Madam, भू-अभिलेख में गलती है, कृपया तहसीलदार Ranchi को निर्देश दें ठीक करने का।",Land Records & Revenue
GRV103016,"Sir/Madam, Domicile certificate Ranchi mein 15 din se atka hua hai, job application ki deadline nikal rahi hai. Kripya jald samadhan karein.",Municipal Certificates
GRV100392,"Transformer blast ho gaya Jabalpur mein, area mein bijli nahi hai 5 din se, jaldi replace karwaye. Otherwise we will protest.",Electricity
GRV100075,"Dear officer, Hamare Adhartal mohalle mein pichle 2 hafte se paani nhi aa raha hai, jaldi thik karwaye. Sadar naman.",Water Supply
GRV102280,"ATM Varanasi mein 3 days se kharab hai, paise nahi nikal pa raha koi. Sadar naman.",Banking & Financial Services
GRV102656,"महोदय, निर्माण अनुमति Kanpur नगर निगम से 10000 रुपए रिश्वत दिए बिना नहीं मिल रही।",Corruption & Bribery
GRV102492,"सरकारी टेंडर Jaipur में बिना कमीशन दिए पास नहीं होता, यह भ्रष्टाचार जांच योग्य है।",Corruption & Bribery
GRV101789,"Sir/Madam, निजी स्कूल Jabalpur में फीस मनमानी बढ़ाई जा रही है, शिक्षा विभाग कार्रवाई नहीं कर रहा। Please take urgent action.",Education & Schools
GRV102291,KYC update na hone ki wajah se account block ho gaya Patna branch mein. Sadar naman.,Banking & Financial Services
GRV101667,"Namaste sir, Ambulance Ranchi bulane par 20 din ghante late aayi, emergency case tha.",Healthcare & Hospitals
GRV102725,"Overtime paisa 3000 rupaye Kanpur factory se 20 din se nahi mila, HR jawab nahi de raha. Please take urgent action.",Employment & Labour
GRV100086,"Water quality test chahiye Patna area mein, paani ka rang peela aa raha h 20 din se. Thank you.",Water Supply
GRV101265,Patta zameen ka record Sector 7 revenue office se galat show ho raha hai online portal par.,Land Records & Revenue
GRV101979,"महोदय, Sarkari school Lucknow mein 1 hafta se teacher nahi aa raha hai, padhai band hai. Otherwise we will protest.",Education & Schools
GRV100413,"Dear officer, Drainage cover sadak Wright Town mein tuta pada hai, gaddi ka pahiya fasne se accident ho sakta hai.",Roads & Infrastructure
GRV102041,"महोदय, Ration dukan Jabalpur mein tay samay par nahi khulti, logo ko baar baar chakkar lagana padta h. Please take urgent action.",Ration & Public Distribution System
GRV100076,"Municipal water connection Wright Town mein kaat diya gaya bina notice diye, paani ke bina pareshani ho rahi hai. Otherwise we will protest.",Water Supply
GRV102281,"Dear officer, मेरे खाते से 3000 रुपए गलत तरीके से कट गए Raipur शाखा से, वापस दिलवाएं। Kripya jald samadhan karein.",Banking & Financial Services
GRV102005,"गरीबी रेखा राशन कार्ड Patna में गलत तरीके से रद्द कर दिया गया, फिर से चालू करवाएं। Sadar naman.",Ration & Public Distribution System
GRV102869,"EPFO complaint diya tha 3 din pehle, response nahi aaya Bhopal regional office se. Thank you.",Employment & Labour
GRV102516,"रिश्वत की मांग Madan Mahal कार्यालय में हर छोटे काम के लिए की जाती है, यह भ्रष्टाचार बंद होना चाहिए। Otherwise we will protest.",Corruption & Bribery
GRV102121,"PDS shop Civil Lines mein gehu aur chawal is mahine bilkul nahi mila, dealer bahana bana raha hai. Thank you.",Ration & Public Distribution System
GRV100952,"मेरी पीएफ की राशि 500 रुपए अभी तक ट्रांसफर नहीं हुई, 10 din हो गए आवेदन दिए। Please take urgent action.",Pension & Provident Fund
GRV102028,"गरीबी रेखा राशन कार्ड Bhopal में गलत तरीके से रद्द कर दिया गया, फिर से चालू करवाएं। Bahut pareshaan hain hum log.",Ration & Public Distribution System
GRV102153,राशन कार्ड धारकों को Gandhi Nagar में तय मात्रा से कम अनाज दिया जा रहा है हर महीने। कृपया जल्द कार्रवाई करें।,Ration & Public Distribution System
GRV101119,"Respected Sir, अतिक्रमण Gandhi Nagar में मेरी जमीन पर हुआ है, पटवारी और तहसीलदार को 2 hafte पहले शिकायत दी थी। Bahut pareshaan hain hum log.",Land Records & Revenue
GRV101948,"छात्र का प्रमाण पत्र Patna स्कूल से 1 mahine से नहीं मिल रहा, दाखिले में दिक्कत हो रही है। Sadar naman.",Education & Schools
GRV100091,"Respected Sir, Low water pressure in Civil Lines pipeline, taps mein paani bahut kam aata hai subah. Bahut pareshaan hain hum log.",Water Supply
GRV100274,"महोदय, बिजली का खंभा टूट कर सड़क पर गिरा है Shastri Colony में, दुर्घटना हो सकती है, कृपया जल्दी हटवाएं। Kripya jald samadhan karein.",Electricity
GRV100681,"सफाई कर्मचारी Raipur मोहल्ले में a month से नहीं आया, शिकायत करने पर भी सुनवाई नहीं। Otherwise we will protest.",Sanitation & Garbage
GRV102963,"Namaste sir, Income certificate online apply Napier Town portal par kiya tha, one week se status pending dikha raha hai. कृपया जल्द कार्रवाई करें।",Municipal Certificates
GRV102021,"Namaste sir, Ration card Varanasi dukan par is mahine anaj nahi mila, dealer mana kar raha hai. Please take urgent action.",Ration & Public Distribution System
GRV102960,"प्रमाण पत्र पर नाम की स्पेलिंग गलत छप गई Shastri Colony नगर निगम से, correction ke liye baar baar chakkar. Please take urgent action.",Municipal Certificates
GRV102165,राशन कार्ड धारकों को Ranchi में तय मात्रा से कम अनाज दिया जा रहा है हर महीने। Please take urgent action.,Ration & Public Distribution System
GRV102619,Government scheme ka labh Ramesh Kumar ko Sector 7 mein tabhi mila jab 10000 rupaye commission diya. Bahut pareshaan hain hum log.,Corruption & Bribery
GRV102327,"Bank Wright Town branch mein loan application two weeks se pending hai, koi jawab nahi mil raha. Otherwise we will protest.",Banking & Financial Services
GRV100520,"Respected Sir, No streetlight on the main road of Napier Town, very unsafe at night for two weeks now. Please take urgent action.",Roads & Infrastructure
GRV100765,"Respected Sir, Kachra collection van Ranchi area mein bilkul nahi aati, ghar ghar se kachra sadak par phenkna padta hai. कृपया जल्द कार्रवाई करें।",Sanitation & Garbage
GRV100793,"Widow pension application Indore office mein submit kiya tha, 2 hafte se koi update nahi.",Pension & Provident Fund
GRV102160,"Respected Sir, राशन कार्ड में परिवार के सदस्य का नाम जुड़वाना है, Ward 12 कार्यालय में आवेदन दिया 20 din पहले। Thank you.",Ration & Public Distribution System
GRV102550,निर्माण अनुमति Kotwali area नगर निगम से 1500 रुपए रिश्वत दिए बिना नहीं मिल रही। Please take urgent action.,Corruption & Bribery
GRV100800,"Sir/Madam, पेंशनर सत्यापन Indore में हर साल परेशानी देता है, इस बार a month से पेंशन रुकी हुई है। Otherwise we will protest.",Pension & Provident Fund
GRV102767,"महोदय, मनरेगा जॉब कार्ड Ranchi में one week से नहीं बना, काम भी नहीं मिल रहा। Please take urgent action.",Employment & Labour
GRV101135,"Sir/Madam, Zameen ka naamantaran Indore tehsil mein 20 din se pending hai. Otherwise we will protest.",Land Records & Revenue
GRV102018,राशन कार्ड धारकों को Gwalior में तय मात्रा से कम अनाज दिया जा रहा है हर महीने। Kripya jald samadhan karein.,Ration & Public Distribution System
GRV101946,"महोदय, Teacher transfer Varanasi school se 2 hafte pehle hua tha, replacement abhi tak nahi mila, class khali padi hai.",Education & Schools
GRV101115,"Respected Sir, Land record mein Suman Devi ka naam galat likha hai, correction chahiye 5 din se request kar raha hoon. Please take urgent action.",Land Records & Revenue
GRV102424,"Respected Sir, Clerk ne 10000 rupaye maange Indore office mein pension file aage badhane ke liye, ghoos lena band karwaye. Kripya jald samadhan karein.",Corruption & Bribery
GRV100139,"Namaste sir, There has been no water supply in Model Town for the last 15 din. Please resolve urgently.",Water Supply
GRV100739,"महोदय, Garbage dump Lucknow mohalle ke beech mein bana diya gaya h, badbu aur bimari phail rahi hai. कृपया जल्द कार्रवाई करें।",Sanitation & Garbage
GRV102687,"महोदय, श्रमिक कार्ड Varanasi में two weeks से renewal ke liye pending hai, yojnaon ka labh nahi mil raha. Thank you.",Employment & Labour
GRV100176,"Respected Sir, जल संकट Lucknow क्षेत्र में two weeks से गंभीर बना हुआ है, पानी के लिए दूर तक जाना पड़ रहा है। Thank you.",Water Supply
GRV103092,"Namaste sir, निवास प्रमाण पत्र Indore कार्यालय से बनवाने में 1 hafta लग गए, अभी तक हाथ में नहीं मिला।",Municipal Certificates
GRV100854,"महोदय, Old age pension band ho gayi h bina bataye, Geeta Bai ko problem ho rahi hai. Kripya jald samadhan karein.",Pension & Provident Fund
GRV102765,"Dear officer, मनरेगा जॉब कार्ड Patna में 1 mahine से नहीं बना, काम भी नहीं मिल रहा।",Employment & Labour
GRV100493,"महोदय, सड़क निर्माण Lucknow में घटिया सामग्री से हो रहा है, 1 hafta में ही टूटने लगी। Thank you.",Roads & Infrastructure
GRV100723,"Public toilet Nagpur ke paas bahut ganda hai, safai nahi hoti kai dino se. Thank you.",Sanitation & Garbage
GRV100004,"Respected Sir, पानी की टंकी Madan Mahal में गंदा पानी आ रहा है, बीमारी फैलने का डर है। कृपया जल्द कार्रवाई करें।",Water Supply
GRV102148,"महोदय, Anaj ki quality Raipur ration dukan mein bahut kharab hai, keede lage hue chawal mil rahe hain. Please take urgent action.",Ration & Public Distribution System
GRV100597,"महोदय, Kachra collection van Shastri Colony area mein bilkul nahi aati, ghar ghar se kachra sadak par phenkna padta hai. Sadar naman.",Sanitation & Garbage
GRV100295,"Transformer blast ho gaya Varanasi mein, area mein bijli nahi hai one week se, jaldi replace karwaye. Kripya jald samadhan karein.",Electricity
GRV102383,"मेरे खाते से 10000 रुपए गलत तरीके से कट गए Lucknow शाखा से, वापस दिलवाएं। Bahut pareshaan hain hum log.",Banking & Financial Services
GRV102887,"महोदय, Labour ka wages employer ne 500 rupaye kam diya Wright Town site par, PF bhi nahi kata. Sadar naman.",Employment & Labour
GRV101056,Zameen ka naamantaran Gwalior tehsil mein two weeks se pending h. Kripya jald samadhan karein.,Land Records & Revenue
GRV100034,"महोदय, Municipal water connection Model Town mein kaat diya gaya bina notice diye, paani ke bina pareshani ho rahi hai. Bahut pareshaan hain hum log.",Water Supply
GRV101098,"Dear officer, Patta zameen ka record Nagpur revenue office se galat show ho raha hai online portal par. Kripya jald samadhan karein.",Land Records & Revenue
GRV102823,"महोदय, श्रम कार्यालय Gwalior में मजदूर के हक की शिकायत 15 din से लंबित है, कोई सुनवाई नहीं हुई।",Employment & Labour
GRV101210,"Respected Sir, Land record mein Sunita Patel ka naam galat likha hai, correction chahiye 1 mahine se request kar raha hoon.",Land Records & Revenue
GRV102868,"महोदय, EPFO complaint diya tha two weeks pehle, response nahi aaya Model Town regional office se. Please take urgent action.",Employment & Labour
GRV100937,"Sir/Madam, EPF transfer Lucknow regional office se 5 din se atka hai, naya employer wait kar raha hai. Kripya jald samadhan karein.",Pension & Provident Fund
GRV101560,"Dear officer, Free treatment scheme card ban gaya lekin hospital Jabalpur mein accept nahi kar rahe. Thank you.",Healthcare & Hospitals
GRV100489,"महोदय, सड़क किनारे रेलिंग टूटी हुई है Patna में, वाहन गिरने का खतरा बना हुआ है। Please take urgent action.",Roads & Infrastructure
GRV100098,"Respected Sir, Water quality test chahiye Jaipur area mein, paani ka rang peela aa raha hai 20 din se. Kripya jald samadhan karein.",Water Supply
GRV102953,"Dear officer, Character certificate Napier Town police station se 20 din se pending hai, job joining rukh gayi hai. Sadar naman.",Municipal Certificates
GRV100617,"Respected Sir, सफाई विभाग Gandhi Nagar में डोर टू डोर कचरा कलेक्शन बंद कर चुका है 1 mahine से। Bahut pareshaan hain hum log.",Sanitation & Garbage
GRV101931,"Namaste sir, स्कूल Model Town में शौचालय की स्थिति बहुत खराब है, बच्चियां स्कूल आने से कतरा रही हैं। कृपया जल्द कार्रवाई करें।",Education & Schools
GRV102072,"Sir/Madam, Anaj ki quality Adhartal ration dukan mein bahut kharab hai, keede lage hue chawal mil rahe hain.",Ration & Public Distribution System
GRV101959,"Sir/Madam, Teacher transfer Patna school se 15 din pehle hua tha, replacement abhi tak nahi mila, class khali padi hai. Otherwise we will protest.",Education & Schools
GRV102990,"Respected Sir, Income certificate online apply Gwalior portal par kiya tha, 20 din se status pending dikha raha hai.",Municipal Certificates
GRV101268,"Sir/Madam, Zameen ka daakhil kharij Jabalpur tehsil mein two weeks se atka hua hai, koi karyawahi nhi ho rahi. Sadar naman.",Land Records & Revenue
GRV102089,"Respected Sir, Fair price shop Jabalpur mein weighing machine kharab hai, kam tola jata hai anaj. Otherwise we will protest.",Ration & Public Distribution System
GRV102069,"Dear officer, Ration dukan Civil Lines mein tay samay par nahi khulti, logo ko baar baar chakkar lagana padta hai. Otherwise we will protest.",Ration & Public Distribution System
GRV102928,"Sir/Madam, प्रमाण पत्र पर नाम की स्पेलिंग गलत छप गई Napier Town नगर निगम से, correction ke liye baar baar chakkar. Otherwise we will protest.",Municipal Certificates
GRV101437,पुलिस थाना Madan Mahal में तैनात कर्मचारी रिश्वत मांग रहा है काम करने के लिए।,Police & Law and Order
GRV102918,बेरोजगारी भत्ता Ward 12 employment office se 1 mahine से नहीं मिला आवेदन के बावजूद। Thank you.,Employment & Labour
GRV102763,"Sir/Madam, MGNREGA ki mazdoori 15 din se nahi mili Kanpur panchayat mein, ghar chalana mushkil ho gaya hai. Thank you.",Employment & Labour
GRV102105,"राशन कार्ड में परिवार के सदस्य का नाम जुड़वाना है, Gwalior कार्यालय में आवेदन दिया 1 mahine पहले।",Ration & Public Distribution System
GRV101722,"Dear officer, अस्पताल Kotwali area में सफाई की बहुत खराब स्थिति है, संक्रमण फैलने का डर है। Sadar naman.",Healthcare & Hospitals
GRV102893,Construction site Ward 12 par bina helmet aur safety belt ke kaam karwaya ja raha hai mazdooro se. Kripya jald samadhan karein.,Employment & Labour
GRV102629,"Inspector Kanpur area mein business license ke liye bribe maang raha hai, video proof available hai. Sadar naman.",Corruption & Bribery
GRV100968,"Old age pension band ho gayi hai bina bataye, Ramesh Kumar ko problem ho rahi hai.",Pension & Provident Fund
GRV102266,"Sir/Madam, Fraud transaction 3000 rupaye ka Model Town branch account se hua hai, turant jaanch karwaye. Please take urgent action.",Banking & Financial Services
GRV100079,"Paani ki tanker mangwane ke liye Model Town nagar nigam ko 1 mahine pehle likha tha, koi tanker nahi bheja gaya. Kripya jald samadhan karein.",Water Supply
GRV102795,"Respected Sir, मनरेगा जॉब कार्ड Ward 12 में 10 din से नहीं बना, काम भी नहीं मिल रहा।",Employment & Labour
GRV102479,"Respected Sir, Clerk ne 5000 rupaye maange Jabalpur office mein pension file aage badhane ke liye, ghoos lena band karwaye. Bahut pareshaan hain hum log.",Corruption & Bribery
GRV100687,"नाली Indore में जाम पड़ी है 5 din से, सफाई विभाग को कई बार बताया लेकिन कोई कार्रवाई नहीं हुई। Please take urgent action.",Sanitation & Garbage
GRV101956,"महोदय, सरकारी स्कूल Bhopal में छात्रवृत्ति 1500 रुपए अभी तक नहीं आई। Bahut pareshaan hain hum log.",Education & Schools
GRV102646,"Respected Sir, Panchayat Raipur mein yojna ka paisa bina commission diye release nahi hota, sarpanch ghoos maangta hai. Otherwise we will protest.",Corruption & Bribery
GRV103008,"Namaste sir, Character certificate Lucknow police station se 3 din se pending h, job joining rukh gayi hai.",Municipal Certificates
GRV101607,"Namaste sir, Primary health center Shastri Colony mein staff hi nahi h a month se, gaon walo ko door jana padta hai ilaj ke liye. Bahut pareshaan hain hum log.",Healthcare & Hospitals
GRV102039,राशन कार्ड धारकों को Gwalior में तय मात्रा से कम अनाज दिया जा रहा है हर महीने।,Ration & Public Distribution System
GRV101542,"महोदय, Primary health center Napier Town mein staff hi nahi hai 15 din se, gaon walo ko door jana padta hai ilaj ke liye.",Healthcare & Hospitals
GRV100791,"Namaste sir, मेरी पीएफ की राशि 3000 रुपए अभी तक ट्रांसफर नहीं हुई, 2 hafte हो गए आवेदन दिए। Otherwise we will protest.",Pension & Provident Fund
GRV100483,"No streetlight on the main road of Raipur, very unsafe at night for 3 din now. Bahut pareshaan hain hum log.",Roads & Infrastructure
GRV100766,"सफाई कर्मचारी Varanasi मोहल्ले में two weeks से नहीं आया, शिकायत करने पर भी सुनवाई नहीं। Otherwise we will protest.",Sanitation & Garbage
GRV102698,"Dear officer, मनरेगा जॉब कार्ड Kotwali area में a month से नहीं बना, काम भी नहीं मिल रहा।",Employment & Labour
GRV100812,"सेवानिवृत्ति के बाद पेंशन खाता Indore में अपडेट नहीं हुआ, 3 days से चक्कर काट रहे हैं। कृपया जल्द कार्रवाई करें।",Pension & Provident Fund
GRV100110,"पीने के पानी की सप्लाई Madan Mahal में हफ्ते में सिर्फ एक बार आती है, बहुत परेशानी है। Sadar naman.",Water Supply
GRV102512,"Dear officer, Clerk ne 2000 rupaye maange Sector 7 office mein pension file aage badhane ke liye, ghoos lena band karwaye. Kripya jald samadhan karein.",Corruption & Bribery
GRV100055,"महोदय, जल आपूर्ति विभाग Civil Lines में शिकायत के बाद भी पानी की लाइन ठीक नहीं कर रहा। Thank you.",Water Supply
GRV101444,"Theft complaint diye 1 mahine ho gaye Shastri Colony mein, koi action nahi hua abhi tak.",Police & Law and Order
GRV100924,"मेरी पीएफ की राशि 5000 रुपए अभी तक ट्रांसफर नहीं हुई, 15 din हो गए आवेदन दिए। Sadar naman.",Pension & Provident Fund
GRV100455,"Dear officer, Patna ki sadak par bada gaddha ho gaya hai, 15 din pehle accident bhi hua tha. Thank you.",Roads & Infrastructure
GRV101565,"Sir/Madam, आयुष्मान कार्ड Bhopal अस्पताल में मान्य नहीं किया जा रहा, मरीज को इलाज से मना कर दिया। Thank you.",Healthcare & Hospitals
GRV103091,"Dear officer, Domicile certificate Kotwali area mein 5 din se atka hua hai, job application ki deadline nikal rahi hai. Thank you.",Municipal Certificates
GRV100302,"Sir/Madam, Streetlights Patna mein 1 hafta se band hai, raat ko andhera rehta hai bijli na hone se. Bahut pareshaan hain hum log.",Electricity
GRV103080,"Namaste sir, Domicile certificate Wright Town mein 20 din se atka hua hai, job application ki deadline nikal rahi hai. कृपया जल्द कार्रवाई करें।",Municipal Certificates
GRV102695,"Dear officer, EPFO complaint diya tha 3 din pehle, response nahi aaya Kanpur regional office se. Sadar naman.",Employment & Labour
GRV102350,"Dear officer, Bank Model Town branch mein loan application 1 hafta se pending h, koi jawab nahi mil raha.",Banking & Financial Services
GRV102064,"Ration card Shastri Colony mein digitally seeded nahi hai, isliye anaj milna band ho gaya hai.",Ration & Public Distribution System
GRV102669,"Sir/Madam, सरकारी दफ्तर Shastri Colony में बिना रिश्वत दिए कोई फाइल आगे नहीं बढ़ती।",Corruption & Bribery
GRV101283,"Dear officer, Theft complaint diye 1 hafta ho gaye Madan Mahal mein, koi action nhi hua abhi tak. Kripya jald samadhan karein.",Police & Law and Order
GRV102474,"Namaste sir, Inspector Napier Town area mein business license ke liye bribe maang raha hai, video proof available hai. Kripya jald samadhan karein.",Corruption & Bribery
GRV101057,"Namaste sir, भू-अभिलेख में गलती है, कृपया तहसीलदार Lucknow को निर्देश दें ठीक करने का। Please take urgent action.",Land Records & Revenue
GRV102627,"Sir/Madam, Clerk ne 10000 rupaye maange Ward 12 office mein pension file aage badhane ke liye, ghoos lena band karwaye. Kripya jald samadhan karein.",Corruption & Bribery
GRV102367,"Respected Sir, Bank Shastri Colony branch mein loan application a month se pending hai, koi jawab nhi mil raha. Please take urgent action.",Banking & Financial Services
GRV102306,बैंक Gandhi Nagar में सरकारी योजना का पैसा 1000 रुपए अभी तक जमा नहीं हुआ। Bahut pareshaan hain hum log.,Banking & Financial Services
GRV102326,"Respected Sir, ATM Gwalior mein 3 days se kharab hai, paise nhi nikal pa raha koi. Thank you.",Banking & Financial Services
GRV100107,"Dear officer, Paani ki tanker mangwane ke liye Napier Town nagar nigam ko 10 din pehle likha tha, koi tanker nahi bheja gaya.",Water Supply
GRV102453,"Dear officer, रिश्वत की मांग Bhopal कार्यालय में हर छोटे काम के लिए की जाती है, यह भ्रष्टाचार बंद होना चाहिए। Otherwise we will protest.",Corruption & Bribery
GRV102909,"Sir/Madam, EPFO complaint diya tha 3 days pehle, response nahi aaya Civil Lines regional office se. Kripya jald samadhan karein.",Employment & Labour
GRV102283,"Dear officer, मेरे खाते से 1000 रुपए गलत तरीके से कट गए Ward 12 शाखा से, वापस दिलवाएं। कृपया जल्द कार्रवाई करें।",Banking & Financial Services
GRV102075,"PDS shop Ranchi mein gehu aur chawal is mahine bilkul nahi mila, dealer bahana bana raha hai. Thank you.",Ration & Public Distribution System
GRV100332,"Power cut every day in Wright Town for hours, complaint filed 3 days ago no action. Please take urgent action.",Electricity
GRV100858,"EPF transfer Jabalpur regional office se two weeks se atka h, naya employer wait kar raha hai. Kripya jald samadhan karein.",Pension & Provident Fund
GRV101081,Zameen ka naamantaran Jaipur tehsil mein a month se pending hai.,Land Records & Revenue
GRV102303,"Dear officer, बैंक Gwalior में सरकारी योजना का पैसा 2000 रुपए अभी तक जमा नहीं हुआ। Thank you.",Banking & Financial Services
GRV103049,"महोदय, विवाह प्रमाण पत्र Sector 7 नगर निगम से one week में नहीं मिला, दस्तावेज बार बार मांगे जा रहे हैं। कृपया जल्द कार्रवाई करें।",Municipal Certificates
GRV100578,"Dear officer, No streetlight on the main road of Kanpur, very unsafe at night for 3 days now. Please take urgent action.",Roads & Infrastructure
GRV101401,"Namaste sir, गुमशुदगी की रिपोर्ट Patna थाने में 1 hafta पहले दी थी, अभी तक कोई तलाश शुरू नहीं हुई। Bahut pareshaan hain hum log.",Police & Law and Order
GRV102959,"Sir/Madam, Character certificate Napier Town police station se one week se pending hai, job joining rukh gayi hai. Otherwise we will protest.",Municipal Certificates
GRV102799,"Namaste sir, EPFO complain diya tha 2 hafte pehle, response nhi aaya Ranchi regional office se. कृपया जल्द कार्रवाई करें।",Employment & Labour
GRV100754,"Kachra Gwalior colony ke khali plot mein daala ja raha hai, badbu aur bimari ka khatra hai. Bahut pareshaan hain hum log.",Sanitation & Garbage
GRV101445,"Dear officer, Chain snatching hui thi Adhartal mein, police ne case follow up nahi kiya. Sadar naman.",Police & Law and Order
GRV101412,"Namaste sir, Illegal encroachment aur jua Ranchi mohalle mein khule aam chal raha hai, police mook drashak bani hai. Kripya jald samadhan karein.",Police & Law and Order
GRV102657,"Dear officer, Clerk ne 3000 rupaye maange Civil Lines office mein pension file aage badhane ke liye, ghoos lena band karwaye.",Corruption & Bribery
GRV102682,"Dear officer, Labour ka wages employer ne 1000 rupaye kam diya Gwalior site par, PF bhi nahi kata. Bahut pareshaan hain hum log.",Employment & Labour
GRV102143,"महोदय, Ration card Raipur dukan par is mahine anaj nhi mila, dealer mana kar raha h. Bahut pareshaan hain hum log.",Ration & Public Distribution System
GRV100480,"Road construction work Indore mein adhura pada hai 20 din se, traffic jam ho raha hai. Sadar naman.",Roads & Infrastructure
GRV101424,"Dear officer, Chn snatching hui thi Lucknow mein, police ne case follow up nahi kiya.",Police & Law and Order
GRV100584,"Respected Sir, Footpath Ward 12 mein encroachment ho gaya hai, pedestrians ko sadak par chalna padta hai. Kripya jald samadhan karein.",Roads & Infrastructure
GRV102241,"Sir/Madam, ATM Jabalpur mein 2 hafte se kharab hai, paise nahi nikal pa raha koi.",Banking & Financial Services
GRV100910,"महोदय, सेवानिवृत्ति के बाद पेंशन खाता Sector 7 में अपडेट नहीं हुआ, 5 din से चक्कर काट रहे हैं। Sadar naman.",Pension & Provident Fund
GRV100487,"Sir/Madam, सड़क निर्माण Adhartal में घटिया सामग्री से हो रहा है, 1 hafta में ही टूटने लगी। Please take urgent action.",Roads & Infrastructure
GRV100747,"Respected Sir, गली में कचरा जलाया जा रहा है Kanpur में, dhuye se saans lene mein takleef ho rahi hai. Thank you.",Sanitation & Garbage
GRV101671,"Respected Sir, जननी सुरक्षा योजना का पैसा Kotwali area अस्पताल से 1 hafta में नहीं मिला डिलीवरी के बाद। कृपया जल्द कार्रवाई करें।",Healthcare & Hospitals
GRV100090,"महोदय, Illegal water connection Kotwali area mein hone se hamari colony mein paani ka pressure kam ho gaya hai. Thank you.",Water Supply
GRV101365,"मोहल्ले में Gandhi Nagar में असामाजिक तत्वों का आतंक है, रात को शराब पीकर हंगामा करते हैं।",Police & Law and Order
GRV100340,"महोदय, Electricity wire loose latak rahi hai Adhartal mein, accident ka khatra hai, turant thik karwaye. Otherwise we will protest.",Electricity
GRV101419,"Respected Sir, Illegal encroachment aur jua Indore mohalle mein khule aam chal raha hai, police mook drashak bani hai. Please take urgent action.",Police & Law and Order
GRV102054,"महोदय, राशन कार्ड में परिवार के सदस्य का नाम जुड़वाना है, Shastri Colony कार्यालय में आवेदन दिया 10 din पहले। Thank you.",Ration & Public Distribution System
GRV102840,"Dear officer, मनरेगा जॉब कार्ड Nagpur में 15 din से नहीं बना, काम भी नहीं मिल रहा।",Employment & Labour
GRV100316,"नया बिजली कनेक्शन Gwalior में 2 hafte से पेंडिंग है, आवेदन के बावजूद बिजली विभाग जवाब नहीं दे रहा। Otherwise we will protest.",Electricity
GRV102352,"महोदय, Bank Ward 12 branch mein loan application a month se pending hai, koi jawab nahi mil raha. Bahut pareshaan hain hum log.",Banking & Financial Services
GRV101679,"Respected Sir, आयुष्मान कार्ड Napier Town अस्पताल में मान्य नहीं किया जा रहा, मरीज को इलाज से मना कर दिया। कृपया जल्द कार्रवाई करें।",Healthcare & Hospitals
GRV100269,"Sir/Madam, Electricity wire loose latak rahi hai Civil Lines mein, accident ka khatra hai, turant thik karwaye. Sadar naman.",Electricity
GRV101470,"Namaste sir, Chain snatching hui thi Indore mein, police ne case follow up nahi kiya. Thank you.",Police & Law and Order
GRV100690,"Kachra collection van Sector 7 area mein bilkul nahi aati, ghar ghar se kachra sadak par phenkna padta hai.",Sanitation & Garbage
GRV101399,"Sir/Madam, Eve teasing Gandhi Nagar area mein badh gayi hai, mahilaye ghar se nikalne mein dari rehti hain. Please take urgent action.",Police & Law and Order
GRV101323,"Namaste sir, Theft complaint diye 1 mahine ho gaye Wright Town mein, koi action nahi hua abhi tak. Sadar naman.",Police & Law and Order
GRV103011,"Dear officer, निवास प्रमाण पत्र Raipur कार्यालय से बनवाने में 2 hafte लग गए, अभी तक हाथ में नहीं मिला। Sadar naman.",Municipal Certificates
GRV101404,"Illegal encroachment aur jua Jaipur mohalle mein khule aam chal raha hai, police mook drashak bani hai. Kripya jald samadhan karein.",Police & Law and Order
GRV102818,"महोदय, Labour ka wages employer ne 500 rupaye kam diya Shastri Colony site par, PF bhi nahi kata. कृपया जल्द कार्रवाई करें।",Employment & Labour
GRV101976,"Respected Sir, सरकारी स्कूल Nagpur में छात्रवृत्ति 5000 रुपए अभी तक नहीं आई। Kripya jald samadhan karein.",Education & Schools
GRV102643,Bhopal office mein kaam karwane ke liye clerk 1500 rupaye ghoos maang raha hai. Kripya jald samadhan karein.,Corruption & Bribery
GRV102931,"आय प्रमाण पत्र Gwalior कार्यालय से 5 din में नहीं बना, बार बार चक्कर लगवाया जा रहा है। Thank you.",Municipal Certificates
GRV101509,Free treatment scheme card ban gaya lekin hospital Model Town mein accept nahi kar rahe. Please take urgent action.,Healthcare & Hospitals
GRV102462,"Bina ghoos diye Ward 12 sarkari office mein koi kaam nahi hota, staff khule aam paise maangta hai. Please take urgent action.",Corruption & Bribery
GRV100394,"Respected Sir, बिजली विभाग Varanasi में 1 hafta से शिकायत के बावजूद फॉल्ट ठीक नहीं कर रहा, पूरा मोहल्ला अंधेरे में है। Bahut pareshaan hain hum log.",Electricity
GRV102854,"MGNREGA ki mazdoori 1 hafta se nahi mili Sector 7 panchayat mein, ghar chalana mushkil ho gaya hai.",Employment & Labour
GRV100700,"महोदय, Sewage line Kanpur mein block ho gayi hai, ghar ke andar gandi nali ka kachra bhar raha hai. Sadar naman.",Sanitation & Garbage
GRV102711,"Respected Sir, Labour ka wages employer ne 1500 rupaye kam diya Lucknow site par, PF bhi nahi kata.",Employment & Labour
GRV101583,"Ambulance Wright Town bulane par 2 hafte ghante late aayi, emergency case tha. Thank you.",Healthcare & Hospitals
GRV101579,"सरकारी अस्पताल Napier Town में दवाइयां उपलब्ध नहीं हैं, बाहर से खरीदनी पड़ रही है।",Healthcare & Hospitals
GRV101797,सरकारी स्कूल Raipur में छात्रवृत्ति 1000 रुपए अभी तक नहीं आई। Sadar naman.,Education & Schools
GRV100038,"Respected Sir, Water quality test chahiye Bhopal area mein, paani ka rang peela aa raha hai 3 din se. Sadar naman.",Water Supply
GRV101467,"मोहल्ले में Wright Town में असामाजिक तत्वों का आतंक है, रात को शराब पीकर हंगामा करते हैं। Please take urgent action.",Police & Law and Order
GRV101042,"अतिक्रमण Adhartal में मेरी जमीन पर हुआ है, पटवारी और तहसीलदार को two weeks पहले शिकायत दी थी। Kripya jald samadhan karein.",Land Records & Revenue
GRV102897,Construction site Gwalior par bina helmet aur safety belt ke kaam karwaya ja raha hai mazdooro se. Sadar naman.,Employment & Labour
GRV100192,"Respected Sir, There has been no water supply in Bhopal for the last 3 din. Please resolve urgently. Sadar naman.",Water Supply
GRV102940,"Domicile certificate Ranchi mein 5 din se atka hua hai, job application ki deadline nikal rahi hai. Sadar naman.",Municipal Certificates
GRV100262,"Sir/Madam, बिजली विभाग Bhopal में 15 din से शिकायत के बावजूद फॉल्ट ठीक नहीं कर रहा, पूरा मोहल्ला अंधेरे में है। Kripya jald samadhan karein.",Electricity
GRV101758,"Namaste sir, निजी स्कूल Raipur में फीस मनमानी बढ़ाई जा रही है, शिक्षा विभाग कार्रवाई नहीं कर रहा। Bahut pareshaan hain hum log.",Education & Schools
GRV102249,KYC update na hone ki wajah se account block ho gaya Nagpur branch mein. Bahut pareshaan hain hum log.,Banking & Financial Services
GRV100772,"Sir/Madam, Kachra collection van Raipur area mein bilkul nahi aati, ghar ghar se kachra sadak par phenkna padta hai.",Sanitation & Garbage
GRV102667,Wright Town office mein kaam karwane ke liye clerk 1500 rupaye ghoos maang raha hai.,Corruption & Bribery
GRV102794,"Namaste sir, Overtime paisa 3000 rupaye Wright Town factory se 5 din se nhi mila, HR jawab nahi de raha. कृपया जल्द कार्रवाई करें।",Employment & Labour
GRV101550,"महोदय, Ambulance Sector 7 bulane par 2 hafte ghante late aayi, emergency case tha. Please take urgent action.",Healthcare & Hospitals
GRV101219,"मेरी जमीन का सीमांकन Patna में गलत हो गया है, पड़ोसी ने कब्जा कर लिया है। Sadar naman.",Land Records & Revenue
GRV101922,"छात्र का प्रमाण पत्र Bhopal स्कूल से a month से नहीं मिल रहा, दाखिले में दिक्कत हो रही है। Thank you.",Education & Schools
GRV100803,"Dear officer, पेंशनर सत्यापन Varanasi में हर साल परेशानी देता है, इस बार 5 din से पेंशन रुकी हुई है। Sadar naman.",Pension & Provident Fund
GRV101402,"महोदय, पुलिस थाना Civil Lines में तैनात कर्मचारी रिश्वत मांग रहा है काम करने के लिए। Sadar naman.",Police & Law and Order
GRV100717,"गंदगी की वजह से Nagpur में मक्खी मच्छर बहुत बढ़ गए हैं, महामारी फैलने का डर है।",Sanitation & Garbage
GRV100290,"Sir/Madam, बिजली विभाग Jabalpur में 20 din से शिकायत के बावजूद फॉल्ट ठीक नहीं कर रहा, पूरा मोहल्ला अंधेरे में है। Kripya jald samadhan karein.",Electricity
GRV101194,"भू-अभिलेख में गलती है, कृपया तहसीलदार Varanasi को निर्देश दें ठीक करने का। Sadar naman.",Land Records & Revenue
GRV100167,"Sir/Madam, Illegal water connection Sector 7 mein hone se hamari colony mein paani ka pressure kam ho gaya h. Bahut pareshaan hain hum log.",Water Supply
GRV101453,"Theft complaint diye two weeks ho gaye Lucknow mein, koi action nahi hua abhi tak. Kripya jald samadhan karein.",Police & Law and Order
GRV102231,"Dear officer, ATM Varanasi mein 20 din se kharab hai, paise nahi nikal pa raha koi. Sadar naman.",Banking & Financial Services
GRV101235,"महोदय, अतिक्रमण Patna में मेरी जमीन पर हुआ है, पटवारी और तहसीलदार को 15 din पहले शिकायत दी थी। Bahut pareshaan hain hum log.",Land Records & Revenue
GRV100517,"महोदय, सड़क Ward 12 में बहुत खराब हालत में है, बारिश में कीचड़ हो जाता है, मरम्मत करवाएं। Kripya jald samadhan karein.",Roads & Infrastructure
GRV100582,"Dear officer, पुल Jaipur में टूटा हुआ है, बच्चे स्कूल जाने में डरते हैं, कृपया जल्दी बनवाएं।",Roads & Infrastructure
GRV102633,सरकारी दफ्तर Ward 12 में बिना रिश्वत दिए कोई फाइल आगे नहीं बढ़ती। Otherwise we will protest.,Corruption & Bribery
GRV102353,"Namaste sir, Fraud transaction 1500 rupaye ka Raipur branch account se hua hai, turant jaanch karwaye. Sadar naman.",Banking & Financial Services
GRV100194,"महोदय, Municipal water connection Gandhi Nagar mein kaat diya gaya bina notice diye, paani ke bina pareshani ho rahi hai. Otherwise we will protest.",Water Supply
GRV101628,जननी सुरक्षा योजना का पैसा Jabalpur अस्पताल से 1 mahine में नहीं मिला डिलीवरी के बाद। Kripya jald samadhan karein.,Healthcare & Hospitals
GRV101899,"स्कूल Varanasi में शौचालय की स्थिति बहुत खराब है, बच्चियां स्कूल आने से कतरा रही हैं। Kripya jald samadhan karein.",Education & Schools
GRV100686,"कचरा गाड़ी Raipur में नहीं आती है 2 hafte से, गली में गंदगी फैली है।",Sanitation & Garbage
GRV101326,"गुमशुदगी की रिपोर्ट Shastri Colony थाने में 3 days पहले दी थी, अभी तक कोई तलाश शुरू नहीं हुई।",Police & Law and Order
GRV103086,"Dear officer, Character certificate Patna police station se 15 din se pending hai, job joining rukh gayi hai.",Municipal Certificates
GRV101549,"Sir/Madam, Free treatment scheme card ban gaya lekin hospital Raipur mein accept nahi kar rahe. Otherwise we will protest.",Healthcare & Hospitals
GRV101225,"Namaste sir, Land record mein Vikas Tiwari ka naam galat likha hai, correction chahiye two weeks se request kar raha hoon. Otherwise we will protest.",Land Records & Revenue
GRV100693,"महोदय, Public toilet Bhopal ke paas bahut ganda hai, safai nahi hoti kai dino se. कृपया जल्द कार्रवाई करें।",Sanitation & Garbage
GRV100838,"Respected Sir, पेंशन फॉर्म में गलत बैंक खाता नंबर दर्ज हो गया है, कृपया सुधार करें। Kripya jald samadhan karein.",Pension & Provident Fund
GRV100794,"Sir/Madam, Widow pension application Bhopal office mein submit kiya tha, 1 mahine se koi update nahi. Thank you.",Pension & Provident Fund
GRV100580,"Respected Sir, Road construction work Raipur mein adhura pada hai 15 din se, traffic jam ho raha hai. Sadar naman.",Roads & Infrastructure
GRV102892,"महोदय, श्रम कार्यालय Varanasi में मजदूर के हक की शिकायत 10 din से लंबित है, कोई सुनवाई नहीं हुई।",Employment & Labour
GRV100746,"Namaste sir, Kachra Bhopal colony ke khali plot mein daala ja raha hai, badbu aur bimari ka khatra hai. Bahut pareshaan hain hum log.",Sanitation & Garbage
GRV100326,"महोदय, Electricity wire loose latak rahi hai Model Town mein, accident ka khatra hai, turant thik karwaye. कृपया जल्द कार्रवाई करें।",Electricity
GRV102026,"महोदय, गरीब परिवारों को Wright Town राशन दुकान से चीनी और तेल कई महीनों से नहीं मिल रहा। Otherwise we will protest.",Ration & Public Distribution System
GRV101071,"Namaste sir, अतिक्रमण Model Town में मेरी जमीन पर हुआ है, पटवारी और तहसीलदार को 1 mahine पहले शिकायत दी थी। Thank you.",Land Records & Revenue
GRV101682,"Respected Sir, Primary health center Model Town mein staff hi nahi hai 15 din se, gaon walo ko door jana padta hai ilaj ke liye. Bahut pareshaan hain hum log.",Healthcare & Hospitals
GRV103007,"Character certificate Indore police station se 10 din se pending hai, job joining rukh gayi hai. Sadar naman.",Municipal Certificates
GRV102527,"Respected Sir, निर्माण अनुमति Jabalpur नगर निगम से 2000 रुपए रिश्वत दिए बिना नहीं मिल रही। Kripya jald samadhan karein.",Corruption & Bribery
GRV100508,"पुल Napier Town में टूटा हुआ है, बच्चे स्कूल जाने में डरते हैं, कृपया जल्दी बनवाएं।",Roads & Infrastructure
GRV101929,"Dear officer, School building Kotwali area mein chhat tapakti hai barish mein, khatarnak sthiti hai. Thank you.",Education & Schools
GRV100354,"महोदय, नया बिजली कनेक्शन Ward 12 में 20 din से पेंडिंग है, आवेदन के बावजूद बिजली विभाग जवाब नहीं दे रहा। Thank you.",Electricity
GRV101930,"Namaste sir, School building Madan Mahal mein chhat tapakti hai barish mein, khatarnak sthiti hai. Kripya jald samadhan karein.",Education & Schools
GRV102159,"Namaste sir, New ration card ke liye one week se apply kiya hai Kanpur office mein, abhi tak nahi bana. Bahut pareshaan hain hum log.",Ration & Public Distribution System
GRV100173,"Paani ki tanker mangwane ke liye Jaipur nagar nigam ko 15 din pehle likha tha, koi tanker nahi bheja gaya. Kripya jald samadhan karein.",Water Supply
GRV100704,"Namaste sir, Sewage line Civil Lines mein block ho gayi hai, ghar ke andar gandi nali ka kachra bhar raha hai. Bahut pareshaan hain hum log.",Sanitation & Garbage
GRV102145,"Ration card Gwalior mein digitally seeded nahi hai, isliye anaj milna band ho gaya hai. Sadar naman.",Ration & Public Distribution System
GRV100923,"Sir/Madam, पेंशन फॉर्म में गलत बैंक खाता नंबर दर्ज हो गया है, कृपया सुधार करें। Thank you.",Pension & Provident Fund
GRV100127,"Namaste sir, Paani ki tanker mangwane ke liye Ranchi nagar nigam ko one week pehle likha tha, koi tanker nahi bheja gaya. Please take urgent action.",Water Supply
GRV102720,Construction site Madan Mahal par bina helmet aur safety belt ke kaam karwaya ja raha h mazdooro se.,Employment & Labour
GRV101027,"अतिक्रमण Napier Town में मेरी जमीन पर हुआ है, पटवारी और तहसीलदार को 15 din पहले शिकायत दी थी। कृपया जल्द कार्रवाई करें।",Land Records & Revenue
GRV102864,"Namaste sir, बेरोजगारी भत्ता Napier Town employment office se 1 hafta से नहीं मिला आवेदन के बावजूद। Bahut pareshaan hain hum log.",Employment & Labour
GRV102228,"Respected Sir, Fraud transaction 500 rupaye ka Kanpur branch account se hua hai, turant jaanch karwaye. Otherwise we will protest.",Banking & Financial Services
GRV102169,"Sir/Madam, राशन कार्ड में परिवार के सदस्य का नाम जुड़वाना है, Civil Lines कार्यालय में आवेदन दिया a month पहले। Kripya jald samadhan karein.",Ration & Public Distribution System
GRV100386,"High voltage ki wajah se Model Town mein kai gharo ke appliance jal gaye, compensation chahiye. कृपया जल्द कार्रवाई करें।",Electricity
GRV101335,"Sir/Madam, मोहल्ले में Madan Mahal में असामाजिक तत्वों का आतंक है, रात को शराब पीकर हंगामा करते हैं। Otherwise we will protest.",Police & Law and Order
GRV102494,"Sir/Madam, Bina ghoos diye Gwalior sarkari office mein koi kaam nahi hota, staff khule aam paise maangta hai.",Corruption & Bribery
GRV100922,"PF withdrawal request one week se pending hai, office se koi response nahi mil raha. Bahut pareshaan hain hum log.",Pension & Provident Fund
GRV102187,"Respected Sir, Ration card Shastri Colony mein digitally seeded nahi hai, isliye anaj milna band ho gaya hai. Otherwise we will protest.",Ration & Public Distribution System
GRV101764,"Dear officer, School building Wright Town mein chhat tapakti hai barish mein, khatarnak sthiti hai. Sadar naman.",Education & Schools
GRV101189,"Zameen ka daakhil kharij Madan Mahal tehsil mein 5 din se atka hua hai, koi karyawahi nahi ho rahi. Thank you.",Land Records & Revenue
GRV102565,"Sir/Madam, सरकारी दफ्तर Sector 7 में बिना रिश्वत दिए कोई फाइल आगे नहीं बढ़ती। Otherwise we will protest.",Corruption & Bribery
GRV102499,"Sir/Madam, निर्माण अनुमति Jaipur नगर निगम से 2000 रुपए रिश्वत दिए बिना नहीं मिल रही। Please take urgent action.",Corruption & Bribery
GRV101039,"Dear officer, Land record mein Deepak Chouhan ka naam galat likha hai, correction chahiye a month se request kar raha hoon. Otherwise we will protest.",Land Records & Revenue
GRV101217,"Dear officer, Zameen ka naamantaran Shastri Colony tehsil mein 5 din se pending hai. Otherwise we will protest.",Land Records & Revenue
GRV101713,"Namaste sir, अस्पताल Adhartal में सफाई की बहुत खराब स्थिति है, संक्रमण फैलने का डर है। Please take urgent action.",Healthcare & Hospitals
GRV101876,"Dear officer, School building Jabalpur mein chhat tapakti hai barish mein, khatarnak sthiti hai. कृपया जल्द कार्रवाई करें।",Education & Schools
GRV101792,"Respected Sir, स्कूल Shastri Colony में शौचालय की स्थिति बहुत खराब है, बच्चियां स्कूल आने से कतरा रही हैं। Otherwise we will protest.",Education & Schools
GRV100158,"Dear officer, Illegal water connection Ward 12 mein hone se hamari colony mein paani ka pressure kam ho gaya hai.",Water Supply
GRV100588,"Respected Sir, Sewage line Varanasi mein block ho gayi hai, ghar ke andar gandi nali ka kachra bhar raha hai. Otherwise we will protest.",Sanitation & Garbage
GRV102265,बैंक Model Town में सरकारी योजना का पैसा 1000 रुपए अभी तक जमा नहीं हुआ। Please take urgent action.,Banking & Financial Services
GRV100117,"महोदय, पिछले 10 din से हमारे इलाके Ward 12 में पानी की सप्लाई बंद है, कृपया जल्दी ठीक करवाएं। Please take urgent action.",Water Supply
GRV100078,"टंकी का पानी Nagpur में सीवर के पानी से मिल गया है, तुरंत जांच करवाएं। Sadar naman.",Water Supply
GRV101716,"महोदय, अस्पताल Kotwali area में सफाई की बहुत खराब स्थिति है, संक्रमण फैलने का डर है। Thank you.",Healthcare & Hospitals
GRV100946,"Dear officer, PF withdrawal request one week se pending hai, office se koi response nahi mil raha. Please take urgent action.",Pension & Provident Fund
GRV103028,"Dear officer, निवास प्रमाण पत्र Shastri Colony कार्यालय से बनवाने में 5 din लग गए, अभी तक हाथ में नहीं मिला। Sadar naman.",Municipal Certificates
GRV102457,"महोदय, Officer Gwalior mein bina paise liye certificate nahi de raha, complaint chahiye. Bahut pareshaan hain hum log.",Corruption & Bribery
GRV102193,"मेरे खाते से 2000 रुपए गलत तरीके से कट गए Model Town शाखा से, वापस दिलवाएं। कृपया जल्द कार्रवाई करें।",Banking & Financial Services
GRV101738,"Dear officer, School building Napier Town mein chhat tapakti hai barish mein, khatarnak sthiti hai. Thank you.",Education & Schools
GRV100116,"Municipal water connection Wright Town mein kaat diya gaya bina notice diye, paani ke bina pareshani ho rahi hai.",Water Supply
GRV102583,"Sir/Madam, सरकारी टेंडर Bhopal में बिना कमीशन दिए पास नहीं होता, यह भ्रष्टाचार जांच योग्य है। Otherwise we will protest.",Corruption & Bribery
GRV101969,"Dear officer, Teacher transfer Nagpur school se 3 din pehle hua tha, replacement abhi tak nahi mila, class khali padi hai.",Education & Schools
GRV100621,"Namaste sir, सफाई विभाग Ward 12 में डोर टू डोर कचरा कलेक्शन बंद कर चुका है 10 din से। Otherwise we will protest.",Sanitation & Garbage
GRV101294,"Chain snatching hui thi Kanpur mein, police ne case follow up nhi kiya. Otherwise we will protest.",Police & Law and Order
GRV101535,"आयुष्मान कार्ड Wright Town अस्पताल में मान्य नहीं किया जा रहा, मरीज को इलाज से मना कर दिया।",Healthcare & Hospitals
GRV102493,"Namaste sir, Jabalpur office mein kaam karwane ke liye clerk 10000 rupaye ghoos maang raha hai. Bahut pareshaan hain hum log.",Corruption & Bribery
GRV100140,"Sir/Madam, जल आपूर्ति विभाग Ward 12 में शिकायत के बाद भी पानी की लाइन ठीक नहीं कर रहा। Kripya jald samadhan karein.",Water Supply
GRV100901,"सेवानिवृत्ति के बाद पेंशन खाता Raipur में अपडेट नहीं हुआ, 3 din से चक्कर काट रहे हैं। Please take urgent action.",Pension & Provident Fund
GRV100310,"Namaste sir, नया बिजली कनेक्शन Kanpur में 10 din से पेंडिंग है, आवेदन के बावजूद बिजली विभाग जवाब नहीं दे रहा। Sadar naman.",Electricity
GRV102943,"Namaste sir, Domicile certificate Wright Town mein 3 days se atka hua hai, job application ki deadline nikal rahi hai.",Municipal Certificates
GRV102611,"भ्रष्ट अधिकारी Gandhi Nagar में बिना घूस लिए फाइल आगे नहीं बढ़ाता, कई बार शिकायत कर चुके हैं। Kripya jald samadhan karein.",Corruption & Bribery
GRV102686,Construction site Ranchi par bina helmet aur safety belt ke kaam karwaya ja raha hai mazdooro se. Kripya jald samadhan karein.,Employment & Labour
GRV101280,"Sir/Madam, Chain snatching hui thi Bhopal mein, police ne case follow up nahi kiya. Sadar naman.",Police & Law and Order
GRV101845,"Namaste sir, स्कूल Adhartal में शौचालय की स्थिति बहुत खराब है, बच्चियां स्कूल आने से कतरा रही हैं। Sadar naman.",Education & Schools
GRV101591,"महोदय, अस्पताल Sector 7 में सफाई की बहुत खराब स्थिति है, संक्रमण फैलने का डर है। Thank you.",Healthcare & Hospitals
GRV101769,"Sarkari school Adhartal mein 1 mahine se teacher nhi aa raha hai, padhai band hai. Kripya jald samadhan karein.",Education & Schools
GRV102855,"महोदय, Construction site Jaipur par bina helmet aur safety belt ke kaam karwaya ja raha hai mazdooro se. कृपया जल्द कार्रवाई करें।",Employment & Labour
GRV100920,"Respected Sir, Widow pension application Gandhi Nagar office mein submit kiya tha, one week se koi update nahi. Kripya jald samadhan karein.",Pension & Provident Fund
GRV102511,"महोदय, Government scheme ka labh Ashok Gupta ko Nagpur mein tabhi mila jab 10000 rupaye commission diya. Otherwise we will protest.",Corruption & Bribery
GRV102707,"मनरेगा जॉब कार्ड Bhopal में 5 din से नहीं बना, काम भी नहीं मिल रहा। Kripya jald samadhan karein.",Employment & Labour
GRV101843,"School building Lucknow mein chhat tapakti hai barish mein, khatarnak sthiti hai.",Education & Schools
GRV101012,"Widow pension application Gandhi Nagar office mein submit kiya tha, 5 din se koi update nahi.",Pension & Provident Fund
GRV101934,"Sir/Madam, स्कूल Model Town में शौचालय की स्थिति बहुत खराब है, बच्चियां स्कूल आने से कतरा रही हैं। Thank you.",Education & Schools
GRV100363,"बिजली का बिल 500 रुपए गलत आया है Bhopal पते पर, इसे ठीक करवाएं। Please take urgent action.",Electricity
GRV101889,"Sir/Madam, Sarkari school Madan Mahal mein 3 days se teacher nahi aa raha hai, padhai band hai. Bahut pareshaan hain hum log.",Education & Schools
GRV101343,"Eve teasing Patna area mein badh gayi hai, mahilaye ghar se nikalne mein dari rehti hain. कृपया जल्द कार्रवाई करें।",Police & Law and Order
GRV100314,"नया बिजली कनेक्शन Nagpur में 5 din से पेंडिंग है, आवेदन के बावजूद बिजली विभाग जवाब नहीं दे रहा। Bahut pareshaan hain hum log.",Electricity
GRV101234,"अतिक्रमण Indore में मेरी जमीन पर हुआ है, पटवारी और तहसीलदार को two weeks पहले शिकायत दी थी। कृपया जल्द कार्रवाई करें।",Land Records & Revenue
GRV100356,"बिजली का खंभा टूट कर सड़क पर गिरा है Sector 7 में, दुर्घटना हो सकती है, कृपया जल्दी हटवाएं। Otherwise we will protest.",Electricity
GRV100405,"Sir/Madam, सड़क किनारे रेलिंग टूटी हुई है Bhopal में, वाहन गिरने का खतरा बना हुआ है।",Roads & Infrastructure
GRV100525,"महोदय, सड़क निर्माण Civil Lines में घटिया सामग्री से हो रहा है, 2 hafte में ही टूटने लगी।",Roads & Infrastructure
GRV100300,"Namaste sir, Electricity wire loose latak rahi hai Lucknow mein, accident ka khatra hai, turant thik karwaye. Please take urgent action.",Electricity
GRV102673,"Dear officer, श्रमिक कार्ड Adhartal में 3 days से renewal ke liye pending hai, yojnaon ka labh nhi mil raha. Thank you.",Employment & Labour
GRV102204,"Bank Indore branch mein loan application two weeks se pending hai, koi jawab nhi mil raha. Please take urgent action.",Banking & Financial Services
GRV102773,"श्रमिक कार्ड Civil Lines में 2 hafte से renewal ke liye pending hai, yojnaon ka labh nahi mil raha. Otherwise we will protest.",Employment & Labour
GRV101322,पुलिस थाना Gwalior में तैनात कर्मचारी रिश्वत मांग रहा है काम करने के लिए। Otherwise we will protest.,Police & Law and Order
GRV100720,"Sir/Madam, Sewage line Kotwali area mein block ho gayi h, ghar ke andar gandi nali ka kachra bhar raha hai. Kripya jald samadhan karein.",Sanitation & Garbage
GRV100716,"Dear officer, Garbage dump Wright Town mohalle ke beech mein bana diya gaya hai, badbu aur bimari phail rahi hai.",Sanitation & Garbage
GRV102849,"MGNREGA ki mazdoori 20 din se nahi mili Napier Town panchayat mein, ghar chalana mushkil ho gaya hai. Please take urgent action.",Employment & Labour
GRV101045,"Sir/Madam, अतिक्रमण Gwalior में मेरी जमीन पर हुआ है, पटवारी और तहसीलदार को 1 hafta पहले शिकायत दी थी। Bahut pareshaan hn hum log.",Land Records & Revenue
GRV101563,"Sir/Madam, जननी सुरक्षा योजना का पैसा Ward 12 अस्पताल से 1 hafta में नहीं मिला डिलीवरी के बाद। Kripya jald samadhan karein.",Healthcare & Hospitals
GRV102889,"Overtime paisa 500 rupaye Patna factory se 3 din se nahi mila, HR jawab nahi de raha.",Employment & Labour
GRV103026,"महोदय, Character certificate Shastri Colony police station se 5 din se pending hai, job joining rukh gayi hai. Otherwise we will protest.",Municipal Certificates
GRV101046,"Land record mein Ashok Gupta ka naam galat likha hai, correction chahiye 5 din se request kar raha hoon. Sadar naman.",Land Records & Revenue
GRV102616,"Sir/Madam, Officer Sector 7 mein bina paise liye certificate nahi de raha, complain chahiye. Kripya jald samadhan karein.",Corruption & Bribery
GRV100345,"बिजली का खंभा टूट कर सड़क पर गिरा है Ranchi में, दुर्घटना हो सकती है, कृपया जल्दी हटवाएं। Kripya jald samadhan karein.",Electricity
GRV100683,"महोदय, Public toilet Sector 7 ke paas bahut ganda h, safai nahi hoti kai dino se. Kripya jald samadhan karein.",Sanitation & Garbage
GRV101714,"Namaste sir, Free treatment scheme card ban gaya lekin hospital Raipur mein accept nhi kar rahe. Bahut pareshaan hain hum log.",Healthcare & Hospitals
GRV102606,"Sir/Madam, सरकारी दफ्तर Lucknow में बिना रिश्वत दिए कोई फाइल आगे नहीं बढ़ती। Thank you.",Corruption & Bribery
GRV100636,"Respected Sir, Kachra collection van Wright Town area mein bilkul nahi aati, ghar ghar se kachra sadak par phenkna padta hai. Please take urgent action.",Sanitation & Garbage
GRV101970,"Sarkari school Wright Town mein 15 din se teacher nahi aa raha hai, padhai band hai. Bahut pareshaan hain hum log.",Education & Schools
GRV102027,"Respected Sir, Anaj ki quality Jabalpur ration dukan mein bahut kharab hai, keede lage hue chawal mil rahe hain.",Ration & Public Distribution System
GRV101074,Zameen ka naamantaran Sector 7 tehsil mein one week se pending hai.,Land Records & Revenue
GRV101571,"Dear officer, Primary health center Ranchi mein staff hi nhi hai 3 days se, gaon walo ko door jana padta hai ilaj ke liye.",Healthcare & Hospitals
GRV101207,"Land record mein Suman Devi ka naam galat likha hai, correction chahiye 10 din se request kar raha hoon.",Land Records & Revenue
GRV102403,"Bank Patna branch mein loan application two weeks se pending hai, koi jawab nahi mil raha. कृपया जल्द कार्रवाई करें।",Banking & Financial Services
GRV101966,"निजी स्कूल Jabalpur में फीस मनमानी बढ़ाई जा रही है, शिक्षा विभाग कार्रवाई नहीं कर रहा। Bahut pareshaan hain hum log.",Education & Schools
GRV100217,"Sir/Madam, जल आपूर्ति विभाग Raipur में शिकायत के बाद भी पानी की लाइन ठीक नहीं कर रहा। Sadar naman.",Water Supply
GRV100895,"Namaste sir, मेरी पीएफ की राशि 500 रुपए अभी तक ट्रांसफर नहीं हुई, one week हो गए आवेदन दिए। Sadar naman.",Pension & Provident Fund
GRV102692,"महोदय, Construction site Civil Lines par bina helmet aur safety belt ke kaam karwaya ja raha hai mazdooro se. Kripya jald samadhan karein.",Employment & Labour
GRV101720,"Respected Sir, सरकारी अस्पताल Model Town में दवाइयां उपलब्ध नहीं हैं, बाहर से खरीदनी पड़ रही है। Bahut pareshaan hain hum log.",Healthcare & Hospitals
GRV101413,"Namaste sir, Theft complain diye 1 hafta ho gaye Bhopal mein, koi action nahi hua abhi tak. Kripya jald samadhan karein.",Police & Law and Order
GRV102877,"महोदय, Construction site Adhartal par bina helmet aur safety belt ke kaam karwaya ja raha hai mazdooro se. कृपया जल्द कार्रवाई करें।",Employment & Labour
GRV101887,"Namaste sir, Teacher transfer Ranchi school se 10 din pehle hua tha, replacement abhi tak nhi mila, class khali padi hai. कृपया जल्द कार्रवाई करें।",Education & Schools
GRV100352,"High voltage ki wajah se Gwalior mein kai gharo ke appliance jal gaye, compensation chahiye. कृपया जल्द कार्रवाई करें।",Electricity
GRV101681,"Ambulance Kotwali area bulane par 1 mahine ghante late aayi, emergency case tha. Please take urgent action.",Healthcare & Hospitals
GRV100043,"Dear officer, Paani ki tanker mangwane ke liye Civil Lines nagar nigam ko 15 din pehle likha tha, koi tanker nahi bheja gaya.",Water Supply
GRV100830,"Sir/Madam, PF withdrawal request a month se pending hai, office se koi response nahi mil raha. कृपया जल्द कार्रवाई करें।",Pension & Provident Fund
GRV101602,"आयुष्मान कार्ड Sector 7 अस्पताल में मान्य नहीं किया जा रहा, मरीज को इलाज से मना कर दिया। Thank you.",Healthcare & Hospitals
GRV101507,"मोहल्ले में Shastri Colony में असामाजिक तत्वों का आतंक है, रात को शराब पीकर हंगामा करते हैं। Sadar naman.",Police & Law and Order
GRV100856,"Namaste sir, PF withdrawal request 2 hafte se pending h, office se koi response nahi mil raha. Please take urgent action.",Pension & Provident Fund
GRV101312,"Dear officer, मोहल्ले में Wright Town में असामाजिक तत्वों का आतंक है, रात को शराब पीकर हंगामा करते हैं। Otherwise we will protest.",Police & Law and Order
GRV102340,"Namaste sir, ATM Madan Mahal mein 1 hafta se kharab hai, paise nahi nikal pa raha koi. Bahut pareshaan hain hum log.",Banking & Financial Services
GRV100829,"सेवानिवृत्ति के बाद पेंशन खाता Adhartal में अपडेट नहीं हुआ, one week से चक्कर काट रहे हैं।",Pension & Provident Fund
GRV101175,"Dear officer, मेरी जमीन का सीमांकन Madan Mahal में गलत हो गया है, पड़ोसी ने कब्जा कर लिया है। कृपया जल्द कार्रवाई करें।",Land Records & Revenue
GRV100880,"पेंशन फॉर्म में गलत बैंक खाता नंबर दर्ज हो गया है, कृपया सुधार करें। Bahut pareshaan hain hum log.",Pension & Provident Fund
GRV102247,बैंक Gandhi Nagar में सरकारी योजना का पैसा 2000 रुपए अभी तक जमा नहीं हुआ। Kripya jald samadhan karein.,Banking & Financial Services
GRV102230,"Sir/Madam, बैंक Civil Lines में सरकारी योजना का पैसा 10000 रुपए अभी तक जमा नहीं हुआ। Bahut pareshaan hain hum log.",Banking & Financial Services
GRV100160,There has been no water supply in Kotwali area for the last 10 din. Please resolve urgently.,Water Supply
GRV102012,"PDS shop Ward 12 mein gehu aur chawal is mahine bilkul nahi mila, dealer bahana bana raha hai. Otherwise we will protest.",Ration & Public Distribution System
GRV102862,"EPFO complaint diya tha a month pehle, response nahi aaya Patna regional office se. Kripya jald samadhan karein.",Employment & Labour
GRV100894,"Dear officer, सेवानिवृत्ति के बाद पेंशन खाता Varanasi में अपडेट नहीं हुआ, 1 hafta से चक्कर काट रहे हैं। Otherwise we will protest.",Pension & Provident Fund
GRV102880,Construction site Kanpur par bina helmet aur safety belt ke kaam karwaya ja raha hai mazdooro se. Sadar naman.,Employment & Labour
GRV101881,"महोदय, सरकारी स्कूल Ranchi में छात्रवृत्ति 1000 रुपए अभी तक नहीं आई। Thank you.",Education & Schools
GRV102059,"Anaj ki quality Indore ration dukan mein bahut kharab hai, keede lage hue chawal mil rahe hain.",Ration & Public Distribution System
GRV102654,"Dear officer, Bina ghoos diye Napier Town sarkari office mein koi kaam nahi hota, staff khule aam paise maangta hai.",Corruption & Bribery
GRV101369,"Namaste sir, Illegal encroachment aur jua Sector 7 mohalle mein khule aam chal raha hai, police mook drashak bani hai.",Police & Law and Order
GRV101145,Zameen ka naamantaran Kotwali area tehsil mein 3 days se pending hai. Sadar naman.,Land Records & Revenue
GRV101025,"भू-अभिलेख में गलती है, कृपया तहसीलदार Indore को निर्देश दें ठीक करने का।",Land Records & Revenue
GRV102325,"Respected Sir, बैंक Indore में सरकारी योजना का पैसा 10000 रुपए अभी तक जमा नहीं हुआ।",Banking & Financial Services
GRV102738,"Dear officer, श्रम कार्यालय Wright Town में मजदूर के हक की शिकायत two weeks से लंबित है, कोई सुनवाई नहीं हुई। Bahut pareshaan hn hum log.",Employment & Labour
GRV101091,"Dear officer, भू-अभिलेख में गलती है, कृपया तहसीलदार Wright Town को निर्देश दें ठीक करने का। Kripya jald samadhan karein.",Land Records & Revenue
GRV103032,"Dear officer, OBC certificate Indore tehsil se renew karwana tha, 3 din se application stuck hai portal par.",Municipal Certificates
GRV100265,"Respected Sir, Transformer blast ho gaya Sector 7 mein, area mein bijli nahi hai 3 days se, jaldi replace karwaye. Bahut pareshaan hain hum log.",Electricity
GRV101914,"Teacher transfer Ranchi school se 1 hafta pehle hua tha, replacement abhi tak nahi mila, class khali padi hai. Bahut pareshaan hain hum log.",Education & Schools
GRV102925,"MGNREGA ki mazdoori two weeks se nahi mili Nagpur panchayat mein, ghar chalana mushkil ho gaya hai. Thank you.",Employment & Labour
GRV102833,"महोदय, बेरोजगारी भत्ता Kanpur employment office se 3 days से नहीं मिला आवेदन के बावजूद। Otherwise we will protest.",Employment & Labour
GRV102675,"Respected Sir, Overtime paisa 10000 rupaye Madan Mahal factory se 1 mahine se nahi mila, HR jawab nahi de raha. Kripya jald samadhan karein.",Employment & Labour
GRV100246,"महोदय, High voltage ki wajah se Gandhi Nagar mein kai gharo ke appliance jal gaye, compensation chahiye. कृपया जल्द कार्रवाई करें।",Electricity
GRV101955,"स्कूल Jabalpur में शौचालय की स्थिति बहुत खराब है, बच्चियां स्कूल आने से कतरा रही हैं। Bahut pareshaan hn hum log.",Education & Schools
GRV102116,"Namaste sir, Ration card Civil Lines dukan par is mahine anaj nahi mila, dealer mana kar raha hai. Thank you.",Ration & Public Distribution System
GRV100524,"Sir/Madam, सड़क निर्माण Civil Lines में घटिया सामग्री से हो रहा है, two weeks में ही टूटने लगी। कृपया जल्द कार्रवाई करें।",Roads & Infrastructure
GRV102415,"Sir/Madam, KYC update na hone ki wajah se account block ho gaya Gandhi Nagar branch mein.",Banking & Financial Services
GRV102370,"Dear officer, मेरे खाते से 5000 रुपए गलत तरीके से कट गए Raipur शाखा से, वापस दिलवाएं।",Banking & Financial Services
GRV101707,"Dear officer, जननी सुरक्षा योजना का पैसा Sector 7 अस्पताल से two weeks में नहीं मिला डिलीवरी के बाद। Kripya jald samadhan karein.",Healthcare & Hospitals
GRV103066,"Dear officer, विवाह प्रमाण पत्र Model Town नगर निगम से one week में नहीं मिला, दस्तावेज बार बार मांगे जा रहे हैं।",Municipal Certificates
GRV100016,"Namaste sir, Municipal water connection Jabalpur mein kaat diya gaya bina notice diye, paani ke bina pareshani ho rahi hai. Otherwise we will protest.",Water Supply
GRV100113,"पीने के पानी की सप्लाई Wright Town में हफ्ते में सिर्फ एक बार आती है, बहुत परेशानी है।",Water Supply
GRV101228,"Sir/Madam, अतिक्रमण Jaipur में मेरी जमीन पर हुआ है, पटवारी और तहसीलदार को 3 days पहले शिकायत दी थी। कृपया जल्द कार्रवाई करें।",Land Records & Revenue
GRV100810,"Respected Sir, पेंशन फॉर्म में गलत बैंक खाता नंबर दर्ज हो गया है, कृपया सुधार करें। Please take urgent action.",Pension & Provident Fund
GRV100452,"Dear officer, पुलिया Wright Town में बारिश में डूब जाती है हर साल, स्थायी समाधान चाहिए। Bahut pareshaan hain hum log.",Roads & Infrastructure
GRV100094,"Dear officer, हैंडपंप Kanpur में खराब पड़ा है 20 din से, गांव में पानी की भारी किल्लत है। Thank you.",Water Supply
GRV100632,"Namaste sir, गंदगी की वजह से Bhopal में मक्खी मच्छर बहुत बढ़ गए हैं, महामारी फैलने का डर है।",Sanitation & Garbage
GRV102690,"मनरेगा जॉब कार्ड Ranchi में one week से नहीं बना, काम भी नहीं मिल रहा। Please take urgent action.",Employment & Labour
GRV101080,"Namaste sir, मेरी जमीन का सीमांकन Adhartal में गलत हो गया है, पड़ोसी ने कब्जा कर लिया है। Please take urgent action.",Land Records & Revenue
GRV102317,"Respected Sir, Bank Wright Town branch mein loan application 20 din se pending hai, koi jawab nahi mil raha.",Banking & Financial Services
GRV101215,"महोदय, Zameen ka daakhil kharij Ward 12 tehsil mein a month se atka hua h, koi karyawahi nahi ho rahi.",Land Records & Revenue
GRV102835,"Namaste sir, मनरेगा जॉब कार्ड Shastri Colony में 5 din से नहीं बना, काम भी नहीं मिल रहा।",Employment & Labour
GRV101942,"महोदय, स्कूल Wright Town में शौचालय की स्थिति बहुत खराब है, बच्चियां स्कूल आने से कतरा रही हैं।",Education & Schools
GRV100581,"Respected Sir, सड़क किनारे रेलिंग टूटी हुई है Ward 12 में, वाहन गिरने का खतरा बना हुआ है। Sadar naman.",Roads & Infrastructure
GRV100228,"महोदय, नया बिजली कनेक्शन Kotwali area में one week से पेंडिंग है, आवेदन के बावजूद बिजली विभाग जवाब नहीं दे रहा। कृपया जल्द कार्रवाई करें।",Electricity
GRV101662,"Ambulance Wright Town bulane par 20 din ghante late aayi, emergency case tha. Kripya jald samadhan karein.",Healthcare & Hospitals
GRV100707,"महोदय, Street sweeping Lucknow area mein band ho gayi hai 2 hafte se, dust aur kachra jama ho gaya hai. Please take urgent action.",Sanitation & Garbage
GRV100234,"Sir/Madam, बिजली विभाग Gwalior में a month से शिकायत के बावजूद फॉल्ट ठीक नहीं कर रहा, पूरा मोहल्ला अंधेरे में है।",Electricity
GRV102401,"मेरे खाते से 3000 रुपए गलत तरीके से कट गए Wright Town शाखा से, वापस दिलवाएं।",Banking & Financial Services
GRV100442,"Respected Sir, Road construction work Ward 12 mein adhura pada hai two weeks se, traffic jam ho raha hai. Thank you.",Roads & Infrastructure
GRV102084,"गरीबी रेखा राशन कार्ड Madan Mahal में गलत तरीके से रद्द कर दिया गया, फिर से चालू करवाएं।",Ration & Public Distribution System
GRV100849,"Namaste sir, Widow pension application Varanasi office mein submit kiya tha, 1 mahine se koi update nahi. Otherwise we will protest.",Pension & Provident Fund
GRV100906,"Respected Sir, EPF transfer Adhartal regional office se 3 days se atka hai, naya employer wait kar raha hai. Otherwise we will protest.",Pension & Provident Fund
GRV101950,"Sir/Madam, निजी स्कूल Ranchi में फीस मनमानी बढ़ाई जा रही है, शिक्षा विभाग कार्रवाई नहीं कर रहा। Bahut pareshaan hn hum log.",Education & Schools
GRV102674,"Namaste sir, Labour ka wages employer ne 3000 rupaye kam diya Gwalior site par, PF bhi nahi kata. Thank you.",Employment & Labour
GRV101992,"Namaste sir, गरीबी रेखा राशन कार्ड Jaipur में गलत तरीके से रद्द कर दिया गया, फिर से चालू करवाएं। Sadar naman.",Ration & Public Distribution System
GRV102706,"MGNREGA ki mazdoori 3 din se nahi mili Jabalpur panchayat mein, ghar chalana mushkil ho gaya hai. Bahut pareshaan hain hum log.",Employment & Labour
GRV102382,"मेरे खाते से 1500 रुपए गलत तरीके से कट गए Lucknow शाखा से, वापस दिलवाएं। Sadar naman.",Banking & Financial Services
GRV100558,"सड़क Patna में बहुत खराब हालत में है, बारिश में कीचड़ हो जाता है, मरम्मत करवाएं। Sadar naman.",Roads & Infrastructure
GRV100168,"Sir/Madam, टंकी का पानी Kotwali area में सीवर के पानी से मिल गया है, तुरंत जांच करवाएं। Bahut pareshaan hn hum log.",Water Supply
GRV101381,"Sir/Madam, Theft complaint diye 1 hafta ho gaye Sector 7 mein, koi action nahi hua abhi tak.",Police & Law and Order
GRV102652,"भ्रष्ट अधिकारी Varanasi में बिना घूस लिए फाइल आगे नहीं बढ़ाता, कई बार शिकायत कर चुके हैं। Kripya jald samadhan karein.",Corruption & Bribery
GRV101266,"Namaste sir, मेरी जमीन का सीमांकन Shastri Colony में गलत हो गया है, पड़ोसी ने कब्जा कर लिया है। Please take urgent action.",Land Records & Revenue
GRV102096,"Namaste sir, राशन कार्ड धारकों को Shastri Colony में तय मात्रा से कम अनाज दिया जा रहा है हर महीने। Bahut pareshaan hain hum log.",Ration & Public Distribution System
GRV102062,"Sir/Madam, Ration card Varanasi mein digitally seeded nahi hai, isliye anaj milna band ho gaya hai. Otherwise we will protest.",Ration & Public Distribution System
GRV100319,"Dear officer, बिजली का खंभा टूट कर सड़क पर गिरा है Lucknow में, दुर्घटना हो सकती है, कृपया जल्दी हटवाएं। Sadar naman.",Electricity
GRV101731,"Dear officer, सरकारी अस्पताल Shastri Colony में दवाइयां उपलब्ध नहीं हैं, बाहर से खरीदनी पड़ रही है। Please take urgent action.",Healthcare & Hospitals
GRV100174,"Namaste sir, जल संकट Raipur क्षेत्र में 2 hafte से गंभीर बना हुआ है, पानी के लिए दूर तक जाना पड़ रहा है। कृपया जल्द कार्रवाई करें।",Water Supply
GRV101222,"अतिक्रमण Bhopal में मेरी जमीन पर हुआ है, पटवारी और तहसीलदार को 20 din पहले शिकायत दी थी। Thank you.",Land Records & Revenue
GRV102555,Shastri Colony office mein kaam karwane ke liye clerk 500 rupaye ghoos maang raha hai. Thank you.,Corruption & Bribery
GRV102044,"PDS shop Kanpur mein gehu aur chawal is mahine bilkul nahi mila, dealer bahana bana raha h. Otherwise we will protest.",Ration & Public Distribution System
GRV101478,"गुमशुदगी की रिपोर्ट Nagpur थाने में 1 mahine पहले दी थी, अभी तक कोई तलाश शुरू नहीं हुई। Sadar naman.",Police & Law and Order
GRV100639,"Namaste sir, गंदगी की वजह से Varanasi में मक्खी मच्छर बहुत बढ़ गए हैं, महामारी फैलने का डर है।",Sanitation & Garbage
GRV100758,"Sir/Madam, गंदगी की वजह से Madan Mahal में मक्खी मच्छर बहुत बढ़ गए हैं, महामारी फैलने का डर है।",Sanitation & Garbage
GRV102912,"Namaste sir, EPFO complaint diya tha 1 mahine pehle, response nahi aaya Model Town regional office se. Bahut pareshaan hain hum log.",Employment & Labour
GRV100699,सफाई विभाग Indore में डोर टू डोर कचरा कलेक्शन बंद कर चुका है 3 din से। कृपया जल्द कार्रवाई करें।,Sanitation & Garbage
GRV101676,"Sir/Madam, सरकारी अस्पताल Indore में दवाइयां उपलब्ध नहीं हैं, बाहर से खरीदनी पड़ रही है। Bahut pareshaan hain hum log.",Healthcare & Hospitals
GRV100860,"सेवानिवृत्ति के बाद पेंशन खाता Jabalpur में अपडेट नहीं हुआ, 20 din से चक्कर काट रहे हैं।",Pension & Provident Fund
GRV100771,"Namaste sir, कचरा गाड़ी Model Town में नहीं आती है 1 hafta से, गली में गंदगी फैली है। Thank you.",Sanitation & Garbage
GRV101663,जननी सुरक्षा योजना का पैसा Gandhi Nagar अस्पताल से 10 din में नहीं मिला डिलीवरी के बाद। Thank you.,Healthcare & Hospitals
GRV101678,"महोदय, Ambulance Raipur bulane par 3 days ghante late aayi, emergency case tha.",Healthcare & Hospitals
GRV102824,"Sir/Madam, Overtime paisa 500 rupaye Kanpur factory se 1 hafta se nahi mila, HR jawab nahi de raha. Please take urgent action.",Employment & Labour
GRV101782,"Teacher transfer Shastri Colony school se 3 din pehle hua tha, replacement abhi tak nahi mila, class khali padi hai.",Education & Schools
GRV102375,"महोदय, बैंक Indore में सरकारी योजना का पैसा 1500 रुपए अभी तक जमा नहीं हुआ। Thank you.",Banking & Financial Services
GRV101861,"Respected Sir, स्कूल Napier Town में शौचालय की स्थिति बहुत खराब है, बच्चियां स्कूल आने से कतरा रही हैं। Bahut pareshaan hain hum log.",Education & Schools
GRV102377,"Dear officer, Bank Jaipur branch mein loan application 10 din se pending hai, koi jawab nahi mil raha. Bahut pareshaan hain hum log.",Banking & Financial Services
GRV102866,"Namaste sir, बेरोजगारी भत्ता Nagpur employment office se 3 din से नहीं मिला आवेदन के बावजूद। Kripya jald samadhan karein.",Employment & Labour
GRV100143,"महोदय, हैंडपंप Jabalpur में खराब पड़ा है 10 din से, गांव में पानी की भारी किल्लत है। Kripya jald samadhan karein.",Water Supply
GRV100821,"सेवानिवृत्ति के बाद पेंशन खाता Raipur में अपडेट नहीं हुआ, 3 days से चक्कर काट रहे हैं। Bahut pareshaan hn hum log.",Pension & Provident Fund
GRV101347,"गुमशुदगी की रिपोर्ट Sector 7 थाने में 1 hafta पहले दी थी, अभी तक कोई तलाश शुरू नहीं हुई। Sadar naman.",Police & Law and Order
GRV101967,"स्कूल Civil Lines में शौचालय की स्थिति बहुत खराब है, बच्चियां स्कूल आने से कतरा रही हैं। कृपया जल्द कार्रवाई करें।",Education & Schools
GRV102017,"Ration dukan Ward 12 mein tay samay par nahi khulti, logo ko baar baar chakkar lagana padta hai.",Ration & Public Distribution System
GRV100372,"Dear officer, High voltage ki wajah se Sector 7 mein kai gharo ke appliance jal gaye, compensation chahiye. Please take urgent action.",Electricity
GRV100013,"जल संकट Lucknow क्षेत्र में 1 hafta से गंभीर बना हुआ है, पानी के लिए दूर तक जाना पड़ रहा है। Bahut pareshaan hain hum log.",Water Supply
GRV100719,"सफाई कर्मचारी Kanpur मोहल्ले में 10 din से नहीं आया, शिकायत करने पर भी सुनवाई नहीं।",Sanitation & Garbage
GRV102557,"Respected Sir, सरकारी टेंडर Bhopal में बिना कमीशन दिए पास नहीं होता, यह भ्रष्टाचार जांच योग्य है। Otherwise we will protest.",Corruption & Bribery
GRV103084,"Sir/Madam, Character certificate Sector 7 police station se 1 hafta se pending hai, job joining rukh gayi hai. Kripya jald samadhan karein.",Municipal Certificates
GRV101601,"Dear officer, Primary health center Raipur mein staff hi nahi hai 5 din se, gaon walo ko door jana padta hai ilaj ke liye.",Healthcare & Hospitals
GRV101440,"Namaste sir, Chn snatching hui thi Ward 12 mein, police ne case follow up nhi kiya. Kripya jald samadhan karein.",Police & Law and Order
GRV102554,"Dear officer, Inspector Varanasi area mein business license ke liye bribe maang raha hai, video proof available hai. Kripya jald samadhan karein.",Corruption & Bribery
GRV100370,"महोदय, Transformer blast ho gaya Jaipur mein, area mein bijli nahi hai 20 din se, jaldi replace karwaye.",Electricity
GRV102046,"Sir/Madam, Anaj ki quality Bhopal ration dukan mein bahut kharab hai, keede lage hue chawal mil rahe hain. Kripya jald samadhan karein.",Ration & Public Distribution System
GRV100548,"Namaste sir, Drainage cover sadak Gwalior mein tuta pada hai, gaddi ka pahiya fasne se accident ho sakta hai. Thank you.",Roads & Infrastructure
GRV101421,"गुमशुदगी की रिपोर्ट Jaipur थाने में 10 din पहले दी थी, अभी तक कोई तलाश शुरू नहीं हुई। Please take urgent action.",Police & Law and Order
GRV101348,"Respected Sir, Theft complaint diye 15 din ho gaye Madan Mahal mein, koi action nahi hua abhi tak. कृपया जल्द कार्रवाई करें।",Police & Law and Order
GRV101248,"महोदय, Land record mein Rajesh Verma ka naam galat likha h, correction chahiye 20 din se request kar raha hoon. Kripya jald samadhan karein.",Land Records & Revenue
GRV100054,"महोदय, Low water pressure in Sector 7 pipeline, taps mein paani bahut kam aata hai subah.",Water Supply
GRV102825,"मनरेगा जॉब कार्ड Gwalior में a month से नहीं बना, काम भी नहीं मिल रहा। Thank you.",Employment & Labour
GRV101317,"मोहल्ले में Varanasi में असामाजिक तत्वों का आतंक है, रात को शराब पीकर हंगामा करते हैं। Kripya jald samadhan karein.",Police & Law and Order
GRV101857,"Dear officer, Teacher transfer Kotwali area school se 2 hafte pehle hua tha, replacement abhi tak nahi mila, class khali padi hai. Thank you.",Education & Schools
GRV101257,"Zameen ka daakhil kharij Jaipur tehsil mein 1 hafta se atka hua h, koi karyawahi nahi ho rahi. Kripya jald samadhan karein.",Land Records & Revenue
GRV101274,"महोदय, Chn snatching hui thi Madan Mahal mein, police ne case follow up nhi kiya. कृपया जल्द कार्रवाई करें।",Police & Law and Order
GRV102314,"Sir/Madam, बैंक Indore में सरकारी योजना का पैसा 10000 रुपए अभी तक जमा नहीं हुआ। कृपया जल्द कार्रवाई करें।",Banking & Financial Services
GRV101149,"Respected Sir, Patta zameen ka record Civil Lines revenue office se galat show ho raha hai online portal par.",Land Records & Revenue
GRV100879,"EPF transfer Gwalior regional office se two weeks se atka hai, naya employer wait kar raha hai. Bahut pareshaan hain hum log.",Pension & Provident Fund
GRV100464,"Namaste sir, सड़क पर बिना बैरिकेड के गड्ढा खोदा गया है Indore में, raat mein accident ka khatra hai. Kripya jald samadhan karein.",Roads & Infrastructure
GRV102569,"भ्रष्ट अधिकारी Sector 7 में बिना घूस लिए फाइल आगे नहीं बढ़ाता, कई बार शिकायत कर चुके हैं।",Corruption & Bribery
GRV100571,"Dear officer, पुल Madan Mahal में टूटा हुआ है, बच्चे स्कूल जाने में डरते हैं, कृपया जल्दी बनवाएं। Sadar naman.",Roads & Infrastructure
GRV102123,"Dear officer, Fair price shop Bhopal mein weighing machine kharab hai, kam tola jata hai anaj. Please take urgent action.",Ration & Public Distribution System
GRV102128,"Dear officer, राशन कार्ड धारकों को Varanasi में तय मात्रा से कम अनाज दिया जा रहा है हर महीने। Sadar naman.",Ration & Public Distribution System
GRV102196,"Fraud transaction 2000 rupaye ka Wright Town branch account se hua hai, turant jaanch karwaye.",Banking & Financial Services
GRV102632,"महोदय, भ्रष्ट अधिकारी Patna में बिना घूस लिए फाइल आगे नहीं बढ़ाता, कई बार शिकायत कर चुके हैं। Sadar naman.",Corruption & Bribery
GRV102184,"Respected Sir, गरीबी रेखा राशन कार्ड Model Town में गलत तरीके से रद्द कर दिया गया, फिर से चालू करवाएं। Otherwise we will protest.",Ration & Public Distribution System
GRV102538,"Clerk ne 3000 rupaye maange Indore office mein pension file aage badhane ke liye, ghoos lena band karwaye. Thank you.",Corruption & Bribery
GRV100460,"महोदय, No streetlight on the main road of Jaipur, very unsafe at night for two weeks now. Please take urgent action.",Roads & Infrastructure
GRV100988,"महोदय, सेवानिवृत्ति के बाद पेंशन खाता Madan Mahal में अपडेट नहीं हुआ, two weeks से चक्कर काट रहे हैं। कृपया जल्द कार्रवाई करें।",Pension & Provident Fund
GRV102631,"Sir/Madam, निर्माण अनुमति Jabalpur नगर निगम से 3000 रुपए रिश्वत दिए बिना नहीं मिल रही। Otherwise we will protest.",Corruption & Bribery
GRV101815,"Dear officer, छात्र का प्रमाण पत्र Model Town स्कूल से 5 din से नहीं मिल रहा, दाखिले में दिक्कत हो रही है।",Education & Schools
GRV102936,"Income certificate online apply Indore portal par kiya tha, 3 days se status pending dikha raha hai. Please take urgent action.",Municipal Certificates
GRV101040,"Respected Sir, Land record mein Vikas Tiwari ka naam galat likha hai, correction chahiye two weeks se request kar raha hoon. कृपया जल्द कार्रवाई करें।",Land Records & Revenue
GRV101184,"महोदय, Land record mein Rekha Ahirwar ka naam galat likha h, correction chahiye 15 din se request kar raha hoon. Kripya jald samadhan karein.",Land Records & Revenue
GRV100213,"Dear officer, जल आपूर्ति विभाग Gwalior में शिकायत के बाद भी पानी की लाइन ठीक नहीं कर रहा। Otherwise we will protest.",Water Supply
GRV102526,"Respected Sir, Indore office mein kaam karwane ke liye clerk 5000 rupaye ghoos maang raha h. Please take urgent action.",Corruption & Bribery
GRV100640,"नाली Madan Mahal में जाम पड़ी है a month से, सफाई विभाग को कई बार बताया लेकिन कोई कार्रवाई नहीं हुई।",Sanitation & Garbage
GRV101230,"Namaste sir, अतिक्रमण Bhopal में मेरी जमीन पर हुआ है, पटवारी और तहसीलदार को 1 mahine पहले शिकायत दी थी। Otherwise we will protest.",Land Records & Revenue
GRV102004,"Dear officer, राशन कार्ड धारकों को Gandhi Nagar में तय मात्रा से कम अनाज दिया जा रहा है हर महीने। Thank you.",Ration & Public Distribution System
GRV102190,"Bank Kotwali area branch mein loan application 20 din se pending h, koi jawab nhi mil raha. Otherwise we will protest.",Banking & Financial Services
GRV102573,"Namaste sir, Panchayat Adhartal mein yojna ka paisa bina commission diye release nahi hota, sarpanch ghoos maangta hai. Please take urgent action.",Corruption & Bribery
GRV102430,"महोदय, सरकारी दफ्तर Shastri Colony में बिना रिश्वत दिए कोई फाइल आगे नहीं बढ़ती।",Corruption & Bribery
GRV101537,"Dear officer, Free treatment scheme card ban gaya lekin hospital Nagpur mein accept nahi kar rahe. Thank you.",Healthcare & Hospitals
GRV102950,"Domicile certificate Nagpur mein 15 din se atka hua hai, job application ki deadline nikal rahi hai. कृपया जल्द कार्रवाई करें।",Municipal Certificates
GRV100725,"महोदय, सफाई विभाग Bhopal में डोर टू डोर कचरा कलेक्शन बंद कर चुका है one week से। Sadar naman.",Sanitation & Garbage
GRV100842,"Namaste sir, पेंशन फॉर्म में गलत बैंक खाता नंबर दर्ज हो गया है, कृपया सुधार करें। Kripya jald samadhan karein.",Pension & Provident Fund
GRV102178,"Respected Sir, गरीब परिवारों को Napier Town राशन दुकान से चीनी और तेल कई महीनों से नहीं मिल रहा। Bahut pareshaan hain hum log.",Ration & Public Distribution System
GRV102552,सरकारी दफ्तर Varanasi में बिना रिश्वत दिए कोई फाइल आगे नहीं बढ़ती। कृपया जल्द कार्रवाई करें।,Corruption & Bribery
GRV100676,"Sir/Madam, सफाई विभाग Nagpur में डोर टू डोर कचरा कलेक्शन बंद कर चुका है 1 mahine से। कृपया जल्द कार्रवाई करें।",Sanitation & Garbage
GRV101630,"Primary health center Sector 7 mein staff hi nahi hai 10 din se, gaon walo ko door jana padta hai ilaj ke liye. Kripya jald samadhan karein.",Healthcare & Hospitals
GRV101151,"Land record mein Meena Kori ka naam galat likha hai, correction chahiye 10 din se request kar raha hoon. Bahut pareshaan hain hum log.",Land Records & Revenue
GRV101202,Patta zameen ka record Gwalior revenue office se galat show ho raha hai online portal par.,Land Records & Revenue
GRV103093,"Character certificate Shastri Colony police station se 5 din se pending hai, job joining rukh gayi hai. Otherwise we will protest.",Municipal Certificates
GRV102180,"Ration card Wright Town mein digitally seeded nhi hai, isliye anaj milna band ho gaya hai.",Ration & Public Distribution System
GRV101750,"Sir/Madam, छात्र का प्रमाण पत्र Nagpur स्कूल से 5 din से नहीं मिल रहा, दाखिले में दिक्कत हो रही है। Thank you.",Education & Schools
GRV100764,"Respected Sir, Public toilet Ranchi ke paas bahut ganda hai, safai nahi hoti kai dino se. Kripya jald samadhan karein.",Sanitation & Garbage
GRV102727,"Respected Sir, श्रमिक कार्ड Wright Town में 15 din से renewal ke liye pending h, yojnaon ka labh nhi mil raha. कृपया जल्द कार्रवाई करें।",Employment & Labour
GRV101525,"Namaste sir, सरकारी अस्पताल Nagpur में दवाइयां उपलब्ध नहीं हैं, बाहर से खरीदनी पड़ रही है। Thank you.",Healthcare & Hospitals
GRV100198,"महोदय, Low water pressure in Kotwali area pipeline, taps mein paani bahut kam aata hai subah. Bahut pareshaan hain hum log.",Water Supply
GRV100885,"Sir/Madam, PF withdrawal request 2 hafte se pending hai, office se koi response nahi mil raha. कृपया जल्द कार्रवाई करें।",Pension & Provident Fund
GRV100191,Illegal water connection Lucknow mein hone se hamari colony mein paani ka pressure kam ho gaya hai. Sadar naman.,Water Supply
GRV100175,"Respected Sir, जल संकट Nagpur क्षेत्र में 20 din से गंभीर बना हुआ है, पानी के लिए दूर तक जाना पड़ रहा है। कृपया जल्द कार्रवाई करें।",Water Supply
GRV102278,बैंक Model Town में सरकारी योजना का पैसा 10000 रुपए अभी तक जमा नहीं हुआ। Otherwise we will protest.,Banking & Financial Services
GRV100138,"Municipal water connection Model Town mein kaat diya gaya bina notice diye, paani ke bina pareshani ho rahi hai. कृपया जल्द कार्रवाई करें।",Water Supply
GRV100972,"Namaste sir, पेंशनर सत्यापन Wright Town में हर साल परेशानी देता है, इस बार 20 din से पेंशन रुकी हुई है। Kripya jald samadhan karein.",Pension & Provident Fund
GRV101407,"Sir/Madam, मोहल्ले में Ranchi में असामाजिक तत्वों का आतंक है, रात को शराब पीकर हंगामा करते हैं।",Police & Law and Order
GRV100313,"महोदय, नया बिजली कनेक्शन Adhartal में two weeks से पेंडिंग है, आवेदन के बावजूद बिजली विभाग जवाब नहीं दे रहा।",Electricity
GRV100767,"Sir/Madam, Sewage line Kotwali area mein block ho gayi hai, ghar ke andar gandi nali ka kachra bhar raha hai.",Sanitation & Garbage
GRV102273,"Respected Sir, Bank Napier Town branch mein loan application 3 days se pending hai, koi jawab nahi mil raha. Thank you.",Banking & Financial Services
GRV101363,"Chain snatching hui thi Jabalpur mein, police ne case follow up nahi kiya. Otherwise we will protest.",Police & Law and Order
GRV101897,"महोदय, School building Ward 12 mein chhat tapakti hai barish mein, khatarnak sthiti hai. Please take urgent action.",Education & Schools
GRV100875,"Respected Sir, PF withdrawal request 1 mahine se pending hai, office se koi response nahi mil raha.",Pension & Provident Fund
GRV100641,"नाली Raipur में जाम पड़ी है 1 mahine से, सफाई विभाग को कई बार बताया लेकिन कोई कार्रवाई नहीं हुई। कृपया जल्द कार्रवाई करें।",Sanitation & Garbage
GRV100195,"Namaste sir, Low water pressure in Sector 7 pipeline, taps mein paani bahut kam aata hai subah. Otherwise we will protest.",Water Supply
GRV103031,"Namaste sir, आय प्रमाण पत्र Indore कार्यालय से 20 din में नहीं बना, बार बार चक्कर लगवाया जा रहा है। Sadar naman.",Municipal Certificates
GRV102238,"Sir/Madam, मेरे खाते से 1500 रुपए गलत तरीके से कट गए Bhopal शाखा से, वापस दिलवाएं।",Banking & Financial Services
GRV102876,"MGNREGA ki mazdoori 2 hafte se nahi mili Madan Mahal panchayat mein, ghar chalana mushkil ho gaya hai. Bahut pareshaan hain hum log.",Employment & Labour
GRV100929,"Respected Sir, Widow pension application Ward 12 office mein submit kiya tha, two weeks se koi update nahi. Bahut pareshaan hain hum log.",Pension & Provident Fund
GRV100695,"गली में कचरा जलाया जा रहा है Jabalpur में, dhuye se saans lene mein takleef ho rahi hai. Otherwise we will protest.",Sanitation & Garbage
GRV103060,"Respected Sir, निवास प्रमाण पत्र Sector 7 कार्यालय से बनवाने में 15 din लग गए, अभी तक हाथ में नहीं मिला। Otherwise we will protest.",Municipal Certificates
GRV102261,"Dear officer, मेरे खाते से 10000 रुपए गलत तरीके से कट गए Raipur शाखा से, वापस दिलवाएं। Otherwise we will protest.",Banking & Financial Services
GRV102248,"Bank Gwalior branch mein loan application 10 din se pending hai, koi jawab nahi mil raha. Bahut pareshaan hain hum log.",Banking & Financial Services
GRV100881,"सेवानिवृत्ति के बाद पेंशन खाता Shastri Colony में अपडेट नहीं हुआ, 20 din से चक्कर काट रहे हैं। कृपया जल्द कार्रवाई करें।",Pension & Provident Fund
GRV100441,"Sir/Madam, सड़क निर्माण Ranchi में घटिया सामग्री से हो रहा है, 20 din में ही टूटने लगी। Please take urgent action.",Roads & Infrastructure
GRV102406,"Dear officer, ATM Patna mein a month se kharab hai, paise nhi nikal pa raha koi. Thank you.",Banking & Financial Services
GRV101130,"Namaste sir, भू-अभिलेख में गलती है, कृपया तहसीलदार Civil Lines को निर्देश दें ठीक करने का। Kripya jald samadhan karein.",Land Records & Revenue
GRV101575,"आयुष्मान कार्ड Patna अस्पताल में मान्य नहीं किया जा रहा, मरीज को इलाज से मना कर दिया। Sadar naman.",Healthcare & Hospitals
GRV101334,"गुमशुदगी की रिपोर्ट Indore थाने में 3 days पहले दी थी, अभी तक कोई तलाश शुरू नहीं हुई।",Police & Law and Order
GRV102431,Gwalior office mein kaam karwane ke liye clerk 1500 rupaye ghoos maang raha hai. Sadar naman.,Corruption & Bribery
GRV102785,"महोदय, MGNREGA ki mazdoori one week se nahi mili Kanpur panchayat mein, ghar chalana mushkil ho gaya hai.",Employment & Labour
GRV101438,"Sir/Madam, Chain snatching hui thi Lucknow mein, police ne case follow up nahi kiya. Otherwise we will protest.",Police & Law and Order
GRV102389,"Bank Model Town branch mein loan application a month se pending hai, koi jawab nhi mil raha. Otherwise we will protest.",Banking & Financial Services
GRV101796,"महोदय, निजी स्कूल Ranchi में फीस मनमानी बढ़ाई जा रही है, शिक्षा विभाग कार्रवाई नहीं कर रहा। कृपया जल्द कार्रवाई करें।",Education & Schools
GRV103068,"OBC certificate Nagpur tehsil se renew karwana tha, two weeks se application stuck hai portal par. Otherwise we will protest.",Municipal Certificates
GRV102722,"Sir/Madam, Construction site Kotwali area par bina helmet aur safety belt ke kaam karwaya ja raha hai mazdooro se. Thank you.",Employment & Labour
GRV101036,"Respected Sir, अतिक्रमण Gandhi Nagar में मेरी जमीन पर हुआ है, पटवारी और तहसीलदार को one week पहले शिकायत दी थी।",Land Records & Revenue
GRV101825,"School building Ward 12 mein chhat tapakti hai barish mein, khatarnak sthiti hai. Bahut pareshaan hain hum log.",Education & Schools
GRV102546,"Panchayat Adhartal mein yojna ka paisa bina commission diye release nahi hota, sarpanch ghoos maangta hai. Kripya jald samadhan karein.",Corruption & Bribery
GRV102732,"Labour ka wages employer ne 5000 rupaye kam diya Indore site par, PF bhi nahi kata. Thank you.",Employment & Labour
GRV102463,"Officer Varanasi mein bina paise liye certificate nahi de raha, complaint chahiye. Bahut pareshaan hain hum log.",Corruption & Bribery
GRV101862,"Teacher transfer Raipur school se 20 din pehle hua tha, replacement abhi tak nahi mila, class khali padi hai. Otherwise we will protest.",Education & Schools
GRV103022,"Dear officer, OBC certificate Shastri Colony tehsil se renew karwana tha, 1 hafta se application stuck hai portal par.",Municipal Certificates
GRV101696,"Ambulance Patna bulane par a month ghante late aayi, emergency case tha.",Healthcare & Hospitals
GRV102279,"महोदय, बैंक Nagpur में सरकारी योजना का पैसा 1000 रुपए अभी तक जमा नहीं हुआ। Sadar naman.",Banking & Financial Services
GRV101199,"भू-अभिलेख में गलती है, कृपया तहसीलदार Kotwali area को निर्देश दें ठीक करने का। Otherwise we will protest.",Land Records & Revenue
GRV101297,"Respected Sir, पुलिस थाना Shastri Colony में तैनात कर्मचारी रिश्वत मांग रहा है काम करने के लिए। Bahut pareshaan hain hum log.",Police & Law and Order
GRV101279,"Respected Sir, पुलिस थाना Kotwali area में तैनात कर्मचारी रिश्वत मांग रहा है काम करने के लिए। कृपया जल्द कार्रवाई करें।",Police & Law and Order
GRV100564,"महोदय, Road construction work Madan Mahal mein adhura pada hai 10 din se, traffic jam ho raha hai. Please take urgent action.",Roads & Infrastructure
GRV100259,"Dear officer, Streetlights Model Town mein 2 hafte se band hai, raat ko andhera rehta hai bijli na hone se.",Electricity
GRV100135,"Sir humara water tanker Jaipur area mein nahi aata, complaint diye 5 din ho gaye. Bahut pareshaan hain hum log.",Water Supply
GRV102257,"Namaste sir, KYC update na hone ki wajah se account block ho gaya Adhartal branch mein. Please take urgent action.",Banking & Financial Services
GRV102201,"Sir/Madam, Fraud transaction 10000 rupaye ka Sector 7 branch account se hua h, turant jaanch karwaye. Otherwise we will protest.",Banking & Financial Services
GRV100660,"कचरा गाड़ी Adhartal में नहीं आती है 1 mahine से, गली में गंदगी फैली है। Sadar naman.",Sanitation & Garbage
GRV100166,"जल संकट Patna क्षेत्र में one week से गंभीर बना हुआ है, पानी के लिए दूर तक जाना पड़ रहा है। Bahut pareshaan hn hum log.",Water Supply
GRV102163,"Respected Sir, New ration card ke liye a month se apply kiya h Lucknow office mein, abhi tak nahi bana. Otherwise we will protest.",Ration & Public Distribution System
GRV101801,"Dear officer, School building Indore mein chhat tapakti hai barish mein, khatarnak sthiti hai. Thank you.",Education & Schools
GRV101459,"Illegal encroachment aur jua Ward 12 mohalle mein khule aam chal raha h, police mook drashak bani hai. Sadar naman.",Police & Law and Order
GRV101005,"Respected Sir, पेंशनर सत्यापन Model Town में हर साल परेशानी देता है, इस बार 2 hafte से पेंशन रुकी हुई है। Sadar naman.",Pension & Provident Fund
GRV103033,"निवास प्रमाण पत्र Gwalior कार्यालय से बनवाने में a month लग गए, अभी तक हाथ में नहीं मिला। Kripya jald samadhan karein.",Municipal Certificates
GRV101406,"Namaste sir, पुलिस थाना Napier Town में तैनात कर्मचारी रिश्वत मांग रहा है काम करने के लिए। Otherwise we will protest.",Police & Law and Order
GRV102734,"Sir/Madam, Construction site Ranchi par bina helmet aur safety belt ke kaam karwaya ja raha hai mazdooro se. Please take urgent action.",Employment & Labour
GRV100823,"मेरी पीएफ की राशि 500 रुपए अभी तक ट्रांसफर नहीं हुई, 15 din हो गए आवेदन दिए।",Pension & Provident Fund
GRV102500,Kotwali area office mein kaam karwane ke liye clerk 1500 rupaye ghoos maang raha hai.,Corruption & Bribery
GRV101790,"Sarkari school Madan Mahal mein a month se teacher nhi aa raha h, padhai band hai. Kripya jald samadhan karein.",Education & Schools
GRV100064,"Respected Sir, टंकी का पानी Adhartal में सीवर के पानी से मिल गया है, तुरंत जांच करवाएं। Sadar naman.",Water Supply
GRV101318,"मोहल्ले में Nagpur में असामाजिक तत्वों का आतंक है, रात को शराब पीकर हंगामा करते हैं। कृपया जल्द कार्रवाई करें।",Police & Law and Order
GRV103003,"Respected Sir, आय प्रमाण पत्र Madan Mahal कार्यालय से 1 hafta में नहीं बना, बार बार चक्कर लगवाया जा रहा है। कृपया जल्द कार्रवाई करें।",Municipal Certificates
GRV102486,"Sir/Madam, Bina ghoos diye Patna sarkari office mein koi kaam nahi hota, staff khule aam paise maangta hai. Otherwise we will protest.",Corruption & Bribery
GRV101068,"मेरी जमीन का सीमांकन Indore में गलत हो गया है, पड़ोसी ने कब्जा कर लिया है।",Land Records & Revenue
GRV101350,"महोदय, मोहल्ले में Lucknow में असामाजिक तत्वों का आतंक है, रात को शराब पीकर हंगामा करते हैं।",Police & Law and Order
GRV101605,"Dear officer, आयुष्मान कार्ड Patna अस्पताल में मान्य नहीं किया जा रहा, मरीज को इलाज से मना कर दिया। Sadar naman.",Healthcare & Hospitals
GRV101490,"महोदय, पुलिस थाना Indore में तैनात कर्मचारी रिश्वत मांग रहा है काम करने के लिए। Please take urgent action.",Police & Law and Order
GRV100089,"जल संकट Varanasi क्षेत्र में 1 mahine से गंभीर बना हुआ है, पानी के लिए दूर तक जाना पड़ रहा है। Thank you.",Water Supply
GRV102702,"Dear officer, श्रम कार्यालय Shastri Colony में मजदूर के हक की शिकायत a month से लंबित है, कोई सुनवाई नहीं हुई। Otherwise we will protest.",Employment & Labour
GRV101848,"Dear officer, Sarkari school Varanasi mein 1 mahine se teacher nahi aa raha hai, padhai band hai. कृपया जल्द कार्रवाई करें।",Education & Schools
GRV101032,"Namaste sir, भू-अभिलेख में गलती है, कृपया तहसीलदार Model Town को निर्देश दें ठीक करने का। Thank you.",Land Records & Revenue
GRV100926,"Widow pension application Wright Town office mein submit kiya tha, one week se koi update nhi. Kripya jald samadhan karein.",Pension & Provident Fund
GRV102349,"मेरे खाते से 1500 रुपए गलत तरीके से कट गए Lucknow शाखा से, वापस दिलवाएं। कृपया जल्द कार्रवाई करें।",Banking & Financial Services
GRV102792,"MGNREGA ki mazdoori 15 din se nahi mili Civil Lines panchayat mein, ghar chalana mushkil ho gaya hai. Bahut pareshaan hain hum log.",Employment & Labour
GRV101052,"Namaste sir, मेरी जमीन का सीमांकन Napier Town में गलत हो गया है, पड़ोसी ने कब्जा कर लिया है।",Land Records & Revenue
GRV100742,"Sir/Madam, Open drain Adhartal mein overflow ho raha hai, mosquito breeding ka khatra hai. कृपया जल्द कार्रवाई करें।",Sanitation & Garbage
GRV101964,"Dear officer, School building Lucknow mein chhat tapakti hai barish mein, khatarnak sthiti hai. Kripya jald samadhan karein.",Education & Schools
GRV102416,"महोदय, KYC update na hone ki wajah se account block ho gaya Gwalior branch mein. Sadar naman.",Banking & Financial Services
GRV100976,"Namaste sir, EPF transfer Patna regional office se two weeks se atka hai, naya employer wait kar raha hai. Sadar naman.",Pension & Provident Fund
GRV103094,"महोदय, Character certificate Kanpur police station se 3 din se pending hai, job joining rukh gayi hai. Otherwise we will protest.",Municipal Certificates
GRV101528,"महोदय, आयुष्मान कार्ड Gwalior अस्पताल में मान्य नहीं किया जा रहा, मरीज को इलाज से मना कर दिया। Thank you.",Healthcare & Hospitals
GRV102778,"MGNREGA ki mazdoori two weeks se nahi mili Adhartal panchayat mein, ghar chalana mushkil ho gaya hai. Thank you.",Employment & Labour
GRV101078,"Sir/Madam, Zameen ka daakhil kharij Raipur tehsil mein 3 days se atka hua hai, koi karyawahi nahi ho rahi. Bahut pareshaan hain hum log.",Land Records & Revenue
GRV102705,"Dear officer, EPFO complaint diya tha 1 mahine pehle, response nahi aaya Wright Town regional office se. Thank you.",Employment & Labour
GRV101520,"Sir/Madam, आयुष्मान कार्ड Civil Lines अस्पताल में मान्य नहीं किया जा रहा, मरीज को इलाज से मना कर दिया।",Healthcare & Hospitals
GRV100260,"Transformer blast ho gaya Gwalior mein, area mein bijli nahi hai 10 din se, jaldi replace karwaye. Bahut pareshaan hain hum log.",Electricity
GRV100108,"Namaste sir, Sir humara water tanker Adhartal area mein nahi aata, complaint diye 15 din ho gaye. Please take urgent action.",Water Supply
GRV100544,"सड़क किनारे रेलिंग टूटी हुई है Wright Town में, वाहन गिरने का खतरा बना हुआ है। Thank you.",Roads & Infrastructure
GRV103097,"Respected Sir, Caste certificate Patna tehsil office mein a month se pending hai, admission ki last date nikal rahi hai.",Municipal Certificates
GRV102718,"Sir/Madam, मनरेगा जॉब कार्ड Model Town में a month से नहीं बना, काम भी नहीं मिल रहा। Bahut pareshaan hain hum log.",Employment & Labour
GRV100664,"महोदय, Sewage line Adhartal mein block ho gayi hai, ghar ke andar gandi nali ka kachra bhar raha hai.",Sanitation & Garbage
GRV102320,"Namaste sir, ATM Gandhi Nagar mein 3 days se kharab hai, paise nhi nikal pa raha koi. Otherwise we will protest.",Banking & Financial Services
GRV100488,"Sir/Madam, Gwalior ki sadak par bada gaddha ho gaya hai, 15 din pehle accident bhi hua tha. Kripya jald samadhan karein.",Roads & Infrastructure
GRV101615,"Ambulance Adhartal bulane par 2 hafte ghante late aayi, emergency case tha. Please take urgent action.",Healthcare & Hospitals
GRV101618,Free treatment scheme card ban gaya lekin hospital Ward 12 mein accept nahi kar rahe.,Healthcare & Hospitals
GRV100734,"Kachra Model Town colony ke khali plot mein daala ja raha hai, badbu aur bimari ka khatra hai.",Sanitation & Garbage
GRV100031,"पीने के पानी की सप्लाई Lucknow में हफ्ते में सिर्फ एक बार आती है, बहुत परेशानी है। Kripya jald samadhan karein.",Water Supply
GRV101921,"Sarkari school Sector 7 mein 1 hafta se teacher nahi aa raha h, padhai band hai. Please take urgent action.",Education & Schools
GRV100053,"Dear officer, पानी की टंकी Model Town में गंदा पानी आ रहा है, बीमारी फैलने का डर है।",Water Supply
GRV102867,"Respected Sir, मनरेगा जॉब कार्ड Wright Town में two weeks से नहीं बना, काम भी नहीं मिल रहा। Thank you.",Employment & Labour
GRV100226,"Power cut every day in Ward 12 for hours, complaint filed 1 mahine ago no action. कृपया जल्द कार्रवाई करें।",Electricity
GRV100358,"नया बिजली कनेक्शन Napier Town में one week से पेंडिंग है, आवेदन के बावजूद बिजली विभाग जवाब नहीं दे रहा।",Electricity
GRV102977,"महोदय, Caste certificate Wright Town tehsil office mein two weeks se pending hai, admission ki last date nikal rahi hai.",Municipal Certificates
GRV101943,"Namaste sir, Sarkari school Jaipur mein 5 din se teacher nahi aa raha hai, padhai band hai.",Education & Schools
GRV101820,"Namaste sir, School building Wright Town mein chhat tapakti hai barish mein, khatarnak sthiti hai. Bahut pareshaan hain hum log.",Education & Schools
GRV100267,"महोदय, बिजली विभाग Adhartal में 3 din से शिकायत के बावजूद फॉल्ट ठीक नहीं कर रहा, पूरा मोहल्ला अंधेरे में है। Kripya jald samadhan karein.",Electricity
GRV100297,"Namaste sir, Electricity wire loose latak rahi hai Gandhi Nagar mein, accident ka khatra hai, turant thik karwaye. Kripya jald samadhan karein.",Electricity
GRV100568,"Drainage cover sadak Bhopal mein tuta pada hai, gaddi ka pahiya fasne se accident ho sakta hai. Please take urgent action.",Roads & Infrastructure
GRV100006,"महोदय, टंकी का पानी Shastri Colony में सीवर के पानी से मिल गया है, तुरंत जांच करवाएं। Please take urgent action.",Water Supply
GRV101221,"अतिक्रमण Gandhi Nagar में मेरी जमीन पर हुआ है, पटवारी और तहसीलदार को 20 din पहले शिकायत दी थी। Sadar naman.",Land Records & Revenue
GRV102421,"Bina ghoos diye Sector 7 sarkari office mein koi kaam nahi hota, staff khule aam paise maangta h.",Corruption & Bribery
GRV100303,"बिजली का बिल 1000 रुपए गलत आया है Ranchi पते पर, इसे ठीक करवाएं।",Electricity
GRV101586,"Respected Sir, आयुष्मान कार्ड Madan Mahal अस्पताल में मान्य नहीं किया जा रहा, मरीज को इलाज से मना कर दिया। Kripya jald samadhan karein.",Healthcare & Hospitals
GRV100673,"सफाई कर्मचारी Kanpur मोहल्ले में 1 hafta से नहीं आया, शिकायत करने पर भी सुनवाई नहीं। कृपया जल्द कार्रवाई करें।",Sanitation & Garbage
GRV100478,"पुल Patna में टूटा हुआ है, बच्चे स्कूल जाने में डरते हैं, कृपया जल्दी बनवाएं। Sadar naman.",Roads & Infrastructure
GRV101666,"महोदय, Free treatment scheme card ban gaya lekin hospital Gandhi Nagar mein accept nahi kar rahe. Sadar naman.",Healthcare & Hospitals
GRV102980,"Namaste sir, आय प्रमाण पत्र Raipur कार्यालय से 2 hafte में नहीं बना, बार बार चक्कर लगवाया जा रहा है। Bahut pareshaan hain hum log.",Municipal Certificates
GRV103050,"Domicile certificate Jabalpur mein a month se atka hua hai, job application ki deadline nikal rahi hai. Thank you.",Municipal Certificates
GRV102715,"Sir/Madam, बेरोजगारी भत्ता Jaipur employment office se 5 din से नहीं मिला आवेदन के बावजूद।",Employment & Labour
GRV102501,"Dear officer, Inspector Jabalpur area mein business license ke liye bribe maang raha hai, video proof available hai. Please take urgent action.",Corruption & Bribery
GRV101568,"Dear officer, आयुष्मान कार्ड Madan Mahal अस्पताल में मान्य नहीं किया जा रहा, मरीज को इलाज से मना कर दिया। Please take urgent action.",Healthcare & Hospitals
GRV102809,"EPFO complaint diya tha 1 mahine pehle, response nahi aaya Adhartal regional office se. Kripya jald samadhan karein.",Employment & Labour
GRV100141,"जल संकट Ranchi क्षेत्र में one week से गंभीर बना हुआ है, पानी के लिए दूर तक जाना पड़ रहा है। Please take urgent action.",Water Supply
GRV102717,"महोदय, श्रम कार्यालय Wright Town में मजदूर के हक की शिकायत 15 din से लंबित है, कोई सुनवाई नहीं हुई। Kripya jald samadhan karein.",Employment & Labour
GRV101157,"Namaste sir, Land record mein Geeta Bai ka naam galat likha hai, correction chahiye 3 days se request kar raha hoon.",Land Records & Revenue
GRV101774,"Dear officer, Sarkari school Sector 7 mein 3 din se teacher nahi aa raha hai, padhai band hai. Otherwise we will protest.",Education & Schools
GRV100258,"Dear officer, बिजली विभाग Patna में one week से शिकायत के बावजूद फॉल्ट ठीक नहीं कर रहा, पूरा मोहल्ला अंधेरे में है। Please take urgent action.",Electricity
GRV100499,"सड़क किनारे रेलिंग टूटी हुई है Lucknow में, वाहन गिरने का खतरा बना हुआ है। Sadar naman.",Roads & Infrastructure
GRV100684,"सफाई कर्मचारी Model Town मोहल्ले में 3 days से नहीं आया, शिकायत करने पर भी सुनवाई नहीं।",Sanitation & Garbage
GRV101612,"Sir/Madam, Free treatment scheme card ban gaya lekin hospital Adhartal mein accept nahi kar rahe.",Healthcare & Hospitals
GRV100104,"Sir/Madam, जल संकट Varanasi क्षेत्र में 5 din से गंभीर बना हुआ है, पानी के लिए दूर तक जाना पड़ रहा है। Otherwise we will protest.",Water Supply
GRV100044,"Namaste sir, Municipal water connection Gandhi Nagar mein kaat diya gaya bina notice diye, paani ke bina pareshani ho rahi hai. Thank you.",Water Supply
GRV102103,"Dear officer, गरीब परिवारों को Kanpur राशन दुकान से चीनी और तेल कई महीनों से नहीं मिल रहा। Kripya jald samadhan karein.",Ration & Public Distribution System
GRV102490,"Namaste sir, सरकारी टेंडर Patna में बिना कमीशन दिए पास नहीं होता, यह भ्रष्टाचार जांच योग्य है। Bahut pareshaan hain hum log.",Corruption & Bribery
GRV101315,"Theft complaint diye 15 din ho gaye Civil Lines mein, koi action nahi hua abhi tak. Sadar naman.",Police & Law and Order
GRV100435,"Namaste sir, Drainage cover sadak Ward 12 mein tuta pada hai, gaddi ka pahiya fasne se accident ho sakta hai. Otherwise we will protest.",Roads & Infrastructure
GRV101358,"गुमशुदगी की रिपोर्ट Model Town थाने में 3 din पहले दी थी, अभी तक कोई तलाश शुरू नहीं हुई। Kripya jald samadhan karein.",Police & Law and Order
GRV103042,"प्रमाण पत्र पर नाम की स्पेलिंग गलत छप गई Jaipur नगर निगम से, correction ke liye baar baar chakkar.",Municipal Certificates
GRV101869,"महोदय, Sarkari school Patna mein a month se teacher nahi aa raha hai, padhai band hai.",Education & Schools
GRV102541,"भ्रष्ट अधिकारी Lucknow में बिना घूस लिए फाइल आगे नहीं बढ़ाता, कई बार शिकायत कर चुके हैं। Sadar naman.",Corruption & Bribery
GRV101737,"Teacher transfer Sector 7 school se 15 din pehle hua tha, replacement abhi tak nahi mila, class khali padi hai. Sadar naman.",Education & Schools
GRV100251,"High voltage ki wajah se Civil Lines mein kai gharo ke appliance jal gaye, compensation chahiye. Thank you.",Electricity
GRV100389,"Respected Sir, Transformer blast ho gaya Kotwali area mein, area mein bijli nahi hai 3 days se, jaldi replace karwaye. Please take urgent action.",Electricity
GRV100566,"Namaste sir, Shastri Colony ki sadak par bada gaddha ho gaya h, 1 mahine pehle accident bhi hua tha. Thank you.",Roads & Infrastructure
GRV102547,"Sir/Madam, Kotwali area office mein kaam karwane ke liye clerk 5000 rupaye ghoos maang raha hai. कृपया जल्द कार्रवाई करें।",Corruption & Bribery
GRV100125,"Sir humara water tanker Varanasi area mein nahi aata, complaint diye a month ho gaye. कृपया जल्द कार्रवाई करें।",Water Supply
GRV102040,"New ration card ke liye 1 mahine se apply kiya hai Shastri Colony office mein, abhi tak nahi bana. Thank you.",Ration & Public Distribution System
GRV102192,"Fraud transaction 2000 rupaye ka Madan Mahal branch account se hua hai, turant jaanch karwaye. Bahut pareshaan hain hum log.",Banking & Financial Services
GRV102199,"Sir/Madam, बैंक Madan Mahal में सरकारी योजना का पैसा 3000 रुपए अभी तक जमा नहीं हुआ। Kripya jald samadhan karein.",Banking & Financial Services
GRV100753,"Dear officer, गली में कचरा जलाया जा रहा है Wright Town में, dhuye se saans lene mein takleef ho rahi hai. Thank you.",Sanitation & Garbage
GRV101965,"Sir/Madam, सरकारी स्कूल Patna में छात्रवृत्ति 2000 रुपए अभी तक नहीं आई। Otherwise we will protest.",Education & Schools
GRV100204,"Sir/Madam, टंकी का पानी Civil Lines में सीवर के पानी से मिल गया है, तुरंत जांच करवाएं।",Water Supply
GRV100743,"महोदय, Garbage dump Nagpur mohalle ke beech mein bana diya gaya hai, badbu aur bimari phail rahi hai.",Sanitation & Garbage
GRV102683,"Namaste sir, बेरोजगारी भत्ता Civil Lines employment office se 3 days से नहीं मिला आवेदन के बावजूद। कृपया जल्द कार्रवाई करें।",Employment & Labour
GRV100484,"No streetlight on the main road of Gandhi Nagar, very unsafe at night for two weeks now.",Roads & Infrastructure
GRV100911,"Respected Sir, PF withdrawal request two weeks se pending hai, office se koi response nahi mil raha. Please take urgent action.",Pension & Provident Fund
GRV100909,"महोदय, पेंशनर सत्यापन Civil Lines में हर साल परेशानी देता है, इस बार 1 mahine से पेंशन रुकी हुई है।",Pension & Provident Fund
GRV102615,"Sir/Madam, Government scheme ka labh Deepak Chouhan ko Ranchi mein tabhi mila jab 1500 rupaye commission diya. Sadar naman.",Corruption & Bribery
GRV102296,"Bank Lucknow branch mein loan application 1 hafta se pending hai, koi jawab nahi mil raha. Please take urgent action.",Banking & Financial Services
GRV102910,"श्रम कार्यालय Napier Town में मजदूर के हक की शिकायत 15 din से लंबित है, कोई सुनवाई नहीं हुई। Kripya jald samadhan karein.",Employment & Labour
GRV100068,"Dear officer, Sir humara water tanker Ranchi area mein nahi aata, complaint diye 2 hafte ho gaye. Kripya jald samadhan karein.",Water Supply
GRV100573,"Road construction work Civil Lines mein adhura pada hai a month se, traffic jam ho raha hai.",Roads & Infrastructure
GRV100836,"Dear officer, EPF transfer Lucknow regional office se 2 hafte se atka hai, naya employer wait kar raha hai.",Pension & Provident Fund
GRV101261,"Respected Sir, Patta zameen ka record Napier Town revenue office se galat show ho raha hai online portal par.",Land Records & Revenue
GRV102658,"Officer Gandhi Nagar mein bina paise liye certificate nahi de raha, complaint chahiye. Sadar naman.",Corruption & Bribery
GRV101708,"Ambulance Model Town bulane par 1 hafta ghante late aayi, emergency case tha. Please take urgent action.",Healthcare & Hospitals
GRV100203,"Dear officer, पिछले two weeks से हमारे इलाके Napier Town में पानी की सप्लाई बंद है, कृपया जल्दी ठीक करवाएं। Otherwise we will protest.",Water Supply
GRV101342,"Theft complain diye two weeks ho gaye Nagpur mein, koi action nhi hua abhi tak. Kripya jald samadhan karein.",Police & Law and Order
GRV100850,"PF withdrawal request 15 din se pending hai, office se koi response nahi mil raha. Bahut pareshaan hain hum log.",Pension & Provident Fund
GRV102244,"महोदय, मेरे खाते से 1500 रुपए गलत तरीके से कट गए Ward 12 शाखा से, वापस दिलवाएं। Bahut pareshaan hain hum log.",Banking & Financial Services
GRV100317,"Respected Sir, Power cut every day in Ward 12 for hours, complaint filed a month ago no action.",Electricity
GRV101489,"मोहल्ले में Civil Lines में असामाजिक तत्वों का आतंक है, रात को शराब पीकर हंगामा करते हैं। Bahut pareshaan hain hum log.",Police & Law and Order
GRV101521,"Sir/Madam, जननी सुरक्षा योजना का पैसा Raipur अस्पताल से 15 din में नहीं मिला डिलीवरी के बाद। Bahut pareshaan hain hum log.",Healthcare & Hospitals
GRV102945,"Namaste sir, आय प्रमाण पत्र Kotwali area कार्यालय से 5 din में नहीं बना, बार बार चक्कर लगवाया जा रहा है। कृपया जल्द कार्रवाई करें।",Municipal Certificates
GRV103027,"महोदय, प्रमाण पत्र पर नाम की स्पेलिंग गलत छप गई Madan Mahal नगर निगम से, correction ke liye baar baar chakkar. Thank you.",Municipal Certificates
GRV102605,"Namaste sir, Bina ghoos diye Gwalior sarkari office mein koi kaam nahi hota, staff khule aam paise maangta hai. कृपया जल्द कार्रवाई करें।",Corruption & Bribery
GRV101427,"Namaste sir, Illegal encroachment aur jua Kanpur mohalle mein khule aam chal raha hai, police mook drashak bani hai. Please take urgent action.",Police & Law and Order
GRV101522,"Respected Sir, जननी सुरक्षा योजना का पैसा Sector 7 अस्पताल से a month में नहीं मिला डिलीवरी के बाद। Kripya jald samadhan karein.",Healthcare & Hospitals
GRV101374,"Theft complaint diye 10 din ho gaye Kanpur mein, koi action nahi hua abhi tak. कृपया जल्द कार्रवाई करें।",Police & Law and Order
GRV100760,"Open drain Wright Town mein overflow ho raha hai, mosquito breeding ka khatra hai. Sadar naman.",Sanitation & Garbage
GRV100930,"Dear officer, EPF transfer Kotwali area regional office se 15 din se atka h, naya employer wait kar raha hai. Kripya jald samadhan karein.",Pension & Provident Fund
GRV102288,"मेरे खाते से 2000 रुपए गलत तरीके से कट गए Napier Town शाखा से, वापस दिलवाएं।",Banking & Financial Services
GRV100278,"बिजली का खंभा टूट कर सड़क पर गिरा है Bhopal में, दुर्घटना हो सकती है, कृपया जल्दी हटवाएं। Bahut pareshaan hain hum log.",Electricity
GRV101101,"Sir/Madam, Patta zameen ka record Adhartal revenue office se galat show ho raha hai online portal par.",Land Records & Revenue
GRV102198,"Sir/Madam, Bank Napier Town branch mein loan application 5 din se pending hai, koi jawab nahi mil raha. कृपया जल्द कार्रवाई करें।",Banking & Financial Services
GRV100481,"Sir/Madam, Footpath Raipur mein encroachment ho gaya hai, pedestrians ko sadak par chalna padta hai.",Roads & Infrastructure
GRV100200,"Namaste sir, Illegal water connection Ranchi mein hone se hamari colony mein paani ka pressure kam ho gaya hai. Please take urgent action.",Water Supply
GRV102915,"Namaste sir, Labour ka wages employer ne 10000 rupaye kam diya Raipur site par, PF bhi nahi kata. Kripya jald samadhan karein.",Employment & Labour
GRV102771,"Labour ka wages employer ne 5000 rupaye kam diya Bhopal site par, PF bhi nahi kata. कृपया जल्द कार्रवाई करें।",Employment & Labour
GRV102083,"Namaste sir, Ration dukan Kanpur mein tay samay par nahi khulti, logo ko baar baar chakkar lagana padta hai. Bahut pareshaan hain hum log.",Ration & Public Distribution System
GRV100077,"Sir/Madam, Municipal water connection Raipur mein kaat diya gaya bina notice diye, paani ke bina pareshani ho rahi hai.",Water Supply
GRV100093,"महोदय, Sir humara water tanker Madan Mahal area mein nahi aata, complaint diye 2 hafte ho gaye. Thank you.",Water Supply
GRV102594,"Dear officer, Inspector Raipur area mein business license ke liye bribe maang raha hai, video proof available hai.",Corruption & Bribery
GRV100239,"बिजली का बिल 1500 रुपए गलत आया है Varanasi पते पर, इसे ठीक करवाएं। Otherwise we will protest.",Electricity
GRV102753,"Namaste sir, EPFO complaint diya tha 5 din pehle, response nahi aaya Varanasi regional office se. Please take urgent action.",Employment & Labour
GRV101330,"महोदय, Chain snatching hui thi Indore mein, police ne case follow up nahi kiya. Sadar naman.",Police & Law and Order
GRV101987,"Ration card Patna dukan par is mahine anaj nhi mila, dealer mana kar raha hai.",Ration & Public Distribution System
GRV101436,"Namaste sir, गुमशुदगी की रिपोर्ट Model Town थाने में 3 din पहले दी थी, अभी तक कोई तलाश शुरू नहीं हुई।",Police & Law and Order
GRV100951,"Sir/Madam, मेरी पीएफ की राशि 10000 रुपए अभी तक ट्रांसफर नहीं हुई, a month हो गए आवेदन दिए।",Pension & Provident Fund
GRV101688,"सरकारी अस्पताल Nagpur में दवाइयां उपलब्ध नहीं हैं, बाहर से खरीदनी पड़ रही है। Thank you.",Healthcare & Hospitals
GRV101302,"Eve teasing Ranchi area mein badh gayi hai, mahilaye ghar se nikalne mein dari rehti hain. Sadar naman.",Police & Law and Order
GRV100130,"हैंडपंप Ward 12 में खराब पड़ा है 5 din से, गांव में पानी की भारी किल्लत है। Kripya jald samadhan karein.",Water Supply
GRV101327,"Illegal encroachment aur jua Wright Town mohalle mein khule aam chal raha hai, police mook drashak bani hai. Bahut pareshaan hain hum log.",Police & Law and Order
GRV100454,"पुलिया Kotwali area में बारिश में डूब जाती है हर साल, स्थायी समाधान चाहिए। कृपया जल्द कार्रवाई करें।",Roads & Infrastructure
GRV101250,"Sir/Madam, Zameen ka daakhil kharij Nagpur tehsil mein 1 hafta se atka hua hai, koi karyawahi nahi ho rahi.",Land Records & Revenue
GRV100672,"Sir/Madam, Garbage dump Adhartal mohalle ke beech mein bana diya gaya hai, badbu aur bimari phail rahi hai. Kripya jald samadhan karein.",Sanitation & Garbage
GRV101150,"Dear officer, Patta zameen ka record Ranchi revenue office se galat show ho raha hai online portal par. Thank you.",Land Records & Revenue
GRV102146,"Respected Sir, गरीबी रेखा राशन कार्ड Jabalpur में गलत तरीके से रद्द कर दिया गया, फिर से चालू करवाएं। Please take urgent action.",Ration & Public Distribution System
GRV101269,"महोदय, Zameen ka daakhil kharij Adhartal tehsil mein 10 din se atka hua hai, koi karyawahi nahi ho rahi.",Land Records & Revenue
GRV102789,"Labour ka wages employer ne 5000 rupaye kam diya Shastri Colony site par, PF bhi nahi kata. कृपया जल्द कार्रवाई करें।",Employment & Labour
GRV100966,"EPF transfer Patna regional office se 15 din se atka hai, naya employer wait kar raha hai. Thank you.",Pension & Provident Fund
GRV100479,"Sir/Madam, पुलिया Patna में बारिश में डूब जाती है हर साल, स्थायी समाधान चाहिए। Kripya jald samadhan karein.",Roads & Infrastructure
GRV102427,"Sir/Madam, निर्माण अनुमति Gandhi Nagar नगर निगम से 5000 रुपए रिश्वत दिए बिना नहीं मिल रही। Bahut pareshaan hain hum log.",Corruption & Bribery
GRV102842,"Overtime paisa 10000 rupaye Jaipur factory se 1 mahine se nahi mila, HR jawab nahi de raha.",Employment & Labour
GRV100761,"Dear officer, गली में कचरा जलाया जा रहा है Gwalior में, dhuye se saans lene mein takleef ho rahi hai. Thank you.",Sanitation & Garbage
GRV101308,"महोदय, Theft complaint diye 3 din ho gaye Raipur mein, koi action nahi hua abhi tak. Bahut pareshaan hain hum log.",Police & Law and Order
GRV101685,"अस्पताल Lucknow में सफाई की बहुत खराब स्थिति है, संक्रमण फैलने का डर है। Please take urgent action.",Healthcare & Hospitals
GRV102114,"Dear officer, गरीबी रेखा राशन कार्ड Bhopal में गलत तरीके से रद्द कर दिया गया, फिर से चालू करवाएं।",Ration & Public Distribution System
GRV101198,"Respected Sir, अतिक्रमण Civil Lines में मेरी जमीन पर हुआ है, पटवारी और तहसीलदार को two weeks पहले शिकायत दी थी। Bahut pareshaan hain hum log.",Land Records & Revenue
GRV102756,"Sir/Madam, श्रम कार्यालय Patna में मजदूर के हक की शिकायत 3 din से लंबित है, कोई सुनवाई नहीं हुई। Otherwise we will protest.",Employment & Labour
GRV102450,"Sir/Madam, Bina ghoos diye Ward 12 sarkari office mein koi kaam nahi hota, staff khule aam paise maangta hai. Thank you.",Corruption & Bribery
GRV101534,"Primary health center Nagpur mein staff hi nahi hai 10 din se, gaon walo ko door jana padta hai ilaj ke liye. Thank you.",Healthcare & Hospitals
GRV102347,"Namaste sir, Fraud transaction 500 rupaye ka Jaipur branch account se hua hai, turant jaanch karwaye. Sadar naman.",Banking & Financial Services
GRV100755,"Kachra collection van Civil Lines area mein bilkul nhi aati, ghar ghar se kachra sadak par phenkna padta h. Otherwise we will protest.",Sanitation & Garbage
GRV102055,"Ration card Wright Town dukan par is mahine anaj nahi mila, dealer mana kar raha h. Please take urgent action.",Ration & Public Distribution System
GRV100254,"Namaste sir, बिजली का बिल 500 रुपए गलत आया है Napier Town पते पर, इसे ठीक करवाएं।",Electricity
GRV101099,"महोदय, Zameen ka daakhil kharij Shastri Colony tehsil mein 3 days se atka hua hai, koi karyawahi nahi ho rahi.",Land Records & Revenue
GRV102858,"महोदय, EPFO complaint diya tha 5 din pehle, response nahi aaya Shastri Colony regional office se.",Employment & Labour
GRV100029,"हैंडपंप Varanasi में खराब पड़ा है a month से, गांव में पानी की भारी किल्लत है। Kripya jald samadhan karein.",Water Supply
GRV100809,"Sir/Madam, सेवानिवृत्ति के बाद पेंशन खाता Ward 12 में अपडेट नहीं हुआ, 15 din से चक्कर काट रहे हैं। Otherwise we will protest.",Pension & Provident Fund
GRV101620,"Respected Sir, आयुष्मान कार्ड Jabalpur अस्पताल में मान्य नहीं किया जा रहा, मरीज को इलाज से मना कर दिया। Kripya jald samadhan karein.",Healthcare & Hospitals
GRV102202,"Sir/Madam, KYC update na hone ki wajah se account block ho gaya Raipur branch mein. Please take urgent action.",Banking & Financial Services
GRV101908,"स्कूल Adhartal में शौचालय की स्थिति बहुत खराब है, बच्चियां स्कूल आने से कतरा रही हैं। Please take urgent action.",Education & Schools
GRV102630,"Panchayat Jaipur mein yojna ka paisa bina commission diye release nahi hota, sarpanch ghoos maangta hai. Sadar naman.",Corruption & Bribery
GRV102764,"महोदय, श्रम कार्यालय Sector 7 में मजदूर के हक की शिकायत 3 days से लंबित है, कोई सुनवाई नहीं हुई। Please take urgent action.",Employment & Labour
GRV102798,"EPFO complaint diya tha 1 hafta pehle, response nhi aaya Nagpur regional office se. Otherwise we will protest.",Employment & Labour
GRV100814,"Sir/Madam, पेंशन फॉर्म में गलत बैंक खाता नंबर दर्ज हो गया है, कृपया सुधार करें। कृपया जल्द कार्रवाई करें।",Pension & Provident Fund
GRV101382,"Sir/Madam, Illegal encroachment aur jua Shastri Colony mohalle mein khule aam chal raha hai, police mook drashak bani hai. Otherwise we will protest.",Police & Law and Order
GRV102368,"महोदय, बैंक Raipur में सरकारी योजना का पैसा 2000 रुपए अभी तक जमा नहीं हुआ।",Banking & Financial Services
GRV101386,"Eve teasing Gandhi Nagar area mein badh gayi hai, mahilaye ghar se nikalne mein dari rehti hain. कृपया जल्द कार्रवाई करें।",Police & Law and Order
GRV101762,"Dear officer, School building Kanpur mein chhat tapakti hai barish mein, khatarnak sthiti hai. Kripya jald samadhan karein.",Education & Schools
GRV100463,"सड़क निर्माण Patna में घटिया सामग्री से हो रहा है, 5 din में ही टूटने लगी। Otherwise we will protest.",Roads & Infrastructure
GRV101545,"Respected Sir, Primary health center Napier Town mein staff hi nhi hai 1 mahine se, gaon walo ko door jana padta hai ilaj ke liye. Otherwise we will protest.",Healthcare & Hospitals
GRV100289,"महोदय, Power cut every day in Varanasi for hours, complaint filed 5 din ago no action.",Electricity
GRV100155,"Respected Sir, There has been no water supply in Ranchi for the last 2 hafte. Please resolve urgently. Thank you.",Water Supply
GRV100960,"Respected Sir, पेंशन फॉर्म में गलत बैंक खाता नंबर दर्ज हो गया है, कृपया सुधार करें।",Pension & Provident Fund
GRV100236,"Sir/Madam, Electricity wire loose latak rahi hai Adhartal mein, accident ka khatra hai, turant thik karwaye. Otherwise we will protest.",Electricity
GRV102007,"महोदय, राशन कार्ड में परिवार के सदस्य का नाम जुड़वाना है, Raipur कार्यालय में आवेदन दिया 20 din पहले।",Ration & Public Distribution System
GRV100694,"Respected Sir, नाली Kotwali area में जाम पड़ी है 2 hafte से, सफाई विभाग को कई बार बताया लेकिन कोई कार्रवाई नहीं हुई। Kripya jald samadhan karein.",Sanitation & Garbage
GRV101783,"Namaste sir, सरकारी स्कूल Napier Town में छात्रवृत्ति 1000 रुपए अभी तक नहीं आई। Thank you.",Education & Schools
GRV101529,"Ambulance Raipur bulane par 20 din ghante late aayi, emergency case tha. कृपया जल्द कार्रवाई करें।",Healthcare & Hospitals
GRV102958,"Dear officer, Domicile certificate Ward 12 mein a month se atka hua hai, job application ki deadline nikal rahi hai. Bahut pareshaan hain hum log.",Municipal Certificates
GRV101652,"महोदय, जननी सुरक्षा योजना का पैसा Adhartal अस्पताल से 2 hafte में नहीं मिला डिलीवरी के बाद। Kripya jald samadhan karein.",Healthcare & Hospitals
GRV102914,"Respected Sir, मनरेगा जॉब कार्ड Gandhi Nagar में 3 days से नहीं बना, काम भी नहीं मिल रहा। Kripya jald samadhan karein.",Employment & Labour
GRV102653,सरकारी दफ्तर Wright Town में बिना रिश्वत दिए कोई फाइल आगे नहीं बढ़ती। Kripya jald samadhan karein.,Corruption & Bribery
GRV102074,"Dear officer, गरीब परिवारों को Bhopal राशन दुकान से चीनी और तेल कई महीनों से नहीं मिल रहा। Bahut pareshaan hain hum log.",Ration & Public Distribution System
GRV100527,"Namaste sir, पुलिया Napier Town में बारिश में डूब जाती है हर साल, स्थायी समाधान चाहिए।",Roads & Infrastructure
GRV100337,"Electricity wire loose latak rahi hai Patna mein, accident ka khatra hai, turant thik karwaye.",Electricity
GRV101701,"Respected Sir, आयुष्मान कार्ड Adhartal अस्पताल में मान्य नहीं किया जा रहा, मरीज को इलाज से मना कर दिया। Bahut pareshaan hain hum log.",Healthcare & Hospitals
GRV100559,"Namaste sir, सड़क किनारे रेलिंग टूटी हुई है Gandhi Nagar में, वाहन गिरने का खतरा बना हुआ है। Sadar naman.",Roads & Infrastructure
GRV102333,"Respected Sir, Bank Lucknow branch mein loan application a month se pending hai, koi jawab nahi mil raha. Otherwise we will protest.",Banking & Financial Services
GRV101028,"Respected Sir, Zameen ka naamantaran Gandhi Nagar tehsil mein 5 din se pending hai. Otherwise we will protest.",Land Records & Revenue
GRV102035,"Dear officer, Ration card Raipur dukan par is mahine anaj nahi mila, dealer mana kar raha hai. कृपया जल्द कार्रवाई करें।",Ration & Public Distribution System
GRV100750,सफाई विभाग Madan Mahal में डोर टू डोर कचरा कलेक्शन बंद कर चुका है 5 din से। Sadar naman.,Sanitation & Garbage
GRV102140,राशन कार्ड धारकों को Ranchi में तय मात्रा से कम अनाज दिया जा रहा है हर महीने। कृपया जल्द कार्रवाई करें।,Ration & Public Distribution System
GRV101105,"महोदय, Zameen ka naamantaran Jaipur tehsil mein 15 din se pending hai.",Land Records & Revenue
GRV101611,"महोदय, सरकारी अस्पताल Raipur में दवाइयां उपलब्ध नहीं हैं, बाहर से खरीदनी पड़ रही है। Bahut pareshaan hain hum log.",Healthcare & Hospitals
GRV100271,"महोदय, Power cut every day in Patna for hours, complaint filed 3 days ago no action. कृपया जल्द कार्रवाई करें।",Electricity
GRV102939,"Sir/Madam, आय प्रमाण पत्र Kanpur कार्यालय से 3 days में नहीं बना, बार बार चक्कर लगवाया जा रहा है।",Municipal Certificates
GRV100360,"Sir/Madam, High voltage ki wajah se Kanpur mein kai gharo ke appliance jal gaye, compensation chahiye.",Electricity
GRV100851,"Sir/Madam, Old age pension band ho gayi h bina bataye, Pooja Sharma ko problem ho rahi hai. Otherwise we will protest.",Pension & Provident Fund
GRV101531,"Namaste sir, Ambulance Jaipur bulane par a month ghante late aayi, emergency case tha.",Healthcare & Hospitals
GRV103014,"आय प्रमाण पत्र Nagpur कार्यालय से 5 din में नहीं बना, बार बार चक्कर लगवाया जा रहा है। कृपया जल्द कार्रवाई करें।",Municipal Certificates
GRV101974,सरकारी स्कूल Sector 7 में छात्रवृत्ति 3000 रुपए अभी तक नहीं आई। कृपया जल्द कार्रवाई करें।,Education & Schools
GRV102900,"महोदय, Labour ka wages employer ne 3000 rupaye kam diya Madan Mahal site par, PF bhi nahi kata. Kripya jald samadhan karein.",Employment & Labour
GRV100185,"महोदय, हैंडपंप Nagpur में खराब पड़ा है 5 din से, गांव में पानी की भारी किल्लत है।",Water Supply
GRV100270,"बिजली का खंभा टूट कर सड़क पर गिरा है Varanasi में, दुर्घटना हो सकती है, कृपया जल्दी हटवाएं। Kripya jald samadhan karein.",Electricity
GRV101500,"Respected Sir, Chain snatching hui thi Sector 7 mein, police ne case follow up nahi kiya. Otherwise we will protest.",Police & Law and Order
GRV100748,"नाली Shastri Colony में जाम पड़ी है one week से, सफाई विभाग को कई बार बताया लेकिन कोई कार्रवाई नहीं हुई। Please take urgent action.",Sanitation & Garbage
GRV101187,"Respected Sir, Land record mein Deepak Chouhan ka naam galat likha hai, correction chahiye one week se request kar raha hoon.",Land Records & Revenue
GRV100069,"Dear officer, Municipal water connection Nagpur mein kaat diya gaya bina notice diye, paani ke bina pareshani ho rahi hai. Sadar naman.",Water Supply
GRV103024,"Namaste sir, निवास प्रमाण पत्र Wright Town कार्यालय से बनवाने में 15 din लग गए, अभी तक हाथ में नहीं मिला। Thank you.",Municipal Certificates
GRV101616,"Namaste sir, सरकारी अस्पताल Bhopal में दवाइयां उपलब्ध नहीं हैं, बाहर से खरीदनी पड़ रही है।",Healthcare & Hospitals
GRV103089,"Sir/Madam, विवाह प्रमाण पत्र Kanpur नगर निगम से 15 din में नहीं मिला, दस्तावेज बार बार मांगे जा रहे हैं। कृपया जल्द कार्रवाई करें।",Municipal Certificates
GRV102469,"Respected Sir, रिश्वत की मांग Ward 12 कार्यालय में हर छोटे काम के लिए की जाती है, यह भ्रष्टाचार बंद होना चाहिए। Thank you.",Corruption & Bribery
GRV101324,"Eve teasing Wright Town area mein badh gayi hai, mahilaye ghar se nikalne mein dari rehti hain. Sadar naman.",Police & Law and Order
GRV102591,"Sir/Madam, सरकारी दफ्तर Shastri Colony में बिना रिश्वत दिए कोई फाइल आगे नहीं बढ़ती। Otherwise we will protest.",Corruption & Bribery
GRV102047,"Anaj ki quality Madan Mahal ration dukan mein bahut kharab hai, keede lage hue chawal mil rahe hain. Sadar naman.",Ration & Public Distribution System
GRV100199,"Respected Sir, जल आपूर्ति विभाग Varanasi में शिकायत के बाद भी पानी की लाइन ठीक नहीं कर रहा।",Water Supply
GRV102751,"महोदय, श्रम कार्यालय Gandhi Nagar में मजदूर के हक की शिकायत 15 din से लंबित है, कोई सुनवाई नहीं हुई। Please take urgent action.",Employment & Labour
GRV102079,"महोदय, New ration card ke liye one week se apply kiya hai Gandhi Nagar office mein, abhi tak nahi bana.",Ration & Public Distribution System
GRV102461,"महोदय, सरकारी टेंडर Wright Town में बिना कमीशन दिए पास नहीं होता, यह भ्रष्टाचार जांच योग्य है। कृपया जल्द कार्रवाई करें।",Corruption & Bribery
GRV102338,"Dear officer, बैंक Jaipur में सरकारी योजना का पैसा 1000 रुपए अभी तक जमा नहीं हुआ। Sadar naman.",Banking & Financial Services
GRV102957,"महोदय, विवाह प्रमाण पत्र Sector 7 नगर निगम से 1 hafta में नहीं मिला, दस्तावेज बार बार मांगे जा रहे हैं। Otherwise we will protest.",Municipal Certificates
GRV102115,"Dear officer, गरीबी रेखा राशन कार्ड Bhopal में गलत तरीके से रद्द कर दिया गया, फिर से चालू करवाएं। Kripya jald samadhan karein.",Ration & Public Distribution System
GRV101477,"Theft complaint diye 3 days ho gaye Wright Town mein, koi action nahi hua abhi tak. Please take urgent action.",Police & Law and Order
GRV101548,"Sir/Madam, अस्पताल Model Town में सफाई की बहुत खराब स्थिति है, संक्रमण फैलने का डर है। Bahut pareshaan hn hum log.",Healthcare & Hospitals
GRV101389,"Dear officer, पुलिस थाना Madan Mahal में तैनात कर्मचारी रिश्वत मांग रहा है काम करने के लिए। Otherwise we will protest.",Police & Law and Order
GRV100514,"Sir/Madam, पुलिया Gandhi Nagar में बारिश में डूब जाती है हर साल, स्थायी समाधान चाहिए। Please take urgent action.",Roads & Infrastructure
GRV102549,"Respected Sir, Gandhi Nagar office mein kaam karwane ke liye clerk 2000 rupaye ghoos maang raha hai. Kripya jald samadhan karein.",Corruption & Bribery
GRV100390,"Sir/Madam, बिजली विभाग Shastri Colony में 2 hafte से शिकायत के बावजूद फॉल्ट ठीक नहीं कर रहा, पूरा मोहल्ला अंधेरे में है।",Electricity
GRV102948,"Character certificate Civil Lines police station se 1 mahine se pending hai, job joining rukh gayi hai. कृपया जल्द कार्रवाई करें।",Municipal Certificates
GRV100449,"Sir/Madam, No streetlight on the main road of Varanasi, very unsafe at night for 3 din now. Otherwise we will protest.",Roads & Infrastructure
GRV102364,"ATM Jabalpur mein a month se kharab hai, paise nahi nikal pa raha koi. Bahut pareshaan hain hum log.",Banking & Financial Services
GRV102807,"मनरेगा जॉब कार्ड Kanpur में 10 din से नहीं बना, काम भी नहीं मिल रहा।",Employment & Labour
GRV101244,"Respected Sir, भू-अभिलेख में गलती है, कृपया तहसीलदार Shastri Colony को निर्देश दें ठीक करने का। Thank you.",Land Records & Revenue
GRV100472,"Respected Sir, Road construction work Lucknow mein adhura pada hai 10 din se, traffic jam ho raha hai. Kripya jald samadhan karein.",Roads & Infrastructure
GRV102533,"Sir/Madam, Kanpur office mein kaam karwane ke liye clerk 10000 rupaye ghoos maang raha hai. Thank you.",Corruption & Bribery
GRV101589,"महोदय, Ambulance Wright Town bulane par 3 din ghante late aayi, emergency case tha. Kripya jald samadhan karein.",Healthcare & Hospitals
GRV100587,"Footpath Shastri Colony mein encroachment ho gaya hai, pedestrians ko sadak par chalna padta hai. Please take urgent action.",Roads & Infrastructure
GRV103044,"Respected Sir, निवास प्रमाण पत्र Bhopal कार्यालय से बनवाने में 1 mahine लग गए, अभी तक हाथ में नहीं मिला। Bahut pareshaan hain hum log.",Municipal Certificates
GRV101852,"Dear officer, छात्र का प्रमाण पत्र Raipur स्कूल से 1 mahine से नहीं मिल रहा, दाखिले में दिक्कत हो रही है। Otherwise we will protest.",Education & Schools
GRV101706,"Namaste sir, अस्पताल Indore में सफाई की बहुत खराब स्थिति है, संक्रमण फैलने का डर है। कृपया जल्द कार्रवाई करें।",Healthcare & Hospitals
GRV101018,"Sir/Madam, Widow pension application Bhopal office mein submit kiya tha, 20 din se koi update nahi. Thank you.",Pension & Provident Fund
GRV101527,"Sir/Madam, Ambulance Civil Lines bulane par 10 din ghante late aayi, emergency case tha.",Healthcare & Hospitals
GRV101242,"Respected Sir, Zameen ka naamantaran Jaipur tehsil mein 1 mahine se pending hai. Sadar naman.",Land Records & Revenue
GRV101865,"Dear officer, School building Civil Lines mein chhat tapakti h barish mein, khatarnak sthiti hai. Bahut pareshaan hain hum log.",Education & Schools
GRV102739,"Labour ka wages employer ne 5000 rupaye kam diya Gwalior site par, PF bhi nahi kata. Sadar naman.",Employment & Labour
GRV101526,"Dear officer, Free treatment scheme card ban gaya lekin hospital Jabalpur mein accept nahi kar rahe. Kripya jald samadhan karein.",Healthcare & Hospitals
GRV101594,"Sir/Madam, जननी सुरक्षा योजना का पैसा Ranchi अस्पताल से 3 days में नहीं मिला डिलीवरी के बाद। Please take urgent action.",Healthcare & Hospitals
GRV102704,"Sir/Madam, MGNREGA ki mazdoori 1 mahine se nahi mili Nagpur panchayat mein, ghar chalana mushkil ho gaya hai. Sadar naman.",Employment & Labour
GRV101772,"Respected Sir, सरकारी स्कूल Patna में छात्रवृत्ति 1500 रुपए अभी तक नहीं आई। Thank you.",Education & Schools
GRV102033,"महोदय, गरीब परिवारों को Shastri Colony राशन दुकान से चीनी और तेल कई महीनों से नहीं मिल रहा। Bahut pareshaan hain hum log.",Ration & Public Distribution System
GRV100017,"महोदय, Low water pressure in Lucknow pipeline, taps mein paani bahut kam aata hai subah. Otherwise we will protest.",Water Supply
GRV100563,"Namaste sir, Drainage cover sadak Varanasi mein tuta pada h, gaddi ka pahiya fasne se accident ho sakta hai. Thank you.",Roads & Infrastructure
GRV102216,"ATM Adhartal mein 3 din se kharab h, paise nahi nikal pa raha koi. Kripya jald samadhan karein.",Banking & Financial Services
GRV101349,"Namaste sir, Eve teasing Gwalior area mein badh gayi hai, mahilaye ghar se nikalne mein dari rehti hain.",Police & Law and Order
GRV102109,"Dear officer, Ration card Patna dukan par is mahine anaj nhi mila, dealer mana kar raha h. Sadar naman.",Ration & Public Distribution System
GRV100045,"Municipal water connection Madan Mahal mein kaat diya gaya bina notice diye, paani ke bina pareshani ho rahi hai. Thank you.",Water Supply
GRV102531,"Sir/Madam, निर्माण अनुमति Patna नगर निगम से 3000 रुपए रिश्वत दिए बिना नहीं मिल रही। Bahut pareshaan hain hum log.",Corruption & Bribery
GRV102638,"Dear officer, भ्रष्ट अधिकारी Raipur में बिना घूस लिए फाइल आगे नहीं बढ़ाता, कई बार शिकायत कर चुके हैं। Bahut pareshaan hain hum log.",Corruption & Bribery
GRV100606,"महोदय, Kachra Shastri Colony colony ke khali plot mein daala ja raha hai, badbu aur bimari ka khatra hai. Kripya jald samadhan karein.",Sanitation & Garbage
GRV102056,राशन कार्ड धारकों को Raipur में तय मात्रा से कम अनाज दिया जा रहा है हर महीने। कृपया जल्द कार्रवाई करें।,Ration & Public Distribution System
GRV100736,"Dear officer, गंदगी की वजह से Shastri Colony में मक्खी मच्छर बहुत बढ़ गए हैं, महामारी फैलने का डर है।",Sanitation & Garbage
GRV101172,"Respected Sir, अतिक्रमण Ranchi में मेरी जमीन पर हुआ है, पटवारी और तहसीलदार को 15 din पहले शिकायत दी थी। Kripya jald samadhan karein.",Land Records & Revenue
GRV100782,"Street sweeping Sector 7 area mein band ho gayi hai one week se, dust aur kachra jama ho gaya hai. कृपया जल्द कार्रवाई करें।",Sanitation & Garbage
GRV102250,"Dear officer, मेरे खाते से 500 रुपए गलत तरीके से कट गए Sector 7 शाखा से, वापस दिलवाएं। कृपया जल्द कार्रवाई करें।",Banking & Financial Services
GRV100219,"High voltage ki wajah se Nagpur mein kai gharo ke appliance jal gaye, compensation chahiye. Kripya jald samadhan karein.",Electricity
GRV100990,"Namaste sir, PF withdrawal request 2 hafte se pending hai, office se koi response nahi mil raha. कृपया जल्द कार्रवाई करें।",Pension & Provident Fund
GRV102509,"महोदय, सरकारी दफ्तर Indore में बिना रिश्वत दिए कोई फाइल आगे नहीं बढ़ती। Sadar naman.",Corruption & Bribery
GRV103045,"Sir/Madam, Domicile certificate Kanpur mein 1 hafta se atka hua hai, job application ki deadline nikal rahi hai. Sadar naman.",Municipal Certificates
GRV100408,"सड़क निर्माण Lucknow में घटिया सामग्री से हो रहा है, 5 din में ही टूटने लगी। Kripya jald samadhan karein.",Roads & Infrastructure
GRV100619,"Open drain Indore mein overflow ho raha hai, mosquito breeding ka khatra hai. Bahut pareshaan hain hum log.",Sanitation & Garbage
GRV103072,"प्रमाण पत्र पर नाम की स्पेलिंग गलत छप गई Indore नगर निगम से, correction ke liye baar baar chakkar. Otherwise we will protest.",Municipal Certificates
GRV100936,"Sir/Madam, पेंशनर सत्यापन Napier Town में हर साल परेशानी देता है, इस बार 3 din से पेंशन रुकी हुई है। कृपया जल्द कार्रवाई करें।",Pension & Provident Fund
GRV100513,"Road construction work Madan Mahal mein adhura pada h 3 din se, traffic jam ho raha hai. Otherwise we will protest.",Roads & Infrastructure
GRV102098,"महोदय, Ration dukan Adhartal mein tay samay par nahi khulti, logo ko baar baar chakkar lagana padta hai. Kripya jald samadhan karein.",Ration & Public Distribution System
GRV102341,"मेरे खाते से 3000 रुपए गलत तरीके से कट गए Jaipur शाखा से, वापस दिलवाएं।",Banking & Financial Services
GRV101971,"Sir/Madam, छात्र का प्रमाण पत्र Gandhi Nagar स्कूल से 5 din से नहीं मिल रहा, दाखिले में दिक्कत हो रही है।",Education & Schools
GRV101309,"Eve teasing Jabalpur area mein badh gayi hai, mahilaye ghar se nikalne mein dari rehti hain.",Police & Law and Order
GRV100613,"गंदगी की वजह से Ward 12 में मक्खी मच्छर बहुत बढ़ गए हैं, महामारी फैलने का डर है। Kripya jald samadhan karein.",Sanitation & Garbage
GRV101204,"महोदय, Land record mein Anil Yadav ka naam galat likha hai, correction chahiye 1 hafta se request kar raha hoon. Sadar naman.",Land Records & Revenue
GRV100708,"Garbage dump Ranchi mohalle ke beech mein bana diya gaya hai, badbu aur bimari phail rahi hai.",Sanitation & Garbage
GRV101936,"Respected Sir, निजी स्कूल Varanasi में फीस मनमानी बढ़ाई जा रही है, शिक्षा विभाग कार्रवाई नहीं कर रहा। कृपया जल्द कार्रवाई करें।",Education & Schools
GRV100905,"सेवानिवृत्ति के बाद पेंशन खाता Bhopal में अपडेट नहीं हुआ, 10 din से चक्कर काट रहे हैं। Thank you.",Pension & Provident Fund
GRV102777,"Sir/Madam, Labour ka wages employer ne 3000 rupaye kam diya Indore site par, PF bhi nahi kata. Thank you.",Employment & Labour
GRV100324,"बिजली का बिल 1500 रुपए गलत आया है Gwalior पते पर, इसे ठीक करवाएं। Please take urgent action.",Electricity
GRV102525,"महोदय, Varanasi office mein kaam karwane ke liye clerk 3000 rupaye ghoos maang raha hai.",Corruption & Bribery
GRV101388,"मोहल्ले में Madan Mahal में असामाजिक तत्वों का आतंक है, रात को शराब पीकर हंगामा करते हैं। Sadar naman.",Police & Law and Order
GRV100590,"कचरा गाड़ी Bhopal में नहीं आती है 15 din से, गली में गंदगी फैली है। Bahut pareshaan hain hum log.",Sanitation & Garbage
GRV102227,"Dear officer, मेरे खाते से 5000 रुपए गलत तरीके से कट गए Jaipur शाखा से, वापस दिलवाएं। Otherwise we will protest.",Banking & Financial Services
GRV103090,"Sir/Madam, विवाह प्रमाण पत्र Bhopal नगर निगम से 2 hafte में नहीं मिला, दस्तावेज बार बार मांगे जा रहे हैं। Thank you.",Municipal Certificates
GRV101648,"आयुष्मान कार्ड Varanasi अस्पताल में मान्य नहीं किया जा रहा, मरीज को इलाज से मना कर दिया।",Healthcare & Hospitals
GRV101841,"Sir/Madam, स्कूल Shastri Colony में शौचालय की स्थिति बहुत खराब है, बच्चियां स्कूल आने से कतरा रही हैं। Thank you.",Education & Schools
GRV100020,"महोदय, पीने के पानी की सप्लाई Bhopal में हफ्ते में सिर्फ एक बार आती है, बहुत परेशानी है।",Water Supply
GRV102172,"Ration card Shastri Colony dukan par is mahine anaj nahi mila, dealer mana kar raha hai. Kripya jald samadhan karein.",Ration & Public Distribution System
GRV102446,"Respected Sir, Inspector Kotwali area area mein business license ke liye bribe maang raha hai, video proof available hai. Kripya jald samadhan karein.",Corruption & Bribery
GRV100942,"Sir/Madam, मेरी पीएफ की राशि 10000 रुपए अभी तक ट्रांसफर नहीं हुई, 5 din हो गए आवेदन दिए।",Pension & Provident Fund
GRV100521,"Respected Sir, सड़क Sector 7 में बहुत खराब हालत में है, बारिश में कीचड़ हो जाता है, मरम्मत करवाएं। कृपया जल्द कार्रवाई करें।",Roads & Infrastructure
GRV101307,"Respected Sir, Chn snatching hui thi Madan Mahal mein, police ne case follow up nahi kiya. Bahut pareshaan hain hum log.",Police & Law and Order
GRV102302,"Respected Sir, ATM Nagpur mein 15 din se kharab hai, paise nahi nikal pa raha koi. कृपया जल्द कार्रवाई करें।",Banking & Financial Services
GRV100476,"No streetlight on the main road of Patna, very unsafe at night for two weeks now. Thank you.",Roads & Infrastructure
GRV100294,"Transformer blast ho gaya Ward 12 mein, area mein bijli nahi hai 1 mahine se, jldi replace karwaye. Bahut pareshaan hain hum log.",Electricity
GRV101195,"अतिक्रमण Ward 12 में मेरी जमीन पर हुआ है, पटवारी और तहसीलदार को 1 mahine पहले शिकायत दी थी। Bahut pareshaan hain hum log.",Land Records & Revenue
GRV102519,"Namaste sir, निर्माण अनुमति Raipur नगर निगम से 1500 रुपए रिश्वत दिए बिना नहीं मिल रही। Otherwise we will protest.",Corruption & Bribery
GRV101020,"Old age pension band ho gayi hai bina bataye, Deepak Chouhan ko problem ho rahi hai. Bahut pareshaan hain hum log.",Pension & Provident Fund
GRV100494,"Dear officer, Nagpur ki sadak par bada gaddha ho gaya hai, one week pehle accident bhi hua tha. Kripya jald samadhan karein.",Roads & Infrastructure
GRV101400,"Theft complaint diye two weeks ho gaye Ranchi mein, koi action nahi hua abhi tak. Otherwise we will protest.",Police & Law and Order
GRV101270,Patta zameen ka record Indore revenue office se galat show ho raha hai online portal par. Sadar naman.,Land Records & Revenue
GRV100784,"Public toilet Ranchi ke paas bahut ganda hai, safai nahi hoti kai dino se. Otherwise we will protest.",Sanitation & Garbage
GRV103046,"Sir/Madam, Character certificate Madan Mahal police station se 3 days se pending hai, job joining rukh gayi hai.",Municipal Certificates
GRV101249,"अतिक्रमण Shastri Colony में मेरी जमीन पर हुआ है, पटवारी और तहसीलदार को 5 din पहले शिकायत दी थी। Sadar naman.",Land Records & Revenue
GRV100162,"Sir/Madam, पीने के पानी की सप्लाई Lucknow में हफ्ते में सिर्फ एक बार आती है, बहुत परेशानी है। Please take urgent action.",Water Supply
GRV100359,"महोदय, Transformer blast ho gaya Lucknow mein, area mein bijli nahi hai 5 din se, jaldi replace karwaye. Thank you.",Electricity
GRV102903,"Namaste sir, श्रम कार्यालय Jabalpur में मजदूर के हक की शिकायत 15 din से लंबित है, कोई सुनवाई नहीं हुई। कृपया जल्द कार्रवाई करें।",Employment & Labour
GRV100369,"Dear officer, Electricity wire loose latak rahi hai Gandhi Nagar mein, accident ka khatra hai, turant thik karwaye. Please take urgent action.",Electricity
GRV101624,"Sir/Madam, आयुष्मान कार्ड Wright Town अस्पताल में मान्य नहीं किया जा रहा, मरीज को इलाज से मना कर दिया। कृपया जल्द कार्रवाई करें।",Healthcare & Hospitals
GRV101397,"गुमशुदगी की रिपोर्ट Varanasi थाने में 20 din पहले दी थी, अभी तक कोई तलाश शुरू नहीं हुई। Please take urgent action.",Police & Law and Order
GRV102515,"Sir/Madam, Panchayat Raipur mein yojna ka paisa bina commission diye release nahi hota, sarpanch ghoos maangta hai.",Corruption & Bribery
GRV100844,"Dear officer, सेवानिवृत्ति के बाद पेंशन खाता Indore में अपडेट नहीं हुआ, 10 din से चक्कर काट रहे हैं। Kripya jald samadhan karein.",Pension & Provident Fund
GRV102617,निर्माण अनुमति Indore नगर निगम से 500 रुपए रिश्वत दिए बिना नहीं मिल रही।,Corruption & Bribery
GRV100501,"Namaste sir, पुलिया Civil Lines में बारिश में डूब जाती है हर साल, स्थायी समाधान चाहिए। Otherwise we will protest.",Roads & Infrastructure
GRV102540,"Clerk ne 1500 rupaye maange Gandhi Nagar office mein pension file aage badhane ke liye, ghoos lena band karwaye. Bahut pareshaan hain hum log.",Corruption & Bribery
GRV100883,"Sir/Madam, पेंशन फॉर्म में गलत बैंक खाता नंबर दर्ज हो गया है, कृपया सुधार करें। Kripya jald samadhan karein.",Pension & Provident Fund
GRV100768,"Respected Sir, कचरा गाड़ी Madan Mahal में नहीं आती है 3 days से, गली में गंदगी फैली है। Thank you.",Sanitation & Garbage
GRV102576,"Bina ghoos diye Varanasi sarkari office mein koi kaam nahi hota, staff khule aam paise maangta hai. कृपया जल्द कार्रवाई करें।",Corruption & Bribery
GRV100601,"Garbage dump Indore mohalle ke beech mein bana diya gaya h, badbu aur bimari phail rahi hai. Bahut pareshaan hain hum log.",Sanitation & Garbage
GRV100115,"पिछले 10 din से हमारे इलाके Adhartal में पानी की सप्लाई बंद है, कृपया जल्दी ठीक करवाएं। कृपया जल्द कार्रवाई करें।",Water Supply
GRV101631,"Sir/Madam, Primary health center Nagpur mein staff hi nahi hai 1 hafta se, gaon walo ko door jana padta hai ilaj ke liye. Otherwise we will protest.",Healthcare & Hospitals
GRV100665,"Sir/Madam, नाली Civil Lines में जाम पड़ी है a month से, सफाई विभाग को कई बार बताया लेकिन कोई कार्रवाई नहीं हुई। Bahut pareshaan hain hum log.",Sanitation & Garbage
GRV100095,"Respected Sir, Hamare Wright Town mohalle mein pichle 3 days se paani nahi aa raha hai, jaldi thik karwaye. कृपया जल्द कार्रवाई करें।",Water Supply
GRV100060,"महोदय, Sir humara water tanker Jabalpur area mein nahi aata, complaint diye 5 din ho gaye. कृपया जल्द कार्रवाई करें।",Water Supply
GRV101851,"Sir/Madam, सरकारी स्कूल Sector 7 में छात्रवृत्ति 3000 रुपए अभी तक नहीं आई। Bahut pareshaan hain hum log.",Education & Schools
GRV102716,"मनरेगा जॉब कार्ड Napier Town में 1 mahine से नहीं बना, काम भी नहीं मिल रहा।",Employment & Labour
GRV102812,"Namaste sir, Construction site Nagpur par bina helmet aur safety belt ke kaam karwaya ja raha hai mazdooro se.",Employment & Labour
GRV101818,"Respected Sir, Sarkari school Gwalior mein 2 hafte se teacher nahi aa raha hai, padhai band hai. Otherwise we will protest.",Education & Schools
GRV102077,"Namaste sir, गरीबी रेखा राशन कार्ड Wright Town में गलत तरीके से रद्द कर दिया गया, फिर से चालू करवाएं। Sadar naman.",Ration & Public Distribution System
GRV102838,"Sir/Madam, MGNREGA ki mazdoori two weeks se nahi mili Kanpur panchayat mein, ghar chalana mushkil ho gaya hai. Otherwise we will protest.",Employment & Labour
GRV101778,"महोदय, छात्र का प्रमाण पत्र Nagpur स्कूल से 15 din से नहीं मिल रहा, दाखिले में दिक्कत हो रही है। Please take urgent action.",Education & Schools
GRV100371,"महोदय, बिजली का खंभा टूट कर सड़क पर गिरा है Kotwali area में, दुर्घटना हो सकती है, कृपया जल्दी हटवाएं। Sadar naman.",Electricity
GRV102286,"Sir/Madam, Bank Bhopal branch mein loan application 2 hafte se pending hai, koi jawab nahi mil raha. Thank you.",Banking & Financial Services
GRV101178,"Namaste sir, भू-अभिलेख में गलती है, कृपया तहसीलदार Lucknow को निर्देश दें ठीक करने का। Thank you.",Land Records & Revenue
GRV100962,"Respected Sir, पेंशनर सत्यापन Bhopal में हर साल परेशानी देता है, इस बार 1 mahine से पेंशन रुकी हुई है। Thank you.",Pension & Provident Fund
GRV102774,"मनरेगा जॉब कार्ड Jaipur में 3 days से नहीं बना, काम भी नहीं मिल रहा।",Employment & Labour
GRV102676,"Respected Sir, मनरेगा जॉब कार्ड Jabalpur में one week से नहीं बना, काम भी नहीं मिल रहा। Otherwise we will protest.",Employment & Labour
GRV101999,"Namaste sir, Fair price shop Indore mein weighing machine kharab h, kam tola jata hai anaj.",Ration & Public Distribution System
GRV101298,"मोहल्ले में Gandhi Nagar में असामाजिक तत्वों का आतंक है, रात को शराब पीकर हंगामा करते हैं। Sadar naman.",Police & Law and Order
GRV103035,"महोदय, प्रमाण पत्र पर नाम की स्पेलिंग गलत छप गई Kotwali area नगर निगम से, correction ke liye baar baar chakkar.",Municipal Certificates
GRV101346,"Respected Sir, पुलिस थाना Civil Lines में तैनात कर्मचारी रिश्वत मांग रहा है काम करने के लिए। कृपया जल्द कार्रवाई करें।",Police & Law and Order
GRV102776,"Overtime paisa 3000 rupaye Wright Town factory se two weeks se nahi mila, HR jawab nahi de raha. कृपया जल्द कार्रवाई करें।",Employment & Labour
GRV101629,"महोदय, सरकारी अस्पताल Civil Lines में दवाइयां उपलब्ध नहीं हैं, बाहर से खरीदनी पड़ रही है। Please take urgent action.",Healthcare & Hospitals
GRV101387,"महोदय, Chain snatching hui thi Ranchi mein, police ne case follow up nahi kiya.",Police & Law and Order
GRV102901,"Respected Sir, MGNREGA ki mazdoori 3 din se nhi mili Raipur panchayat mein, ghar chalana mushkil ho gaya h. Bahut pareshaan hain hum log.",Employment & Labour
GRV101924,"स्कूल Varanasi में शौचालय की स्थिति बहुत खराब है, बच्चियां स्कूल आने से कतरा रही हैं।",Education & Schools
GRV100307,"Sir/Madam, Streetlights Varanasi mein 15 din se band hai, raat ko andhera rehta hai bijli na hone se. Sadar naman.",Electricity
GRV100633,"Namaste sir, सफाई विभाग Shastri Colony में डोर टू डोर कचरा कलेक्शन बंद कर चुका है 5 din से। Otherwise we will protest.",Sanitation & Garbage
GRV101680,"Sir/Madam, Free treatment scheme card ban gaya lekin hospital Gandhi Nagar mein accept nahi kar rahe. Please take urgent action.",Healthcare & Hospitals
GRV100591,"Dear officer, नाली Model Town में जाम पड़ी है 3 days से, सफाई विभाग को कई बार बताया लेकिन कोई कार्रवाई नहीं हुई। Please take urgent action.",Sanitation & Garbage
GRV100063,"जल संकट Napier Town क्षेत्र में 1 hafta से गंभीर बना हुआ है, पानी के लिए दूर तक जाना पड़ रहा है।",Water Supply
GRV101872,"Respected Sir, छात्र का प्रमाण पत्र Patna स्कूल से 20 din से नहीं मिल रहा, दाखिले में दिक्कत हो रही है। Please take urgent action.",Education & Schools
GRV100409,"Footpath Indore mein encroachment ho gaya hai, pedestrians ko sadak par chalna padta hai.",Roads & Infrastructure
GRV101804,"Dear officer, Teacher transfer Wright Town school se a month pehle hua tha, replacement abhi tak nahi mila, class khali padi hai. Kripya jald samadhan karein.",Education & Schools
GRV102289,"ATM Indore mein 3 days se kharab hai, paise nahi nikal pa raha koi. Thank you.",Banking & Financial Services
GRV101360,"Sir/Madam, मोहल्ले में Varanasi में असामाजिक तत्वों का आतंक है, रात को शराब पीकर हंगामा करते हैं।",Police & Law and Order
GRV102058,"Sir/Madam, Ration dukan Civil Lines mein tay samay par nahi khulti, logo ko baar baar chakkar lagana padta hai. Otherwise we will protest.",Ration & Public Distribution System
GRV102274,"मेरे खाते से 1000 रुपए गलत तरीके से कट गए Model Town शाखा से, वापस दिलवाएं।",Banking & Financial Services
GRV100152,"Namaste sir, हैंडपंप Kanpur में खराब पड़ा है one week से, गांव में पानी की भारी किल्लत है। Otherwise we will protest.",Water Supply
GRV102029,"Namaste sir, राशन कार्ड में परिवार के सदस्य का नाम जुड़वाना है, Jabalpur कार्यालय में आवेदन दिया 1 mahine पहले।",Ration & Public Distribution System
GRV100624,"Dear officer, गंदगी की वजह से Madan Mahal में मक्खी मच्छर बहुत बढ़ गए हैं, महामारी फैलने का डर है।",Sanitation & Garbage
GRV101582,"Ambulance Sector 7 bulane par 2 hafte ghante late aayi, emergency case tha. Sadar naman.",Healthcare & Hospitals
GRV101562,"Dear officer, सरकारी अस्पताल Civil Lines में दवाइयां उपलब्ध नहीं हैं, बाहर से खरीदनी पड़ रही है। कृपया जल्द कार्रवाई करें।",Healthcare & Hospitals
GRV102853,"MGNREGA ki mazdoori a month se nahi mili Napier Town panchayat mein, ghar chalana mushkil ho gaya hai. Bahut pareshaan hain hum log.",Employment & Labour
GRV101304,"Eve teasing Napier Town area mein badh gayi hai, mahilaye ghar se nikalne mein dari rehti hain. कृपया जल्द कार्रवाई करें।",Police & Law and Order
GRV100179,"टंकी का पानी Lucknow में सीवर के पानी से मिल गया है, तुरंत जांच करवाएं। Please take urgent action.",Water Supply
GRV101683,"Dear officer, Free treatment scheme card ban gaya lekin hospital Adhartal mein accept nahi kar rahe. Otherwise we will protest.",Healthcare & Hospitals
GRV102218,"ATM Lucknow mein 15 din se kharab hai, paise nhi nikal pa raha koi. Sadar naman.",Banking & Financial Services
GRV102609,"Officer Gandhi Nagar mein bina paise liye certificate nahi de raha, complain chahiye.",Corruption & Bribery
GRV100979,"Sir/Madam, पेंशनर सत्यापन Raipur में हर साल परेशानी देता है, इस बार 3 din से पेंशन रुकी हुई है।",Pension & Provident Fund
GRV100773,"Sir/Madam, Street sweeping Sector 7 area mein band ho gayi hai two weeks se, dust aur kachra jama ho gaya hai. Sadar naman.",Sanitation & Garbage
GRV101319,"Sir/Madam, मोहल्ले में Nagpur में असामाजिक तत्वों का आतंक है, रात को शराब पीकर हंगामा करते हैं।",Police & Law and Order
GRV102539,"Dear officer, Ranchi office mein kaam karwane ke liye clerk 500 rupaye ghoos maang raha hai. Thank you.",Corruption & Bribery
GRV101546,"सरकारी अस्पताल Kanpur में दवाइयां उपलब्ध नहीं हैं, बाहर से खरीदनी पड़ रही है। Bahut pareshaan hain hum log.",Healthcare & Hospitals
GRV101362,"Eve teasing Model Town area mein badh gayi hai, mahilaye ghar se nikalne mein dari rehti hain. Otherwise we will protest.",Police & Law and Order
GRV101414,"महोदय, Eve teasing Gandhi Nagar area mein badh gayi hai, mahilaye ghar se nikalne mein dari rehti hain. Otherwise we will protest.",Police & Law and Order
GRV102293,"Sir/Madam, Fraud transaction 1000 rupaye ka Adhartal branch account se hua h, turant jaanch karwaye. Thank you.",Banking & Financial Services
GRV101830,"Sir/Madam, निजी स्कूल Indore में फीस मनमानी बढ़ाई जा रही है, शिक्षा विभाग कार्रवाई नहीं कर रहा। कृपया जल्द कार्रवाई करें।",Education & Schools
GRV100609,"Respected Sir, Sewage line Varanasi mein block ho gayi h, ghar ke andar gandi nali ka kachra bhar raha hai.",Sanitation & Garbage
GRV102006,"Namaste sir, Ration dukan Varanasi mein tay samay par nahi khulti, logo ko baar baar chakkar lagana padta hai. कृपया जल्द कार्रवाई करें।",Ration & Public Distribution System
GRV102934,"Dear officer, OBC certificate Patna tehsil se renew karwana tha, a month se application stuck hai portal par. Thank you.",Municipal Certificates
GRV102965,"महोदय, प्रमाण पत्र पर नाम की स्पेलिंग गलत छप गई Model Town नगर निगम से, correction ke liye baar baar chakkar. Sadar naman.",Municipal Certificates
GRV102229,"Dear officer, मेरे खाते से 5000 रुपए गलत तरीके से कट गए Kanpur शाखा से, वापस दिलवाएं। Otherwise we will protest.",Banking & Financial Services
GRV101095,"भू-अभिलेख में गलती है, कृपया तहसीलदार Madan Mahal को निर्देश दें ठीक करने का। Thank you.",Land Records & Revenue
GRV102932,"विवाह प्रमाण पत्र Indore नगर निगम से 3 days में नहीं मिला, दस्तावेज बार बार मांगे जा रहे हैं।",Municipal Certificates
GRV101393,"Chain snatching hui thi Bhopal mein, police ne case follow up nahi kiya. Thank you.",Police & Law and Order
GRV102480,"Respected Sir, Officer Ward 12 mein bina paise liye certificate nahi de raha, complaint chahiye. कृपया जल्द कार्रवाई करें।",Corruption & Bribery
GRV102336,"Bank Lucknow branch mein loan application 10 din se pending hai, koi jawab nahi mil raha. Sadar naman.",Banking & Financial Services
GRV100286,"Dear officer, बिजली का खंभा टूट कर सड़क पर गिरा है Kotwali area में, दुर्घटना हो सकती है, कृपया जल्दी हटवाएं। Please take urgent action.",Electricity
GRV100560,"पुल Sector 7 में टूटा हुआ है, बच्चे स्कूल जाने में डरते हैं, कृपया जल्दी बनवाएं। Otherwise we will protest.",Roads & Infrastructure
GRV102082,"महोदय, गरीब परिवारों को Ward 12 राशन दुकान से चीनी और तेल कई महीनों से नहीं मिल रहा। Thank you.",Ration & Public Distribution System
GRV100781,"Dear officer, Kachra collection van Jabalpur area mein bilkul nahi aati, ghar ghar se kachra sadak par phenkna padta hai. Kripya jald samadhan karein.",Sanitation & Garbage
GRV101572,"Namaste sir, सरकारी अस्पताल Nagpur में दवाइयां उपलब्ध नहीं हैं, बाहर से खरीदनी पड़ रही है। Otherwise we will protest.",Healthcare & Hospitals
GRV100593,"Respected Sir, Kachra collection van Adhartal area mein bilkul nahi aati, ghar ghar se kachra sadak par phenkna padta hai. Bahut pareshaan hain hum log.",Sanitation & Garbage
GRV101871,"Namaste sir, सरकारी स्कूल Ranchi में छात्रवृत्ति 1500 रुपए अभी तक नहीं आई। Bahut pareshaan hn hum log.",Education & Schools
GRV102351,"ATM Indore mein 20 din se kharab hai, paise nahi nikal pa raha koi. Kripya jald samadhan karein.",Banking & Financial Services
GRV101935,"स्कूल Patna में शौचालय की स्थिति बहुत खराब है, बच्चियां स्कूल आने से कतरा रही हैं। Thank you.",Education & Schools
GRV101977,"Sarkari school Madan Mahal mein 20 din se teacher nahi aa raha hai, padhai band hai.",Education & Schools
GRV101702,"Sir/Madam, जननी सुरक्षा योजना का पैसा Madan Mahal अस्पताल से 2 hafte में नहीं मिला डिलीवरी के बाद।",Healthcare & Hospitals
GRV101120,"Namaste sir, Zameen ka naamantaran Kanpur tehsil mein 5 din se pending hai.",Land Records & Revenue
GRV102085,"Anaj ki quality Jaipur ration dukan mein bahut kharab hai, keede lage hue chawal mil rahe hain.",Ration & Public Distribution System
GRV101196,"Respected Sir, मेरी जमीन का सीमांकन Jabalpur में गलत हो गया है, पड़ोसी ने कब्जा कर लिया है।",Land Records & Revenue
GRV102147,"महोदय, PDS shop Model Town mein gehu aur chawal is mahine bilkul nahi mila, dealer bahana bana raha hai.",Ration & Public Distribution System
GRV100631,"Sir/Madam, गली में कचरा जलाया जा रहा है Patna में, dhuye se saans lene mein takleef ho rahi hai.",Sanitation & Garbage
GRV100482,"Drainage cover sadak Lucknow mein tuta pada hai, gaddi ka pahiya fasne se accident ho sakta hai. Please take urgent action.",Roads & Infrastructure
GRV101891,सरकारी स्कूल Adhartal में छात्रवृत्ति 10000 रुपए अभी तक नहीं आई।,Education & Schools
GRV100465,"Namaste sir, Footpath Bhopal mein encroachment ho gaya hai, pedestrians ko sadak par chalna padta hai. Sadar naman.",Roads & Infrastructure
GRV102489,"Sir/Madam, रिश्वत की मांग Patna कार्यालय में हर छोटे काम के लिए की जाती है, यह भ्रष्टाचार बंद होना चाहिए। Kripya jald samadhan karein.",Corruption & Bribery
GRV102321,"Namaste sir, ATM Madan Mahal mein 20 din se kharab hai, paise nahi nikal pa raha koi. Sadar naman.",Banking & Financial Services
GRV101672,"Respected Sir, Primary health center Napier Town mein staff hi nhi h 20 din se, gaon walo ko door jana padta hai ilaj ke liye. Thank you.",Healthcare & Hospitals
GRV100057,"Sir/Madam, Low water pressure in Jaipur pipeline, taps mein paani bahut kam aata hai subah. Please take urgent action.",Water Supply
GRV101273,"Namaste sir, भू-अभिलेख में गलती है, कृपया तहसीलदार Gwalior को निर्देश दें ठीक करने का।",Land Records & Revenue
GRV100649,"Dear officer, सफाई विभाग Gandhi Nagar में डोर टू डोर कचरा कलेक्शन बंद कर चुका है 2 hafte से। Otherwise we will protest.",Sanitation & Garbage
GRV102916,"महोदय, श्रम कार्यालय Napier Town में मजदूर के हक की शिकायत 5 din से लंबित है, कोई सुनवाई नहीं हुई। Kripya jald samadhan karein.",Employment & Labour
GRV102452,"Sir/Madam, रिश्वत की मांग Sector 7 कार्यालय में हर छोटे काम के लिए की जाती है, यह भ्रष्टाचार बंद होना चाहिए।",Corruption & Bribery
GRV102520,Government scheme ka labh Rajesh Verma ko Napier Town mein tabhi mila jab 1500 rupaye commission diya. Kripya jald samadhan karein.,Corruption & Bribery
GRV101986,"महोदय, गरीबी रेखा राशन कार्ड Nagpur में गलत तरीके से रद्द कर दिया गया, फिर से चालू करवाएं।",Ration & Public Distribution System
GRV102724,"Dear officer, श्रम कार्यालय Kotwali area में मजदूर के हक की शिकायत 2 hafte से लंबित है, कोई सुनवाई नहीं हुई।",Employment & Labour
GRV101180,"Namaste sir, Land record mein Pooja Sharma ka naam galat likha hai, correction chahiye 10 din se request kar raha hoon. Thank you.",Land Records & Revenue
GRV102747,"Dear officer, बेरोजगारी भत्ता Jabalpur employment office se a month से नहीं मिला आवेदन के बावजूद। Please take urgent action.",Employment & Labour
GRV103025,"Income certificate online apply Ward 12 portal par kiya tha, 1 hafta se status pending dikha raha hai.",Municipal Certificates
GRV102905,"मनरेगा जॉब कार्ड Kotwali area में 5 din से नहीं बना, काम भी नहीं मिल रहा। Kripya jald samadhan karein.",Employment & Labour
GRV100212,"हैंडपंप Shastri Colony में खराब पड़ा है two weeks से, गांव में पानी की भारी किल्लत है। Otherwise we will protest.",Water Supply
GRV101811,"छात्र का प्रमाण पत्र Gandhi Nagar स्कूल से 10 din से नहीं मिल रहा, दाखिले में दिक्कत हो रही है। Bahut pareshaan hain hum log.",Education & Schools
GRV102042,"महोदय, PDS shop Madan Mahal mein gehu aur chawal is mahine bilkul nahi mila, dealer bahana bana raha hai. Otherwise we will protest.",Ration & Public Distribution System
GRV103047,"विवाह प्रमाण पत्र Kotwali area नगर निगम से 20 din में नहीं मिला, दस्तावेज बार बार मांगे जा रहे हैं। Otherwise we will protest.",Municipal Certificates
GRV102124,"Respected Sir, Ration dukan Adhartal mein tay samay par nhi khulti, logo ko baar baar chakkar lagana padta hai. Thank you.",Ration & Public Distribution System
GRV100769,"Dear officer, सफाई विभाग Madan Mahal में डोर टू डोर कचरा कलेक्शन बंद कर चुका है 1 hafta से। Thank you.",Sanitation & Garbage
GRV100223,"बिजली विभाग Nagpur में a month से शिकायत के बावजूद फॉल्ट ठीक नहीं कर रहा, पूरा मोहल्ला अंधेरे में है।",Electricity
GRV101693,"Namaste sir, अस्पताल Model Town में सफाई की बहुत खराब स्थिति है, संक्रमण फैलने का डर है। Sadar naman.",Healthcare & Hospitals
GRV101893,"Namaste sir, निजी स्कूल Gandhi Nagar में फीस मनमानी बढ़ाई जा रही है, शिक्षा विभाग कार्रवाई नहीं कर रहा। Sadar naman.",Education & Schools
GRV100005,"हैंडपंप Lucknow में खराब पड़ा है 3 days से, गांव में पानी की भारी किल्लत है। Kripya jald samadhan karein.",Water Supply
GRV102108,"Namaste sir, Anaj ki quality Raipur ration dukan mein bahut kharab hai, keede lage hue chawal mil rahe hain. Please take urgent action.",Ration & Public Distribution System
GRV101656,"Respected Sir, सरकारी अस्पताल Gwalior में दवाइयां उपलब्ध नहीं हैं, बाहर से खरीदनी पड़ रही है। कृपया जल्द कार्रवाई करें।",Healthcare & Hospitals
GRV100475,"Sir/Madam, Road construction work Raipur mein adhura pada hai two weeks se, traffic jam ho raha hai. Thank you.",Roads & Infrastructure
GRV101325,"महोदय, Chain snatching hui thi Patna mein, police ne case follow up nahi kiya.",Police & Law and Order
GRV102423,"महोदय, सरकारी टेंडर Shastri Colony में बिना कमीशन दिए पास नहीं होता, यह भ्रष्टाचार जांच योग्य है। Kripya jald samadhan karein.",Corruption & Bribery
GRV102994,"महोदय, Income certificate online apply Sector 7 portal par kiya tha, two weeks se status pending dikha raha hai. Kripya jald samadhan karein.",Municipal Certificates
GRV100361,"Dear officer, बिजली विभाग Gwalior में 3 din से शिकायत के बावजूद फॉल्ट ठीक नहीं कर रहा, पूरा मोहल्ला अंधेरे में है। कृपया जल्द कार्रवाई करें।",Electricity
GRV102429,Madan Mahal office mein kaam karwane ke liye clerk 500 rupaye ghoos maang raha hai. Thank you.,Corruption & Bribery
GRV100151,"महोदय, Water supply valve Gandhi Nagar colony mein kharab h, sirf ek ghanta paani aata hai roz. Kripya jald samadhan karein.",Water Supply
GRV101641,"Ambulance Jabalpur bulane par one week ghante late aayi, emergency case tha. Bahut pareshaan hain hum log.",Healthcare & Hospitals
GRV102222,"महोदय, ATM Lucknow mein 1 mahine se kharab hai, paise nahi nikal pa raha koi. Bahut pareshaan hain hum log.",Banking & Financial Services
GRV102030,"Ration card Indore dukan par is mahine anaj nahi mila, dealer mana kar raha hai. Kripya jald samadhan karein.",Ration & Public Distribution System
GRV102649,"Namaste sir, निर्माण अनुमति Gwalior नगर निगम से 1500 रुपए रिश्वत दिए बिना नहीं मिल रही। Kripya jald samadhan karein.",Corruption & Bribery
GRV101351,"मोहल्ले में Gandhi Nagar में असामाजिक तत्वों का आतंक है, रात को शराब पीकर हंगामा करते हैं। Kripya jald samadhan karein.",Police & Law and Order
GRV100659,"कचरा गाड़ी Jabalpur में नहीं आती है 3 days से, गली में गंदगी फैली है।",Sanitation & Garbage
GRV100429,"Sir/Madam, Drainage cover sadak Ward 12 mein tuta pada hai, gaddi ka pahiya fasne se accident ho sakta hai. Please take urgent action.",Roads & Infrastructure
GRV101316,"महोदय, पुलिस थाना Gandhi Nagar में तैनात कर्मचारी रिश्वत मांग रहा है काम करने के लिए। Thank you.",Police & Law and Order
GRV101366,"Respected Sir, Eve teasing Shastri Colony area mein badh gayi hai, mahilaye ghar se nikalne mein dari rehti hain. Sadar naman.",Police & Law and Order
GRV102586,"महोदय, Clerk ne 5000 rupaye maange Madan Mahal office mein pension file aage badhane ke liye, ghoos lena band karwaye.",Corruption & Bribery
GRV101426,"Illegal encroachment aur jua Jaipur mohalle mein khule aam chal raha hai, police mook drashak bani hai.",Police & Law and Order
GRV101926,"Sarkari school Gwalior mein two weeks se teacher nahi aa raha hai, padhai band hai. Thank you.",Education & Schools
GRV100374,"Namaste sir, Transformer blast ho gaya Indore mein, area mein bijli nahi hai 20 din se, jaldi replace karwaye. कृपया जल्द कार्रवाई करें।",Electricity
GRV102258,"Bank Jabalpur branch mein loan application a month se pending h, koi jawab nhi mil raha. Kripya jald samadhan karein.",Banking & Financial Services
GRV102923,"Sir/Madam, मनरेगा जॉब कार्ड Civil Lines में 1 hafta से नहीं बना, काम भी नहीं मिल रहा। Sadar naman.",Employment & Labour
GRV100744,"गली में कचरा जलाया जा रहा है Bhopal में, dhuye se saans lene mein takleef ho rahi h. Otherwise we will protest.",Sanitation & Garbage
GRV102442,"महोदय, Clerk ne 1000 rupaye maange Adhartal office mein pension file aage badhane ke liye, ghoos lena band karwaye.",Corruption & Bribery
GRV102561,"Dear officer, सरकारी टेंडर Varanasi में बिना कमीशन दिए पास नहीं होता, यह भ्रष्टाचार जांच योग्य है। Please take urgent action.",Corruption & Bribery
GRV102126,"Anaj ki quality Sector 7 ration dukan mein bahut kharab hai, keede lage hue chawal mil rahe hain. Sadar naman.",Ration & Public Distribution System
GRV102642,सरकारी दफ्तर Adhartal में बिना रिश्वत दिए कोई फाइल आगे नहीं बढ़ती। Kripya jald samadhan karein.,Corruption & Bribery
GRV100718,"Sir/Madam, गंदगी की वजह से Lucknow में मक्खी मच्छर बहुत बढ़ गए हैं, महामारी फैलने का डर है। Sadar naman.",Sanitation & Garbage
GRV103077,"Respected Sir, प्रमाण पत्र पर नाम की स्पेलिंग गलत छप गई Patna नगर निगम से, correction ke liye baar baar chakkar. Bahut pareshaan hain hum log.",Municipal Certificates
GRV101104,"Sir/Madam, अतिक्रमण Madan Mahal में मेरी जमीन पर हुआ है, पटवारी और तहसीलदार को 10 din पहले शिकायत दी थी। Kripya jald samadhan karein.",Land Records & Revenue
GRV100085,"Namaste sir, Municipal water connection Kotwali area mein kaat diya gaya bina notice diye, paani ke bina pareshani ho rahi h. Please take urgent action.",Water Supply
GRV102870,"EPFO complaint diya tha 5 din pehle, response nahi aaya Kanpur regional office se.",Employment & Labour
GRV100375,"महोदय, High voltage ki wajah se Ranchi mein kai gharo ke appliance jal gaye, compensation chahiye. Bahut pareshaan hain hum log.",Electricity
GRV102470,"Dear officer, Inspector Lucknow area mein business license ke liye bribe maang raha hai, video proof available hai.",Corruption & Bribery
GRV101026,"महोदय, Patta zameen ka record Varanasi revenue office se galat show ho raha hai online portal par. Otherwise we will protest.",Land Records & Revenue
GRV102356,बैंक Patna में सरकारी योजना का पैसा 500 रुपए अभी तक जमा नहीं हुआ। Kripya jald samadhan karein.,Banking & Financial Services
GRV101770,सरकारी स्कूल Model Town में छात्रवृत्ति 10000 रुपए अभी तक नहीं आई। Thank you.,Education & Schools
GRV102666,"Respected Sir, सरकारी दफ्तर Ward 12 में बिना रिश्वत दिए कोई फाइल आगे नहीं बढ़ती।",Corruption & Bribery
GRV100330,"बिजली विभाग Wright Town में 3 days से शिकायत के बावजूद फॉल्ट ठीक नहीं कर रहा, पूरा मोहल्ला अंधेरे में है। Please take urgent action.",Electricity
GRV101794,"निजी स्कूल Patna में फीस मनमानी बढ़ाई जा रही है, शिक्षा विभाग कार्रवाई नहीं कर रहा। Kripya jald samadhan karein.",Education & Schools
GRV102023,"राशन कार्ड में परिवार के सदस्य का नाम जुड़वाना है, Sector 7 कार्यालय में आवेदन दिया 15 din पहले। Otherwise we will protest.",Ration & Public Distribution System
GRV102050,"Dear officer, Ration card Civil Lines dukan par is mahine anaj nahi mila, dealer mana kar raha hai. Sadar naman.",Ration & Public Distribution System
GRV102708,"श्रमिक कार्ड Civil Lines में 1 mahine से renewal ke liye pending hai, yojnaon ka labh nahi mil raha.",Employment & Labour
GRV102584,"Panchayat Sector 7 mein yojna ka paisa bina commission diye release nahi hota, sarpanch ghoos maangta hai. Otherwise we will protest.",Corruption & Bribery
GRV101246,"महोदय, Zameen ka naamantaran Nagpur tehsil mein two weeks se pending h.",Land Records & Revenue
GRV101920,"Namaste sir, स्कूल Ward 12 में शौचालय की स्थिति बहुत खराब है, बच्चियां स्कूल आने से कतरा रही हैं। Kripya jald samadhan karein.",Education & Schools
GRV100510,"Respected Sir, सड़क पर बिना बैरिकेड के गड्ढा खोदा गया है Ranchi में, raat mein accident ka khatra hai. Bahut pareshaan hain hum log.",Roads & Infrastructure
GRV101799,"Namaste sir, Teacher transfer Raipur school se one week pehle hua tha, replacement abhi tak nahi mila, class khali padi hai. Kripya jald samadhan karein.",Education & Schools
GRV101183,"Land record mein Pooja Sharma ka naam galat likha hai, correction chahiye 1 hafta se request kar raha hoon. Sadar naman.",Land Records & Revenue
GRV102917,"मनरेगा जॉब कार्ड Wright Town में 5 din से नहीं बना, काम भी नहीं मिल रहा।",Employment & Labour
GRV100680,"कचरा गाड़ी Civil Lines में नहीं आती है one week से, गली में गंदगी फैली है। Otherwise we will protest.",Sanitation & Garbage
GRV100245,"Sir/Madam, Power cut every day in Ward 12 for hours, complaint filed two weeks ago no action. Please take urgent action.",Electricity
GRV103021,"Domicile certificate Jabalpur mein two weeks se atka hua hai, job application ki deadline nikal rahi hai. Please take urgent action.",Municipal Certificates
GRV100583,"महोदय, पुलिया Gwalior में बारिश में डूब जाती है हर साल, स्थायी समाधान चाहिए। Bahut pareshaan hain hum log.",Roads & Infrastructure
GRV101089,"Land record mein Kavita Singh ka naam galat likha hai, correction chahiye 1 mahine se request kar raha hoon. Otherwise we will protest.",Land Records & Revenue
GRV102678,"मनरेगा जॉब कार्ड Kotwali area में 2 hafte से नहीं बना, काम भी नहीं मिल रहा। Sadar naman.",Employment & Labour
GRV102548,"Dear officer, सरकारी दफ्तर Napier Town में बिना रिश्वत दिए कोई फाइल आगे नहीं बढ़ती। Sadar naman.",Corruption & Bribery
GRV100471,"Respected Sir, Road divider Jaipur mein toota pada hai 2 hafte se, gaadiyan galat side se overtake kar rahi hain. Sadar naman.",Roads & Infrastructure
GRV102528,"Respected Sir, Inspector Madan Mahal area mein business license ke liye bribe maang raha hai, video proof available hai. Bahut pareshaan hain hum log.",Corruption & Bribery
GRV100811,"Respected Sir, Old age pension band ho gayi h bina bataye, Rekha Ahirwar ko problem ho rahi hai. Sadar naman.",Pension & Provident Fund
GRV102236,"Respected Sir, बैंक Civil Lines में सरकारी योजना का पैसा 5000 रुपए अभी तक जमा नहीं हुआ। Kripya jald samadhan karein.",Banking & Financial Services
GRV100957,"मेरी पीएफ की राशि 2000 रुपए अभी तक ट्रांसफर नहीं हुई, two weeks हो गए आवेदन दिए। Sadar naman.",Pension & Provident Fund
GRV100292,"Namaste sir, Power cut every day in Sector 7 for hours, complaint filed 2 hafte ago no action. Please take urgent action.",Electricity
GRV101860,"Respected Sir, छात्र का प्रमाण पत्र Madan Mahal स्कूल से two weeks से नहीं मिल रहा, दाखिले में दिक्कत हो रही है। कृपया जल्द कार्रवाई करें।",Education & Schools
GRV101159,"Dear officer, Zameen ka naamantaran Patna tehsil mein 1 hafta se pending hai.",Land Records & Revenue
GRV101181,"Zameen ka daakhil kharij Varanasi tehsil mein 3 days se atka hua h, koi karyawahi nhi ho rahi. Bahut pareshaan hain hum log.",Land Records & Revenue
GRV100949,"महोदय, Old age pension band ho gayi hai bina bataye, Pooja Sharma ko problem ho rahi hai. Sadar naman.",Pension & Provident Fund
GRV100134,"Namaste sir, जल आपूर्ति विभाग Shastri Colony में शिकायत के बाद भी पानी की लाइन ठीक नहीं कर रहा। Kripya jald samadhan karein.",Water Supply
GRV101193,"Namaste sir, Zameen ka naamantaran Model Town tehsil mein 3 days se pending hai. Bahut pareshaan hain hum log.",Land Records & Revenue
GRV101925,सरकारी स्कूल Kotwali area में छात्रवृत्ति 1500 रुपए अभी तक नहीं आई।,Education & Schools
GRV102508,निर्माण अनुमति Ranchi नगर निगम से 2000 रुपए रिश्वत दिए बिना नहीं मिल रही। कृपया जल्द कार्रवाई करें।,Corruption & Bribery
GRV101674,"आयुष्मान कार्ड Gwalior अस्पताल में मान्य नहीं किया जा रहा, मरीज को इलाज से मना कर दिया। Kripya jald samadhan karein.",Healthcare & Hospitals
GRV100011,"Namaste sir, Hamare Napier Town mohalle mein pichle a month se paani nahi aa raha hai, jaldi thik karwaye. कृपया जल्द कार्रवाई करें।",Water Supply
GRV100642,"महोदय, गंदगी की वजह से Jabalpur में मक्खी मच्छर बहुत बढ़ गए हैं, महामारी फैलने का डर है।",Sanitation & Garbage
GRV100308,"Dear officer, Electricity wire loose latak rahi hai Model Town mein, accident ka khatra hai, turant thik karwaye. Sadar naman.",Electricity
GRV100712,"Street sweeping Napier Town area mein band ho gayi hai 10 din se, dust aur kachra jama ho gaya hai. Kripya jald samadhan karein.",Sanitation & Garbage
GRV100983,"Respected Sir, PF withdrawal request 1 mahine se pending hai, office se koi response nhi mil raha. Kripya jald samadhan karein.",Pension & Provident Fund
GRV100644,"Dear officer, कचरा गाड़ी Kanpur में नहीं आती है 1 mahine से, गली में गंदगी फैली है।",Sanitation & Garbage
GRV100333,"महोदय, बिजली विभाग Ward 12 में one week से शिकायत के बावजूद फॉल्ट ठीक नहीं कर रहा, पूरा मोहल्ला अंधेरे में है।",Electricity
GRV102713,बेरोजगारी भत्ता Jaipur employment office se 3 din से नहीं मिला आवेदन के बावजूद।,Employment & Labour
GRV102997,"आय प्रमाण पत्र Jaipur कार्यालय से 3 days में नहीं बना, बार बार चक्कर लगवाया जा रहा है। Bahut pareshaan hain hum log.",Municipal Certificates
GRV100852,"महोदय, पेंशन फॉर्म में गलत बैंक खाता नंबर दर्ज हो गया है, कृपया सुधार करें।",Pension & Provident Fund
GRV100407,"Dear officer, सड़क पर बिना बैरिकेड के गड्ढा खोदा गया है Jaipur में, raat mein accident ka khatra hai. Kripya jald samadhan karein.",Roads & Infrastructure
GRV100247,"Namaste sir, बिजली का बिल 3000 रुपए गलत आया है Kanpur पते पर, इसे ठीक करवाएं। Bahut pareshaan hain hum log.",Electricity
GRV102637,"Dear officer, सरकारी टेंडर Jabalpur में बिना कमीशन दिए पास नहीं होता, यह भ्रष्टाचार जांच योग्य है। Thank you.",Corruption & Bribery
GRV101757,"Sarkari school Patna mein 3 days se teacher nahi aa raha hai, padhai band hai. Otherwise we will protest.",Education & Schools
GRV101218,"Sir/Madam, Zameen ka naamantaran Kotwali area tehsil mein 15 din se pending hai. Please take urgent action.",Land Records & Revenue
GRV101814,"Respected Sir, सरकारी स्कूल Indore में छात्रवृत्ति 5000 रुपए अभी तक नहीं आई। Kripya jald samadhan karein.",Education & Schools
GRV101846,"Sir/Madam, स्कूल Gwalior में शौचालय की स्थिति बहुत खराब है, बच्चियां स्कूल आने से कतरा रही हैं। Kripya jald samadhan karein.",Education & Schools
GRV102467,"Sir/Madam, भ्रष्ट अधिकारी Gwalior में बिना घूस लिए फाइल आगे नहीं बढ़ाता, कई बार शिकायत कर चुके हैं। Please take urgent action.",Corruption & Bribery
GRV102141,"Dear officer, Anaj ki quality Ward 12 ration dukan mein bahut kharab hai, keede lage hue chawal mil rahe hain.",Ration & Public Distribution System
GRV100925,"पेंशन फॉर्म में गलत बैंक खाता नंबर दर्ज हो गया है, कृपया सुधार करें। Kripya jald samadhan karein.",Pension & Provident Fund
GRV101705,"Namaste sir, Primary health center Gandhi Nagar mein staff hi nahi hai 20 din se, gaon walo ko door jana padta hai ilaj ke liye. Bahut pareshaan hain hum log.",Healthcare & Hospitals
GRV100486,"Dear officer, सड़क पर बिना बैरिकेड के गड्ढा खोदा गया है Jabalpur में, raat mein accident ka khatra hai. कृपया जल्द कार्रवाई करें।",Roads & Infrastructure
GRV102648,"Dear officer, सरकारी दफ्तर Adhartal में बिना रिश्वत दिए कोई फाइल आगे नहीं बढ़ती। Sadar naman.",Corruption & Bribery
GRV100349,"नया बिजली कनेक्शन Civil Lines में 5 din से पेंडिंग है, आवेदन के बावजूद बिजली विभाग जवाब नहीं दे रहा। Please take urgent action.",Electricity
GRV102570,Kanpur office mein kaam karwane ke liye clerk 1500 rupaye ghoos maang raha hai. Otherwise we will protest.,Corruption & Bribery
GRV100612,"Respected Sir, गंदगी की वजह से Adhartal में मक्खी मच्छर बहुत बढ़ गए हैं, महामारी फैलने का डर है। Bahut pareshaan hain hum log.",Sanitation & Garbage
GRV100622,"गली में कचरा जलाया जा रहा है Wright Town में, dhuye se saans lene mein takleef ho rahi hai.",Sanitation & Garbage
GRV100220,"Respected Sir, High voltage ki wajah se Nagpur mein kai gharo ke appliance jal gaye, compensation chahiye.",Electricity
GRV100304,"महोदय, Streetlights Gwalior mein 3 days se band hai, raat ko andhera rehta hai bijli na hone se.",Electricity
GRV102015,"Fair price shop Gwalior mein weighing machine kharab hai, kam tola jata hai anaj.",Ration & Public Distribution System
GRV101642,"Dear officer, Primary health center Ward 12 mein staff hi nahi hai 15 din se, gaon walo ko door jana padta hai ilaj ke liye. Sadar naman.",Healthcare & Hospitals
GRV100268,"Power cut every day in Shastri Colony for hours, complaint filed 2 hafte ago no action. Bahut pareshaan hain hum log.",Electricity
GRV100468,"Dear officer, सड़क किनारे रेलिंग टूटी हुई है Nagpur में, वाहन गिरने का खतरा बना हुआ है। Bahut pareshaan hain hum log.",Roads & Infrastructure
GRV101957,"Sarkari school Shastri Colony mein two weeks se teacher nahi aa raha hai, padhai band hai. Please take urgent action.",Education & Schools
GRV101035,"अतिक्रमण Gwalior में मेरी जमीन पर हुआ है, पटवारी और तहसीलदार को 3 din पहले शिकायत दी थी।",Land Records & Revenue
GRV100211,"Municipal water connection Nagpur mein kaat diya gaya bina notice diye, paani ke bina pareshani ho rahi hai.",Water Supply
GRV100756,"कचरा गाड़ी Napier Town में नहीं आती है 3 din से, गली में गंदगी फैली है। Sadar naman.",Sanitation & Garbage
GRV101396,"Respected Sir, मोहल्ले में Nagpur में असामाजिक तत्वों का आतंक है, रात को शराब पीकर हंगामा करते हैं। Thank you.",Police & Law and Order
GRV101805,"महोदय, School building Sector 7 mein chhat tapakti hai barish mein, khatarnak sthiti hai. Kripya jald samadhan karein.",Education & Schools
GRV101961,सरकारी स्कूल Ranchi में छात्रवृत्ति 2000 रुपए अभी तक नहीं आई। Bahut pareshaan hain hum log.,Education & Schools
GRV101923,"Respected Sir, स्कूल Jabalpur में शौचालय की स्थिति बहुत खराब है, बच्चियां स्कूल आने से कतरा रही हैं। कृपया जल्द कार्रवाई करें।",Education & Schools
GRV101165,"Dear officer, Zameen ka naamantaran Ward 12 tehsil mein 20 din se pending hai.",Land Records & Revenue
GRV100051,"Water supply valve Model Town colony mein kharab hai, sirf ek ghanta paani aata hai roz. Otherwise we will protest.",Water Supply
GRV100421,"Respected Sir, पुलिया Model Town में बारिश में डूब जाती है हर साल, स्थायी समाधान चाहिए। Thank you.",Roads & Infrastructure
GRV102913,"Dear officer, श्रमिक कार्ड Varanasi में 1 mahine से renewal ke liye pending hai, yojnaon ka labh nahi mil raha. Please take urgent action.",Employment & Labour
GRV102407,बैंक Ward 12 में सरकारी योजना का पैसा 5000 रुपए अभी तक जमा नहीं हुआ। Thank you.,Banking & Financial Services
GRV101197,"भू-अभिलेख में गलती है, कृपया तहसीलदार Napier Town को निर्देश दें ठीक करने का। Please take urgent action.",Land Records & Revenue
GRV102710,"MGNREGA ki mazdoori 3 days se nahi mili Ranchi panchayat mein, ghar chalana mushkil ho gaya hai. Please take urgent action.",Employment & Labour
GRV100224,"महोदय, नया बिजली कनेक्शन Varanasi में one week से पेंडिंग है, आवेदन के बावजूद बिजली विभाग जवाब नहीं दे रहा। Bahut pareshaan hain hum log.",Electricity
GRV100187,"पिछले 1 mahine से हमारे इलाके Model Town में पानी की सप्लाई बंद है, कृपया जल्दी ठीक करवाएं। Otherwise we will protest.",Water Supply
GRV101124,"महोदय, भू-अभिलेख में गलती है, कृपया तहसीलदार Gwalior को निर्देश दें ठीक करने का।",Land Records & Revenue
GRV100519,"महोदय, Road divider Civil Lines mein toota pada hai 1 mahine se, gaadiyan galat side se overtake kar rahi hain. कृपया जल्द कार्रवाई करें।",Roads & Infrastructure
GRV102445,"Sir/Madam, Civil Lines office mein kaam karwane ke liye clerk 2000 rupaye ghoos maang raha hai.",Corruption & Bribery
GRV100058,"जल संकट Civil Lines क्षेत्र में 5 din से गंभीर बना हुआ है, पानी के लिए दूर तक जाना पड़ रहा है। Kripya jald samadhan karein.",Water Supply
GRV101239,"महोदय, Zameen ka daakhil kharij Bhopal tehsil mein 2 hafte se atka hua h, koi karyawahi nhi ho rahi. Kripya jald samadhan karein.",Land Records & Revenue
GRV102651,"Dear officer, सरकारी दफ्तर Kotwali area में बिना रिश्वत दिए कोई फाइल आगे नहीं बढ़ती।",Corruption & Bribery
GRV101479,"Chain snatching hui thi Raipur mein, police ne case follow up nahi kiya. Thank you.",Police & Law and Order
GRV100932,"Widow pension application Jabalpur office mein submit kiya tha, 1 hafta se koi update nahi.",Pension & Provident Fund
GRV101214,"Land record mein Rajesh Verma ka naam galat likha hai, correction chahiye a month se request kar raha hoon.",Land Records & Revenue
GRV100796,"Widow pension application Gandhi Nagar office mein submit kiya tha, 2 hafte se koi update nahi. Sadar naman.",Pension & Provident Fund
GRV100412,"Namaste sir, सड़क पर बिना बैरिकेड के गड्ढा खोदा गया है Ward 12 में, raat mein accident ka khatra hai. Otherwise we will protest.",Roads & Infrastructure
GRV101160,"Respected Sir, Land record mein Ramesh Kumar ka naam galat likha hai, correction chahiye a month se request kar raha hoon. Sadar naman.",Land Records & Revenue
GRV102149,गरीब परिवारों को Madan Mahal राशन दुकान से चीनी और तेल कई महीनों से नहीं मिल रहा। Bahut pareshaan hain hum log.,Ration & Public Distribution System
GRV101133,"Dear officer, Land record mein Ashok Gupta ka naam galat likha hai, correction chahiye 5 din se request kar raha hoon. Please take urgent action.",Land Records & Revenue
GRV101984,"गरीबी रेखा राशन कार्ड Lucknow में गलत तरीके से रद्द कर दिया गया, फिर से चालू करवाएं। कृपया जल्द कार्रवाई करें।",Ration & Public Distribution System
GRV100887,"Respected Sir, Widow pension application Indore office mein submit kiya tha, 15 din se koi update nahi. कृपया जल्द कार्रवाई करें।",Pension & Provident Fund
GRV102832,"Sir/Madam, श्रम कार्यालय Jabalpur में मजदूर के हक की शिकायत 10 din से लंबित है, कोई सुनवाई नहीं हुई। Kripya jald samadhan karein.",Employment & Labour
GRV100759,सफाई विभाग Kotwali area में डोर टू डोर कचरा कलेक्शन बंद कर चुका है 2 hafte से। Otherwise we will protest.,Sanitation & Garbage
GRV102195,"महोदय, मेरे खाते से 1000 रुपए गलत तरीके से कट गए Wright Town शाखा से, वापस दिलवाएं। Thank you.",Banking & Financial Services
GRV100490,"पुल Indore में टूटा हुआ है, बच्चे स्कूल जाने में डरते हैं, कृपया जल्दी बनवाएं। Otherwise we will protest.",Roads & Infrastructure
GRV103001,"Sir/Madam, Domicile certificate Wright Town mein 20 din se atka hua hai, job application ki deadline nikal rahi hai. Please take urgent action.",Municipal Certificates
GRV100789,"Dear officer, मेरी पीएफ की राशि 2000 रुपए अभी तक ट्रांसफर नहीं हुई, 1 hafta हो गए आवेदन दिए। कृपया जल्द कार्रवाई करें।",Pension & Provident Fund
GRV100495,"Footpath Indore mein encroachment ho gaya hai, pedestrians ko sadak par chalna padta hai. Kripya jald samadhan karein.",Roads & Infrastructure
GRV100945,"Sir/Madam, EPF transfer Indore regional office se 5 din se atka hai, naya employer wait kar raha hai.",Pension & Provident Fund
GRV102956,"Character certificate Nagpur police station se a month se pending hai, job joining rukh gayi hai.",Municipal Certificates
GRV101256,Patta zameen ka record Kanpur revenue office se galat show ho raha h online portal par.,Land Records & Revenue
GRV101110,Zameen ka naamantaran Varanasi tehsil mein 3 days se pending hai.,Land Records & Revenue
GRV102942,"Character certificate Civil Lines police station se 10 din se pending hai, job joining rukh gayi hai. Sadar naman.",Municipal Certificates
GRV101442,पुलिस थाना Kotwali area में तैनात कर्मचारी रिश्वत मांग रहा है काम करने के लिए।,Police & Law and Order
GRV101355,"Dear officer, Illegal encroachment aur jua Ward 12 mohalle mein khule aam chal raha hai, police mook drashak bani hai.",Police & Law and Order
GRV102820,"Respected Sir, EPFO complaint diya tha 3 days pehle, response nahi aaya Lucknow regional office se. Thank you.",Employment & Labour
GRV101743,"Namaste sir, School building Varanasi mein chhat tapakti hai barish mein, khatarnak sthiti hai.",Education & Schools
GRV103061,"आय प्रमाण पत्र Madan Mahal कार्यालय से two weeks में नहीं बना, बार बार चक्कर लगवाया जा रहा है। Kripya jald samadhan karein.",Municipal Certificates
GRV102175,"New ration card ke liye 2 hafte se apply kiya hai Napier Town office mein, abhi tak nahi bana.",Ration & Public Distribution System
GRV102268,"ATM Adhartal mein one week se kharab hai, paise nahi nikal pa raha koi. Thank you.",Banking & Financial Services
GRV102558,"Inspector Raipur area mein business license ke liye bribe maang raha h, video proof available hai. कृपया जल्द कार्रवाई करें।",Corruption & Bribery
GRV101512,"आयुष्मान कार्ड Kanpur अस्पताल में मान्य नहीं किया जा रहा, मरीज को इलाज से मना कर दिया। कृपया जल्द कार्रवाई करें।",Healthcare & Hospitals
GRV101255,"महोदय, Patta zameen ka record Raipur revenue office se galat show ho raha hai online portal par.",Land Records & Revenue
GRV100997,"मेरी पीएफ की राशि 5000 रुपए अभी तक ट्रांसफर नहीं हुई, 2 hafte हो गए आवेदन दिए। Sadar naman.",Pension & Provident Fund
GRV102449,"Dear officer, भ्रष्ट अधिकारी Ward 12 में बिना घूस लिए फाइल आगे नहीं बढ़ाता, कई बार शिकायत कर चुके हैं।",Corruption & Bribery
GRV100908,"महोदय, EPF transfer Ward 12 regional office se 5 din se atka hai, naya employer wait kar raha hai. Sadar naman.",Pension & Provident Fund
GRV101206,"महोदय, अतिक्रमण Nagpur में मेरी जमीन पर हुआ है, पटवारी और तहसीलदार को two weeks पहले शिकायत दी थी।",Land Records & Revenue
GRV100382,"Sir/Madam, High voltage ki wajah se Varanasi mein kai gharo ke appliance jal gaye, compensation chahiye. Kripya jald samadhan karein.",Electricity
GRV100071,"Sir/Madam, Hamare Kanpur mohalle mein pichle a month se paani nahi aa raha hai, jaldi thik karwaye.",Water Supply
GRV101836,"Dear officer, स्कूल Lucknow में शौचालय की स्थिति बहुत खराब है, बच्चियां स्कूल आने से कतरा रही हैं। Otherwise we will protest.",Education & Schools
GRV102011,"Respected Sir, New ration card ke liye a month se apply kiya hai Varanasi office mein, abhi tak nahi bana. Kripya jald samadhan karein.",Ration & Public Distribution System
GRV101951,"Respected Sir, Sarkari school Varanasi mein 15 din se teacher nahi aa raha hai, padhai band hai. Otherwise we will protest.",Education & Schools
GRV100985,"Namaste sir, Widow pension application Napier Town office mein submit kiya tha, 1 mahine se koi update nahi.",Pension & Provident Fund
GRV102275,"महोदय, मेरे खाते से 2000 रुपए गलत तरीके से कट गए Gwalior शाखा से, वापस दिलवाएं। Otherwise we will protest.",Banking & Financial Services
GRV102699,Construction site Varanasi par bina helmet aur safety belt ke kaam karwaya ja raha hai mazdooro se. कृपया जल्द कार्रवाई करें।,Employment & Labour
GRV102659,"Sir/Madam, रिश्वत की मांग Ward 12 कार्यालय में हर छोटे काम के लिए की जाती है, यह भ्रष्टाचार बंद होना चाहिए। Please take urgent action.",Corruption & Bribery
GRV100989,"Old age pension band ho gayi hai bina bataye, Geeta Bai ko problem ho rahi hai. Thank you.",Pension & Provident Fund
GRV102911,"Dear officer, श्रम कार्यालय Varanasi में मजदूर के हक की शिकायत 1 hafta से लंबित है, कोई सुनवाई नहीं हुई। कृपया जल्द कार्रवाई करें।",Employment & Labour
GRV100783,"Namaste sir, Kachra collection van Varanasi area mein bilkul nahi aati, ghar ghar se kachra sadak par phenkna padta hai. Sadar naman.",Sanitation & Garbage
GRV102117,"Namaste sir, Fair price shop Model Town mein weighing machine kharab hai, kam tola jata hai anaj. Sadar naman.",Ration & Public Distribution System
GRV100042,"Respected Sir, टंकी का पानी Bhopal में सीवर के पानी से मिल गया है, तुरंत जांच करवाएं। Sadar naman.",Water Supply
GRV102797,"EPFO complaint diya tha 2 hafte pehle, response nahi aaya Madan Mahal regional office se. Bahut pareshaan hain hum log.",Employment & Labour
GRV101132,"Namaste sir, Zameen ka daakhil kharij Ward 12 tehsil mein 2 hafte se atka hua hai, koi karyawahi nahi ho rahi. Otherwise we will protest.",Land Records & Revenue
GRV101146,"Sir/Madam, भू-अभिलेख में गलती है, कृपया तहसीलदार Jaipur को निर्देश दें ठीक करने का। Kripya jald samadhan karein.",Land Records & Revenue
GRV101395,"Sir/Madam, Illegal encroachment aur jua Jaipur mohalle mein khule aam chal raha hai, police mook drashak bani hai.",Police & Law and Order
GRV101059,"अतिक्रमण Shastri Colony में मेरी जमीन पर हुआ है, पटवारी और तहसीलदार को two weeks पहले शिकायत दी थी। कृपया जल्द कार्रवाई करें।",Land Records & Revenue
GRV101454,"Sir/Madam, Chn snatching hui thi Sector 7 mein, police ne case follow up nahi kiya. Sadar naman.",Police & Law and Order
GRV100869,"सेवानिवृत्ति के बाद पेंशन खाता Ranchi में अपडेट नहीं हुआ, 1 hafta से चक्कर काट रहे हैं।",Pension & Provident Fund
GRV101998,"Respected Sir, गरीब परिवारों को Madan Mahal राशन दुकान से चीनी और तेल कई महीनों से नहीं मिल रहा। Bahut pareshaan hain hum log.",Ration & Public Distribution System
GRV102435,"भ्रष्ट अधिकारी Jaipur में बिना घूस लिए फाइल आगे नहीं बढ़ाता, कई बार शिकायत कर चुके हैं। Thank you.",Corruption & Bribery
GRV101332,"Theft complaint diye 20 din ho gaye Napier Town mein, koi action nahi hua abhi tak. Sadar naman.",Police & Law and Order
GRV103048,"Respected Sir, Caste certificate Jaipur tehsil office mein two weeks se pending hai, admission ki last date nikal rahi hai. Please take urgent action.",Municipal Certificates
GRV100118,"Namaste sir, पिछले 1 mahine से हमारे इलाके Madan Mahal में पानी की सप्लाई बंद है, कृपया जल्दी ठीक करवाएं। Kripya jald samadhan karein.",Water Supply
GRV101378,"Namaste sir, Theft complaint diye 10 din ho gaye Indore mein, koi action nahi hua abhi tak.",Police & Law and Order
GRV102426,"Clerk ne 1000 rupaye maange Bhopal office mein pension file aage badhane ke liye, ghoos lena band karwaye. Bahut pareshaan hain hum log.",Corruption & Bribery
GRV102335,बैंक Patna में सरकारी योजना का पैसा 1500 रुपए अभी तक जमा नहीं हुआ। Kripya jald samadhan karein.,Banking & Financial Services
GRV102517,"Inspector Gandhi Nagar area mein business license ke liye bribe maang raha hai, video proof available hai.",Corruption & Bribery
GRV100999,"महोदय, मेरी पीएफ की राशि 10000 रुपए अभी तक ट्रांसफर नहीं हुई, two weeks हो गए आवेदन दिए। Please take urgent action.",Pension & Provident Fund
GRV101847,"School building Gwalior mein chhat tapakti hai barish mein, khatarnak sthiti hai.",Education & Schools
GRV101143,"Namaste sir, Zameen ka naamantaran Wright Town tehsil mein 1 mahine se pending hai. Bahut pareshaan hain hum log.",Land Records & Revenue
GRV100355,"Respected Sir, Streetlights Kotwali area mein 1 mahine se band hai, raat ko andhera rehta hai bijli na hone se.",Electricity
GRV101006,"Sir/Madam, पेंशनर सत्यापन Bhopal में हर साल परेशानी देता है, इस बार 3 days से पेंशन रुकी हुई है। Otherwise we will protest.",Pension & Provident Fund
GRV101321,"Eve teasing Gwalior area mein badh gayi hai, mahilaye ghar se nikalne mein dari rehti hain.",Police & Law and Order
GRV101100,"अतिक्रमण Patna में मेरी जमीन पर हुआ है, पटवारी और तहसीलदार को 5 din पहले शिकायत दी थी। Kripya jald samadhan karein.",Land Records & Revenue
GRV101785,"Namaste sir, School building Gandhi Nagar mein chhat tapakti hai barish mein, khatarnak sthiti hai.",Education & Schools
GRV102402,"Sir/Madam, मेरे खाते से 1000 रुपए गलत तरीके से कट गए Jaipur शाखा से, वापस दिलवाएं। Bahut pareshaan hain hum log.",Banking & Financial Services
GRV101981,"Respected Sir, गरीब परिवारों को Jaipur राशन दुकान से चीनी और तेल कई महीनों से नहीं मिल रहा। Please take urgent action.",Ration & Public Distribution System
GRV102460,"Clerk ne 3000 rupaye maange Ward 12 office mein pension file aage badhane ke liye, ghoos lena band karwaye. कृपया जल्द कार्रवाई करें।",Corruption & Bribery
GRV101107,Zameen ka naamantaran Shastri Colony tehsil mein two weeks se pending hai. Kripya jald samadhan karein.,Land Records & Revenue
GRV102138,"Ration card Raipur mein digitally seeded nahi hai, isliye anaj milna band ho gaya hai. Otherwise we will protest.",Ration & Public Distribution System
GRV100722,"कचरा गाड़ी Shastri Colony में नहीं आती है 1 hafta से, गली में गंदगी फैली है। Otherwise we will protest.",Sanitation & Garbage
GRV101784,सरकारी स्कूल Kotwali area में छात्रवृत्ति 1500 रुपए अभी तक नहीं आई। Thank you.,Education & Schools
GRV102929,"Caste certificate Jabalpur tehsil office mein 15 din se pending hai, admission ki last date nikal rahi hai. Please take urgent action.",Municipal Certificates
GRV101884,"Namaste sir, स्कूल Raipur में शौचालय की स्थिति बहुत खराब है, बच्चियां स्कूल आने से कतरा रही हैं। Kripya jald samadhan karein.",Education & Schools
GRV101484,"महोदय, पुलिस थाना Raipur में तैनात कर्मचारी रिश्वत मांग रहा है काम करने के लिए। Otherwise we will protest.",Police & Law and Order
GRV101776,"Sir/Madam, School building Model Town mein chhat tapakti hai barish mein, khatarnak sthiti hai.",Education & Schools
GRV100433,"पुल Ward 12 में टूटा हुआ है, बच्चे स्कूल जाने में डरते हैं, कृपया जल्दी बनवाएं। Kripya jald samadhan karein.",Roads & Infrastructure
GRV102008,"PDS shop Bhopal mein gehu aur chawal is mahine bilkul nahi mila, dealer bahana bana raha hai. Bahut pareshaan hain hum log.",Ration & Public Distribution System
GRV102472,"Sir/Madam, Clerk ne 1500 rupaye maange Indore office mein pension file aage badhane ke liye, ghoos lena band karwaye.",Corruption & Bribery
GRV100052,"Water quality test chahiye Kotwali area area mein, paani ka rang peela aa raha hai 20 din se. Otherwise we will protest.",Water Supply
GRV101398,"Sir/Madam, Eve teasing Varanasi area mein badh gayi h, mahilaye ghar se nikalne mein dari rehti hain.",Police & Law and Order
GRV102733,"Respected Sir, Construction site Raipur par bina helmet aur safety belt ke kaam karwaya ja raha hai mazdooro se. Sadar naman.",Employment & Labour
GRV100283,"नया बिजली कनेक्शन Wright Town में two weeks से पेंडिंग है, आवेदन के बावजूद बिजली विभाग जवाब नहीं दे रहा।",Electricity
GRV101518,"Respected Sir, जननी सुरक्षा योजना का पैसा Varanasi अस्पताल से 1 hafta में नहीं मिला डिलीवरी के बाद।",Healthcare & Hospitals
GRV102979,"प्रमाण पत्र पर नाम की स्पेलिंग गलत छप गई Jaipur नगर निगम से, correction ke liye baar baar chakkar. Please take urgent action.",Municipal Certificates
GRV102183,"महोदय, गरीबी रेखा राशन कार्ड Adhartal में गलत तरीके से रद्द कर दिया गया, फिर से चालू करवाएं। Bahut pareshaan hn hum log.",Ration & Public Distribution System
GRV101423,"Dear officer, Theft complaint diye 1 mahine ho gaye Indore mein, koi action nahi hua abhi tak. Sadar naman.",Police & Law and Order
GRV100169,"पानी की टंकी Jabalpur में गंदा पानी आ रहा है, बीमारी फैलने का डर है। Please take urgent action.",Water Supply
GRV102319,"Respected Sir, बैंक Jaipur में सरकारी योजना का पैसा 5000 रुपए अभी तक जमा नहीं हुआ। कृपया जल्द कार्रवाई करें।",Banking & Financial Services
GRV102885,"महोदय, Labour ka wages employer ne 5000 rupaye kam diya Lucknow site par, PF bhi nahi kata. Bahut pareshaan hn hum log.",Employment & Labour
GRV101236,"Land record mein Ramesh Kumar ka naam galat likha hai, correction chahiye 1 mahine se request kar raha hoon. Otherwise we will protest.",Land Records & Revenue
GRV100418,"सड़क किनारे रेलिंग टूटी हुई है Jabalpur में, वाहन गिरने का खतरा बना हुआ है। Please take urgent action.",Roads & Infrastructure
GRV100995,"Widow pension application Kanpur office mein submit kiya tha, 1 hafta se koi update nahi. Bahut pareshaan hain hum log.",Pension & Provident Fund
GRV100312,"Namaste sir, बिजली का बिल 5000 रुपए गलत आया है Ranchi पते पर, इसे ठीक करवाएं।",Electricity
GRV100813,"Old age pension band ho gayi hai bina bataye, Rekha Ahirwar ko problem ho rahi hai. Please take urgent action.",Pension & Provident Fund
GRV101625,"अस्पताल Model Town में सफाई की बहुत खराब स्थिति है, संक्रमण फैलने का डर है। Bahut pareshaan hain hum log.",Healthcare & Hospitals
GRV101538,"Dear officer, अस्पताल Gwalior में सफाई की बहुत खराब स्थिति है, संक्रमण फैलने का डर है। Please take urgent action.",Healthcare & Hospitals
GRV102468,निर्माण अनुमति Raipur नगर निगम से 10000 रुपए रिश्वत दिए बिना नहीं मिल रही। Please take urgent action.,Corruption & Bribery
GRV101278,"Illegal encroachment aur jua Gwalior mohalle mein khule aam chal raha hai, police mook drashak bani hai. Kripya jald samadhan karein.",Police & Law and Order
GRV100106,There has been no water supply in Patna for the last 3 days. Please resolve urgently. Otherwise we will protest.,Water Supply
GRV102371,"Namaste sir, ATM Jaipur mein 20 din se kharab hai, paise nahi nikal pa raha koi. Thank you.",Banking & Financial Services
GRV102645,Government scheme ka labh Ramesh Kumar ko Civil Lines mein tabhi mila jab 1500 rupaye commission diya. Bahut pareshaan hain hum log.,Corruption & Bribery
GRV101275,"महोदय, Theft complaint diye 3 days ho gaye Wright Town mein, koi action nahi hua abhi tak. Bahut pareshaan hain hum log.",Police & Law and Order
GRV100671,"Public toilet Adhartal ke paas bahut ganda hai, safai nahi hoti kai dino se. Bahut pareshaan hain hum log.",Sanitation & Garbage
GRV102952,"Sir/Madam, आय प्रमाण पत्र Ranchi कार्यालय से 20 din में नहीं बना, बार बार चक्कर लगवाया जा रहा है।",Municipal Certificates
GRV100688,"Sir/Madam, गंदगी की वजह से Shastri Colony में मक्खी मच्छर बहुत बढ़ गए हैं, महामारी फैलने का डर है। Bahut pareshaan hain hum log.",Sanitation & Garbage
GRV101511,"Namaste sir, Ambulance Raipur bulane par 5 din ghante late aayi, emergency case tha. Sadar naman.",Healthcare & Hospitals
GRV101050,"महोदय, Zameen ka daakhil kharij Wright Town tehsil mein 20 din se atka hua hai, koi karyawahi nahi ho rahi.",Land Records & Revenue
GRV102563,"Sir/Madam, Officer Model Town mein bina paise liye certificate nahi de raha, complaint chahiye. Otherwise we will protest.",Corruption & Bribery
GRV100893,"महोदय, सेवानिवृत्ति के बाद पेंशन खाता Kotwali area में अपडेट नहीं हुआ, 15 din से चक्कर काट रहे हैं।",Pension & Provident Fund
GRV102311,KYC update na hone ki wajah se account block ho gaya Bhopal branch mein. Kripya jald samadhan karein.,Banking & Financial Services
GRV100469,"No streetlight on the main road of Lucknow, very unsafe at night for two weeks now. Kripya jald samadhan karein.",Roads & Infrastructure
GRV101940,"महोदय, निजी स्कूल Varanasi में फीस मनमानी बढ़ाई जा रही है, शिक्षा विभाग कार्रवाई नहीं कर रहा। कृपया जल्द कार्रवाई करें।",Education & Schools
GRV100518,"महोदय, सड़क किनारे रेलिंग टूटी हुई है Shastri Colony में, वाहन गिरने का खतरा बना हुआ है।",Roads & Infrastructure
GRV102750,"Sir/Madam, मनरेगा जॉब कार्ड Nagpur में 2 hafte से नहीं बना, काम भी नहीं मिल रहा।",Employment & Labour
GRV100625,"Public toilet Madan Mahal ke paas bahut ganda hai, safai nahi hoti kai dino se.",Sanitation & Garbage
GRV100084,"Respected Sir, There has been no water supply in Indore for the last 3 days. Please resolve urgently. Please take urgent action.",Water Supply
GRV100817,"EPF transfer Napier Town regional office se 1 mahine se atka hai, naya employer wait kar raha hai. Otherwise we will protest.",Pension & Provident Fund
GRV102502,"Inspector Bhopal area mein business license ke liye bribe maang raha hai, video proof available hai. Otherwise we will protest.",Corruption & Bribery
GRV100128,"Respected Sir, टंकी का पानी Napier Town में सीवर के पानी से मिल गया है, तुरंत जांच करवाएं। Sadar naman.",Water Supply
GRV100165,"Sir/Madam, पीने के पानी की सप्लाई Ward 12 में हफ्ते में सिर्फ एक बार आती है, बहुत परेशानी है। Sadar naman.",Water Supply
GRV102729,"Respected Sir, मनरेगा जॉब कार्ड Nagpur में 10 din से नहीं बना, काम भी नहीं मिल रहा। Sadar naman.",Employment & Labour
GRV100919,"Sir/Madam, मेरी पीएफ की राशि 3000 रुपए अभी तक ट्रांसफर नहीं हुई, 5 din हो गए आवेदन दिए।",Pension & Provident Fund
GRV101434,"Namaste sir, Illegal encroachment aur jua Indore mohalle mein khule aam chal raha hai, police mook drashak bani hai. कृपया जल्द कार्रवाई करें।",Police & Law and Order
GRV100214,"पानी की टंकी Varanasi में गंदा पानी आ रहा है, बीमारी फैलने का डर है। Sadar naman.",Water Supply
GRV102926,"Namaste sir, EPFO complaint diya tha two weeks pehle, response nahi aaya Gandhi Nagar regional office se. Otherwise we will protest.",Employment & Labour
GRV102920,"श्रम कार्यालय Jabalpur में मजदूर के हक की शिकायत one week से लंबित है, कोई सुनवाई नहीं हुई। Sadar naman.",Employment & Labour
GRV101927,"Dear officer, छात्र का प्रमाण पत्र Gwalior स्कूल से 15 din से नहीं मिल रहा, दाखिले में दिक्कत हो रही है।",Education & Schools
GRV102761,"Namaste sir, Overtime paisa 2000 rupaye Kotwali area factory se 20 din se nahi mila, HR jawab nahi de raha. Kripya jald samadhan karein.",Employment & Labour
GRV101034,"महोदय, अतिक्रमण Ward 12 में मेरी जमीन पर हुआ है, पटवारी और तहसीलदार को 10 din पहले शिकायत दी थी। Please take urgent action.",Land Records & Revenue
GRV101727,"Primary health center Gandhi Nagar mein staff hi nahi hai 3 din se, gaon walo ko door jana padta hai ilaj ke liye. Otherwise we will protest.",Healthcare & Hospitals
GRV103076,"निवास प्रमाण पत्र Adhartal कार्यालय से बनवाने में two weeks लग गए, अभी तक हाथ में नहीं मिला।",Municipal Certificates
GRV102432,"महोदय, निर्माण अनुमति Ranchi नगर निगम से 500 रुपए रिश्वत दिए बिना नहीं मिल रही। Thank you.",Corruption & Bribery
GRV101383,"महोदय, Chain snatching hui thi Gandhi Nagar mein, police ne case follow up nahi kiya. Thank you.",Police & Law and Order
GRV101339,"महोदय, मोहल्ले में Raipur में असामाजिक तत्वों का आतंक है, रात को शराब पीकर हंगामा करते हैं। Kripya jald samadhan karein.",Police & Law and Order
GRV101863,"महोदय, सरकारी स्कूल Model Town में छात्रवृत्ति 2000 रुपए अभी तक नहीं आई। कृपया जल्द कार्रवाई करें।",Education & Schools
GRV100867,"EPF transfer Ward 12 regional office se 1 mahine se atka hai, naya employer wait kar raha hai. Bahut pareshaan hain hum log.",Pension & Provident Fund
GRV101341,"Sir/Madam, पुलिस थाना Varanasi में तैनात कर्मचारी रिश्वत मांग रहा है काम करने के लिए।",Police & Law and Order
GRV102578,"Sir/Madam, भ्रष्ट अधिकारी Indore में बिना घूस लिए फाइल आगे नहीं बढ़ाता, कई बार शिकायत कर चुके हैं। Thank you.",Corruption & Bribery
GRV101066,"Namaste sir, Zameen ka naamantaran Civil Lines tehsil mein 1 hafta se pending hai. Bahut pareshaan hain hum log.",Land Records & Revenue
GRV102523,"Sir/Madam, Inspector Wright Town area mein business license ke liye bribe maang raha h, video proof available hai. Otherwise we will protest.",Corruption & Bribery
GRV100745,"महोदय, सफाई कर्मचारी Bhopal मोहल्ले में 2 hafte से नहीं आया, शिकायत करने पर भी सुनवाई नहीं। Otherwise we will protest.",Sanitation & Garbage
GRV101892,"महोदय, सरकारी स्कूल Bhopal में छात्रवृत्ति 500 रुपए अभी तक नहीं आई। Thank you.",Education & Schools
GRV100556,"सड़क निर्माण Madan Mahal में घटिया सामग्री से हो रहा है, 1 mahine में ही टूटने लगी। Please take urgent action.",Roads & Infrastructure
GRV101756,"निजी स्कूल Ward 12 में फीस मनमानी बढ़ाई जा रही है, शिक्षा विभाग कार्रवाई नहीं कर रहा। Kripya jald samadhan karein.",Education & Schools
GRV100344,"Respected Sir, नया बिजली कनेक्शन Sector 7 में two weeks से पेंडिंग है, आवेदन के बावजूद बिजली विभाग जवाब नहीं दे रहा।",Electricity
GRV100112,"Sir/Madam, Low water pressure in Indore pipeline, taps mein paani bahut kam aata h subah. Bahut pareshaan hain hum log.",Water Supply
GRV102312,"Namaste sir, KYC update na hone ki wajah se account block ho gaya Ward 12 branch mein.",Banking & Financial Services
GRV102425,"Panchayat Bhopal mein yojna ka paisa bina commission diye release nahi hota, sarpanch ghoos maangta hai. Thank you.",Corruption & Bribery
GRV101614,"Sir/Madam, Ambulance Jaipur bulane par 1 mahine ghante late aayi, emergency case tha.",Healthcare & Hospitals
GRV100111,"Respected Sir, Paani ki tanker mangwane ke liye Varanasi nagar nigam ko 1 mahine pehle likha tha, koi tanker nahi bheja gaya. Thank you.",Water Supply
GRV103102,"Sir/Madam, विवाह प्रमाण पत्र Wright Town नगर निगम से two weeks में नहीं मिला, दस्तावेज बार बार मांगे जा रहे हैं। कृपया जल्द कार्रवाई करें।",Municipal Certificates
GRV102670,"Dear officer, निर्माण अनुमति Ward 12 नगर निगम से 2000 रुपए रिश्वत दिए बिना नहीं मिल रही। Please take urgent action.",Corruption & Bribery
GRV101915,"Dear officer, सरकारी स्कूल Nagpur में छात्रवृत्ति 3000 रुपए अभी तक नहीं आई। Please take urgent action.",Education & Schools
GRV102902,"Respected Sir, श्रमिक कार्ड Civil Lines में one week से renewal ke liye pending hai, yojnaon ka labh nahi mil raha.",Employment & Labour
GRV101657,"Sir/Madam, अस्पताल Gandhi Nagar में सफाई की बहुत खराब स्थिति है, संक्रमण फैलने का डर है। Please take urgent action.",Healthcare & Hospitals
GRV101377,"Eve teasing Wright Town area mein badh gayi h, mahilaye ghar se nikalne mein dari rehti hain.",Police & Law and Order
GRV101593,"Respected Sir, अस्पताल Wright Town में सफाई की बहुत खराब स्थिति है, संक्रमण फैलने का डर है। कृपया जल्द कार्रवाई करें।",Healthcare & Hospitals
GRV100119,"Dear officer, हैंडपंप Civil Lines में खराब पड़ा है one week से, गांव में पानी की भारी किल्लत है।",Water Supply
GRV102810,"Namaste sir, श्रमिक कार्ड Lucknow में 10 din से renewal ke liye pending hai, yojnaon ka labh nhi mil raha. Thank you.",Employment & Labour
GRV101786,"Dear officer, छात्र का प्रमाण पत्र Ranchi स्कूल से 2 hafte से नहीं मिल रहा, दाखिले में दिक्कत हो रही है। Otherwise we will protest.",Education & Schools
GRV101118,"Respected Sir, Zameen ka daakhil kharij Lucknow tehsil mein 20 din se atka hua h, koi karyawahi nahi ho rahi.",Land Records & Revenue
GRV102975,"Respected Sir, आय प्रमाण पत्र Kotwali area कार्यालय से 10 din में नहीं बना, बार बार चक्कर लगवाया जा रहा है। Kripya jald samadhan karein.",Municipal Certificates
GRV102000,"Sir/Madam, Anaj ki quality Ranchi ration dukan mein bahut kharab hai, keede lage hue chawal mil rahe hain. Kripya jald samadhan karein.",Ration & Public Distribution System
GRV100904,"Sir/Madam, EPF transfer Bhopal regional office se 10 din se atka hai, naya employer wait kar raha hai.",Pension & Provident Fund
GRV102237,"Sir/Madam, बैंक Model Town में सरकारी योजना का पैसा 500 रुपए अभी तक जमा नहीं हुआ। Sadar naman.",Banking & Financial Services
GRV102205,"Dear officer, ATM Civil Lines mein 15 din se kharab hai, paise nahi nikal pa raha koi. Otherwise we will protest.",Banking & Financial Services
GRV101717,जननी सुरक्षा योजना का पैसा Jabalpur अस्पताल से 10 din में नहीं मिला डिलीवरी के बाद। Please take urgent action.,Healthcare & Hospitals
GRV101598,"Sir/Madam, Primary health center Gwalior mein staff hi nahi hai one week se, gaon walo ko door jana padta hai ilaj ke liye. Bahut pareshaan hain hum log.",Healthcare & Hospitals
GRV101224,"महोदय, Land record mein Sunita Patel ka naam galat likha hai, correction chahiye two weeks se request kar raha hoon. Otherwise we will protest.",Land Records & Revenue
GRV101441,"Theft complaint diye one week ho gaye Kanpur mein, koi action nahi hua abhi tak. Sadar naman.",Police & Law and Order
GRV100025,"Hamare Nagpur mohalle mein pichle 3 days se paani nhi aa raha hai, jldi thik karwaye. Kripya jald samadhan karein.",Water Supply
GRV101954,"स्कूल Civil Lines में शौचालय की स्थिति बहुत खराब है, बच्चियां स्कूल आने से कतरा रही हैं। Otherwise we will protest.",Education & Schools
GRV101559,"महोदय, Ambulance Gwalior bulane par two weeks ghante late aayi, emergency case tha. Otherwise we will protest.",Healthcare & Hospitals
GRV102359,"Bank Civil Lines branch mein loan application 2 hafte se pending h, koi jawab nhi mil raha.",Banking & Financial Services
GRV100081,"Namaste sir, Hamare Raipur mohalle mein pichle 3 din se paani nahi aa raha hai, jaldi thik karwaye.",Water Supply
GRV102783,बेरोजगारी भत्ता Model Town employment office se 3 din से नहीं मिला आवेदन के बावजूद।,Employment & Labour
GRV101596,"Namaste sir, अस्पताल Nagpur में सफाई की बहुत खराब स्थिति है, संक्रमण फैलने का डर है। Please take urgent action.",Healthcare & Hospitals
GRV101721,"महोदय, Ambulance Raipur bulane par 20 din ghante late aayi, emergency case tha.",Healthcare & Hospitals
GRV100848,"Sir/Madam, Old age pension band ho gayi hai bina bataye, Suman Devi ko problem ho rahi hai. Otherwise we will protest.",Pension & Provident Fund
GRV100256,"Sir/Madam, बिजली का खंभा टूट कर सड़क पर गिरा है Nagpur में, दुर्घटना हो सकती है, कृपया जल्दी हटवाएं। Bahut pareshaan hain hum log.",Electricity
GRV101704,"महोदय, आयुष्मान कार्ड Model Town अस्पताल में मान्य नहीं किया जा रहा, मरीज को इलाज से मना कर दिया। Kripya jald samadhan karein.",Healthcare & Hospitals
GRV101909,"महोदय, Sarkari school Nagpur mein 10 din se teacher nahi aa raha h, padhai band hai.",Education & Schools
GRV102223,"Dear officer, Fraud transaction 5000 rupaye ka Kotwali area branch account se hua hai, turant jaanch karwaye. Thank you.",Banking & Financial Services
GRV101356,"महोदय, Eve teasing Sector 7 area mein badh gayi h, mahilaye ghar se nikalne mein dari rehti hain. Kripya jald samadhan karein.",Police & Law and Order
GRV101670,"महोदय, Free treatment scheme card ban gaya lekin hospital Gandhi Nagar mein accept nahi kar rahe.",Healthcare & Hospitals
GRV101700,"महोदय, Primary health center Kanpur mein staff hi nhi h a month se, gaon walo ko door jana padta hai ilaj ke liye. Otherwise we will protest.",Healthcare & Hospitals
GRV100264,"Electricity wire loose latak rahi hai Gandhi Nagar mein, accident ka khatra hai, turant thik karwaye. Otherwise we will protest.",Electricity
GRV100877,"Sir/Madam, Widow pension application Jaipur office mein submit kiya tha, 15 din se koi update nahi. Please take urgent action.",Pension & Provident Fund
GRV100626,"Sewage line Indore mein block ho gayi hai, ghar ke andar gandi nali ka kachra bhar raha hai. Sadar naman.",Sanitation & Garbage
GRV101569,"आयुष्मान कार्ड Ranchi अस्पताल में मान्य नहीं किया जा रहा, मरीज को इलाज से मना कर दिया। Bahut pareshaan hain hum log.",Healthcare & Hospitals
GRV100948,"Namaste sir, पेंशन फॉर्म में गलत बैंक खाता नंबर दर्ज हो गया है, कृपया सुधार करें। Otherwise we will protest.",Pension & Provident Fund
GRV100618,"Public toilet Bhopal ke paas bahut ganda hai, safai nahi hoti kai dino se. Sadar naman.",Sanitation & Garbage
GRV102974,"Sir/Madam, Domicile certificate Madan Mahal mein 20 din se atka hua hai, job application ki deadline nikal rahi hai.",Municipal Certificates
GRV100331,"बिजली का खंभा टूट कर सड़क पर गिरा है Wright Town में, दुर्घटना हो सकती है, कृपया जल्दी हटवाएं। Otherwise we will protest.",Electricity
GRV102213,KYC update na hone ki wajah se account block ho gaya Model Town branch mein. Bahut pareshaan hn hum log.,Banking & Financial Services
GRV101310,पुलिस थाना Indore में तैनात कर्मचारी रिश्वत मांग रहा है काम करने के लिए। Thank you.,Police & Law and Order
GRV101376,"Sir/Madam, मोहल्ले में Shastri Colony में असामाजिक तत्वों का आतंक है, रात को शराब पीकर हंगामा करते हैं। Bahut pareshaan hain hum log.",Police & Law and Order
GRV101113,"Zameen ka daakhil kharij Madan Mahal tehsil mein 5 din se atka hua hai, koi karyawahi nahi ho rahi. Bahut pareshaan hain hum log.",Land Records & Revenue
GRV100961,"महोदय, सेवानिवृत्ति के बाद पेंशन खाता Kanpur में अपडेट नहीं हुआ, two weeks से चक्कर काट रहे हैं। Otherwise we will protest.",Pension & Provident Fund
GRV101171,"अतिक्रमण Jabalpur में मेरी जमीन पर हुआ है, पटवारी और तहसीलदार को 2 hafte पहले शिकायत दी थी। Thank you.",Land Records & Revenue
GRV100318,"Dear officer, नया बिजली कनेक्शन Madan Mahal में 3 din से पेंडिंग है, आवेदन के बावजूद बिजली विभाग जवाब नहीं दे रहा। Please take urgent action.",Electricity
GRV101802,"Sir/Madam, Teacher transfer Adhartal school se a month pehle hua tha, replacement abhi tak nahi mila, class khali padi h. Please take urgent action.",Education & Schools
GRV101125,"Land record mein Geeta Bai ka naam galat likha hai, correction chahiye 2 hafte se request kar raha hoon. Otherwise we will protest.",Land Records & Revenue
GRV100980,"सेवानिवृत्ति के बाद पेंशन खाता Patna में अपडेट नहीं हुआ, 10 din से चक्कर काट रहे हैं। Otherwise we will protest.",Pension & Provident Fund
GRV101985,"Sir/Madam, Ration card Jabalpur dukan par is mahine anaj nahi mila, dealer mana kar raha hai. Thank you.",Ration & Public Distribution System
GRV102136,राशन कार्ड धारकों को Jaipur में तय मात्रा से कम अनाज दिया जा रहा है हर महीने।,Ration & Public Distribution System
GRV101136,"अतिक्रमण Ward 12 में मेरी जमीन पर हुआ है, पटवारी और तहसीलदार को one week पहले शिकायत दी थी। Sadar naman.",Land Records & Revenue
GRV101013,"Dear officer, PF withdrawal request 5 din se pending h, office se koi response nahi mil raha. Thank you.",Pension & Provident Fund
GRV101062,"Sir/Madam, Land record mein Rekha Ahirwar ka naam galat likha hai, correction chahiye 1 mahine se request kar raha hoon. Bahut pareshaan hain hum log.",Land Records & Revenue
GRV101844,"School building Nagpur mein chhat tapakti hai barish mein, khatarnak sthiti hai. Thank you.",Education & Schools
GRV101945,"Teacher transfer Ward 12 school se 5 din pehle hua tha, replacement abhi tak nahi mila, class khali padi hai. Thank you.",Education & Schools
GRV100652,"Dear officer, कचरा गाड़ी Wright Town में नहीं आती है 3 days से, गली में गंदगी फैली है। Thank you.",Sanitation & Garbage
GRV101827,"School building Lucknow mein chhat tapakti hai barish mein, khatarnak sthiti hai. कृपया जल्द कार्रवाई करें।",Education & Schools
GRV102572,"Sir/Madam, Inspector Nagpur area mein business license ke liye bribe maang raha hai, video proof available hai. कृपया जल्द कार्रवाई करें।",Corruption & Bribery
GRV101748,"महोदय, स्कूल Gwalior में शौचालय की स्थिति बहुत खराब है, बच्चियां स्कूल आने से कतरा रही हैं। Kripya jald samadhan karein.",Education & Schools
GRV102068,"Ration card Civil Lines mein digitally seeded nhi h, isliye anaj milna band ho gaya hai. Bahut pareshaan hain hum log.",Ration & Public Distribution System
GRV102510,निर्माण अनुमति Ward 12 नगर निगम से 5000 रुपए रिश्वत दिए बिना नहीं मिल रही।,Corruption & Bribery
GRV101813,"महोदय, School building Bhopal mein chhat tapakti hai barish mein, khatarnak sthiti hai.",Education & Schools
GRV101300,"Respected Sir, Eve teasing Kanpur area mein badh gayi hai, mahilaye ghar se nikalne mein dari rehti hain. Thank you.",Police & Law and Order
GRV102439,"भ्रष्ट अधिकारी Gwalior में बिना घूस लिए फाइल आगे नहीं बढ़ाता, कई बार शिकायत कर चुके हैं। Otherwise we will protest.",Corruption & Bribery
GRV102290,"मेरे खाते से 2000 रुपए गलत तरीके से कट गए Varanasi शाखा से, वापस दिलवाएं। Otherwise we will protest.",Banking & Financial Services
GRV102780,"महोदय, मनरेगा जॉब कार्ड Kotwali area में two weeks से नहीं बना, काम भी नहीं मिल रहा। Kripya jald samadhan karein.",Employment & Labour
GRV101904,"Namaste sir, सरकारी स्कूल Civil Lines में छात्रवृत्ति 1500 रुपए अभी तक नहीं आई। Bahut pareshaan hain hum log.",Education & Schools
GRV100547,"Sir/Madam, Napier Town ki sadak par bada gaddha ho gaya hai, 2 hafte pehle accident bhi hua tha. Sadar naman.",Roads & Infrastructure
GRV101870,"Teacher transfer Madan Mahal school se 3 din pehle hua tha, replacement abhi tak nahi mila, class khali padi hai. Kripya jald samadhan karein.",Education & Schools
GRV100498,"Dear officer, सड़क निर्माण Varanasi में घटिया सामग्री से हो रहा है, one week में ही टूटने लगी। Kripya jald samadhan karein.",Roads & Infrastructure
GRV101021,"Respected Sir, पेंशनर सत्यापन Ranchi में हर साल परेशानी देता है, इस बार a month से पेंशन रुकी हुई है। Please take urgent action.",Pension & Provident Fund
GRV102284,"Namaste sir, मेरे खाते से 10000 रुपए गलत तरीके से कट गए Madan Mahal शाखा से, वापस दिलवाएं। Thank you.",Banking & Financial Services
GRV102784,"महोदय, Overtime paisa 1000 rupaye Gwalior factory se 15 din se nahi mila, HR jawab nahi de raha. Bahut pareshaan hain hum log.",Employment & Labour
GRV101903,"Namaste sir, School building Jaipur mein chhat tapakti hai barish mein, khatarnak sthiti hai. Otherwise we will protest.",Education & Schools
GRV102122,"Sir/Madam, New ration card ke liye 1 mahine se apply kiya hai Sector 7 office mein, abhi tak nahi bana.",Ration & Public Distribution System
GRV100721,"Sir/Madam, Street sweeping Patna area mein band ho gayi hai 3 days se, dust aur kachra jama ho gaya hai. Sadar naman.",Sanitation & Garbage
GRV100897,"मेरी पीएफ की राशि 1500 रुपए अभी तक ट्रांसफर नहीं हुई, a month हो गए आवेदन दिए। Sadar naman.",Pension & Provident Fund
GRV101742,"Dear officer, Sarkari school Model Town mein one week se teacher nahi aa raha hai, padhai band hai. Otherwise we will protest.",Education & Schools
GRV100437,"Road construction work Jabalpur mein adhura pada hai 3 days se, traffic jam ho raha hai. Bahut pareshaan hain hum log.",Roads & Infrastructure
GRV100023,"महोदय, पिछले 20 din से हमारे इलाके Varanasi में पानी की सप्लाई बंद है, कृपया जल्दी ठीक करवाएं। Kripya jald samadhan karein.",Water Supply
GRV100605,"Garbage dump Raipur mohalle ke beech mein bana diya gaya hai, badbu aur bimari phail rahi hai. Thank you.",Sanitation & Garbage
GRV101000,"Respected Sir, PF withdrawal request 20 din se pending hai, office se koi response nahi mil raha.",Pension & Provident Fund
GRV101637,"Sir/Madam, सरकारी अस्पताल Indore में दवाइयां उपलब्ध नहीं हैं, बाहर से खरीदनी पड़ रही है। कृपया जल्द कार्रवाई करें।",Healthcare & Hospitals
GRV102025,"Ration dukan Madan Mahal mein tay samay par nahi khulti, logo ko baar baar chakkar lagana padta hai.",Ration & Public Distribution System
GRV101573,"Namaste sir, Primary health center Gandhi Nagar mein staff hi nahi hai 3 din se, gaon walo ko door jana padta hai ilaj ke liye. Kripya jald samadhan karein.",Healthcare & Hospitals
GRV100797,"Sir/Madam, सेवानिवृत्ति के बाद पेंशन खाता Madan Mahal में अपडेट नहीं हुआ, 20 din से चक्कर काट रहे हैं।",Pension & Provident Fund
GRV102358,"Sir/Madam, बैंक Kanpur में सरकारी योजना का पैसा 3000 रुपए अभी तक जमा नहीं हुआ। कृपया जल्द कार्रवाई करें।",Banking & Financial Services
GRV101698,"Namaste sir, Primary health center Jaipur mein staff hi nahi hai two weeks se, gaon walo ko door jana padta hai ilaj ke liye. कृपया जल्द कार्रवाई करें।",Healthcare & Hospitals
GRV101866,"महोदय, School building Varanasi mein chhat tapakti hai barish mein, khatarnak sthiti hai.",Education & Schools
GRV100299,"बिजली विभाग Civil Lines में 3 din से शिकायत के बावजूद फॉल्ट ठीक नहीं कर रहा, पूरा मोहल्ला अंधेरे में है। Otherwise we will protest.",Electricity
GRV102504,सरकारी दफ्तर Varanasi में बिना रिश्वत दिए कोई फाइल आगे नहीं बढ़ती। Kripya jald samadhan karein.,Corruption & Bribery
GRV102904,"Dear officer, श्रमिक कार्ड Adhartal में 2 hafte से renewal ke liye pending hai, yojnaon ka labh nhi mil raha. Kripya jald samadhan karein.",Employment & Labour
GRV103015,"Namaste sir, निवास प्रमाण पत्र Gandhi Nagar कार्यालय से बनवाने में 15 din लग गए, अभी तक हाथ में नहीं मिला। Sadar naman.",Municipal Certificates
GRV100190,"Respected Sir, Water supply valve Sector 7 colony mein kharab h, sirf ek ghanta paani aata hai roz. Thank you.",Water Supply
GRV100101,"Borewell Jaipur me kharab pada h 3 din se, paani ki bahut dikkat ho rahi hai, koi repair nhi kar raha.",Water Supply
GRV100604,"Namaste sir, Street sweeping Shastri Colony area mein band ho gayi hai a month se, dust aur kachra jama ho gaya hai. Sadar naman.",Sanitation & Garbage
GRV100816,"पेंशन फॉर्म में गलत बैंक खाता नंबर दर्ज हो गया है, कृपया सुधार करें। Please take urgent action.",Pension & Provident Fund
GRV102883,"Respected Sir, Labour ka wages employer ne 10000 rupaye kam diya Patna site par, PF bhi nahi kata. Kripya jald samadhan karein.",Employment & Labour
GRV101272,"Zameen ka daakhil kharij Indore tehsil mein 5 din se atka hua hai, koi karyawahi nhi ho rahi. Please take urgent action.",Land Records & Revenue
GRV100963,"Dear officer, EPF transfer Sector 7 regional office se 1 hafta se atka hai, naya employer wait kar raha hai. Otherwise we will protest.",Pension & Provident Fund
GRV102814,"श्रम कार्यालय Gandhi Nagar में मजदूर के हक की शिकायत one week से लंबित है, कोई सुनवाई नहीं हुई। Sadar naman.",Employment & Labour
GRV101373,"Eve teasing Ward 12 area mein badh gayi h, mahilaye ghar se nikalne mein dari rehti hain. Thank you.",Police & Law and Order
GRV102762,"MGNREGA ki mazdoori one week se nhi mili Bhopal panchayat mein, ghar chalana mushkil ho gaya hai.",Employment & Labour
GRV102112,"Ration card Kotwali area dukan par is mahine anaj nahi mila, dealer mana kar raha h. Sadar naman.",Ration & Public Distribution System
GRV101163,"Namaste sir, भू-अभिलेख में गलती है, कृपया तहसीलदार Indore को निर्देश दें ठीक करने का। Thank you.",Land Records & Revenue
GRV100348,"Respected Sir, Transformer blast ho gaya Madan Mahal mein, area mein bijli nahi hai 5 din se, jaldi replace karwaye.",Electricity
GRV100696,"Dear officer, गली में कचरा जलाया जा रहा है Wright Town में, dhuye se saans lene mein takleef ho rahi hai. Otherwise we will protest.",Sanitation & Garbage
GRV101939,"Respected Sir, Sarkari school Bhopal mein two weeks se teacher nahi aa raha hai, padhai band hai.",Education & Schools
GRV102094,"Anaj ki quality Model Town ration dukan mein bahut kharab h, keede lage hue chawal mil rahe hain. Please take urgent action.",Ration & Public Distribution System
GRV102808,"श्रम कार्यालय Kanpur में मजदूर के हक की शिकायत 15 din से लंबित है, कोई सुनवाई नहीं हुई। Thank you.",Employment & Labour
GRV101812,"School building Gwalior mein chhat tapakti hai barish mein, khatarnak sthiti hai. Bahut pareshaan hain hum log.",Education & Schools
GRV102992,"Sir/Madam, Income certificate online apply Gwalior portal par kiya tha, 2 hafte se status pending dikha raha hai. Thank you.",Municipal Certificates
GRV101905,"Namaste sir, Sarkari school Gandhi Nagar mein 2 hafte se teacher nhi aa raha h, padhai band hai. Please take urgent action.",Education & Schools
GRV101320,"Illegal encroachment aur jua Napier Town mohalle mein khule aam chal raha h, police mook drashak bani hai.",Police & Law and Order
GRV102899,"Respected Sir, बेरोजगारी भत्ता Lucknow employment office se two weeks से नहीं मिला आवेदन के बावजूद। Sadar naman.",Employment & Labour
GRV102376,बैंक Nagpur में सरकारी योजना का पैसा 1000 रुपए अभी तक जमा नहीं हुआ। Thank you.,Banking & Financial Services
GRV102671,"सरकारी टेंडर Ranchi में बिना कमीशन दिए पास नहीं होता, यह भ्रष्टाचार जांच योग्य है।",Corruption & Bribery
GRV102664,"Respected Sir, भ्रष्ट अधिकारी Gwalior में बिना घूस लिए फाइल आगे नहीं बढ़ाता, कई बार शिकायत कर चुके हैं। Sadar naman.",Corruption & Bribery
GRV101176,"Respected Sir, Patta zameen ka record Gwalior revenue office se galat show ho raha hai online portal par. Otherwise we will protest.",Land Records & Revenue
GRV101245,"महोदय, अतिक्रमण Sector 7 में मेरी जमीन पर हुआ है, पटवारी और तहसीलदार को one week पहले शिकायत दी थी। Sadar naman.",Land Records & Revenue
GRV100002,"Dear officer, हैंडपंप Sector 7 में खराब पड़ा है 15 din से, गांव में पानी की भारी किल्लत है। Otherwise we will protest.",Water Supply
GRV102245,बैंक Indore में सरकारी योजना का पैसा 5000 रुपए अभी तक जमा नहीं हुआ। कृपया जल्द कार्रवाई करें।,Banking & Financial Services
GRV101664,"Primary health center Raipur mein staff hi nahi hai one week se, gaon walo ko door jana padta hai ilaj ke liye.",Healthcare & Hospitals
GRV101233,Zameen ka naamantaran Adhartal tehsil mein two weeks se pending hai. Thank you.,Land Records & Revenue
GRV102332,"Sir/Madam, Bank Lucknow branch mein loan application 1 hafta se pending hai, koi jawab nahi mil raha. Thank you.",Banking & Financial Services
GRV102522,"Dear officer, Panchayat Adhartal mein yojna ka paisa bina commission diye release nahi hota, sarpanch ghoos maangta hai. Thank you.",Corruption & Bribery
GRV100713,"Dear officer, गली में कचरा जलाया जा रहा है Nagpur में, dhuye se saans lene mein takleef ho rahi hai.",Sanitation & Garbage
GRV102804,"Overtime paisa 5000 rupaye Sector 7 factory se 10 din se nhi mila, HR jawab nahi de raha. Please take urgent action.",Employment & Labour
GRV101723,"Namaste sir, Primary health center Kanpur mein staff hi nahi hai 1 mahine se, gaon walo ko door jana padta hai ilaj ke liye.",Healthcare & Hospitals
GRV100786,"Respected Sir, Public toilet Raipur ke paas bahut ganda hai, safai nahi hoti kai dino se. Thank you.",Sanitation & Garbage
GRV100522,"Respected Sir, पुलिया Gwalior में बारिश में डूब जाती है हर साल, स्थायी समाधान चाहिए। कृपया जल्द कार्रवाई करें।",Roads & Infrastructure
GRV102271,"महोदय, मेरे खाते से 500 रुपए गलत तरीके से कट गए Civil Lines शाखा से, वापस दिलवाएं।",Banking & Financial Services
GRV101212,"Sir/Madam, Zameen ka daakhil kharij Wright Town tehsil mein a month se atka hua hai, koi karyawahi nahi ho rahi.",Land Records & Revenue
GRV101649,जननी सुरक्षा योजना का पैसा Gwalior अस्पताल से 10 din में नहीं मिला डिलीवरी के बाद।,Healthcare & Hospitals
GRV101337,"Respected Sir, मोहल्ले में Model Town में असामाजिक तत्वों का आतंक है, रात को शराब पीकर हंगामा करते हैं। Thank you.",Police & Law and Order
GRV101673,"Sir/Madam, सरकारी अस्पताल Bhopal में दवाइयां उपलब्ध नहीं हैं, बाहर से खरीदनी पड़ रही है। कृपया जल्द कार्रवाई करें।",Healthcare & Hospitals
GRV101267,"Dear officer, Zameen ka naamantaran Nagpur tehsil mein 10 din se pending hai. Please take urgent action.",Land Records & Revenue
GRV102078,"Namaste sir, New ration card ke liye one week se apply kiya hai Ranchi office mein, abhi tak nahi bana.",Ration & Public Distribution System
GRV101231,"Sir/Madam, भू-अभिलेख में गलती है, कृपया तहसीलदार Sector 7 को निर्देश दें ठीक करने का। Thank you.",Land Records & Revenue
GRV100511,"Sir/Madam, पुलिया Ward 12 में बारिश में डूब जाती है हर साल, स्थायी समाधान चाहिए। Bahut pareshaan hain hum log.",Roads & Infrastructure
GRV101286,"Respected Sir, Chain snatching hui thi Nagpur mein, police ne case follow up nahi kiya.",Police & Law and Order
GRV102553,"Panchayat Shastri Colony mein yojna ka paisa bina commission diye release nahi hota, sarpanch ghoos maangta hai. Thank you.",Corruption & Bribery
GRV101353,"Dear officer, Chain snatching hui thi Jabalpur mein, police ne case follow up nahi kiya. Please take urgent action.",Police & Law and Order
GRV100287,"Dear officer, Transformer blast ho gaya Kanpur mein, area mein bijli nahi hai 3 din se, jaldi replace karwaye. Please take urgent action.",Electricity
GRV101767,"स्कूल Jaipur में शौचालय की स्थिति बहुत खराब है, बच्चियां स्कूल आने से कतरा रही हैं। Bahut pareshaan hain hum log.",Education & Schools
GRV101492,"Namaste sir, Eve teasing Varanasi area mein badh gayi hai, mahilaye ghar se nikalne mein dari rehti hain. Please take urgent action.",Police & Law and Order
GRV100808,"Namaste sir, EPF transfer Model Town regional office se 20 din se atka hai, naya employer wait kar raha hai. Sadar naman.",Pension & Provident Fund
GRV102206,KYC update na hone ki wajah se account block ho gaya Model Town branch mein. Kripya jald samadhan karein.,Banking & Financial Services
GRV102130,"Respected Sir, Ration card Ranchi mein digitally seeded nahi hai, isliye anaj milna band ho gaya hai. Bahut pareshaan hain hum log.",Ration & Public Distribution System
GRV100007,"Hamare Indore mohalle mein pichle 2 hafte se paani nahi aa raha hai, jaldi thik karwaye. Otherwise we will protest.",Water Supply
GRV101787,"School building Jabalpur mein chhat tapakti hai barish mein, khatarnak sthiti hai. Thank you.",Education & Schools
GRV100182,"Municipal water connection Wright Town mein kaat diya gaya bina notice diye, paani ke bina pareshani ho rahi hai. Bahut pareshaan hain hum log.",Water Supply
GRV101044,"महोदय, Land record mein Rajesh Verma ka naam galat likha hai, correction chahiye 5 din se request kar raha hoon. Otherwise we will protest.",Land Records & Revenue
GRV100779,"महोदय, सफाई विभाग Raipur में डोर टू डोर कचरा कलेक्शन बंद कर चुका है two weeks से।",Sanitation & Garbage
GRV102362,"Fraud transaction 500 rupaye ka Wright Town branch account se hua hai, turant jaanch karwaye. Otherwise we will protest.",Banking & Financial Services
GRV101578,"Primary health center Jaipur mein staff hi nahi hai 1 mahine se, gaon walo ko door jana padta hai ilaj ke liye.",Healthcare & Hospitals
GRV100474,"Road divider Civil Lines mein toota pada hai 1 hafta se, gaadiyan galat side se overtake kar rahi hain. Bahut pareshaan hain hum log.",Roads & Infrastructure
GRV102095,राशन कार्ड धारकों को Jabalpur में तय मात्रा से कम अनाज दिया जा रहा है हर महीने। Bahut pareshaan hain hum log.,Ration & Public Distribution System
GRV102484,"Namaste sir, रिश्वत की मांग Shastri Colony कार्यालय में हर छोटे काम के लिए की जाती है, यह भ्रष्टाचार बंद होना चाहिए। Bahut pareshaan hain hum log.",Corruption & Bribery
GRV101788,"Namaste sir, School building Napier Town mein chhat tapakti hai barish mein, khatarnak sthiti hai. Otherwise we will protest.",Education & Schools
GRV102786,"Respected Sir, मनरेगा जॉब कार्ड Varanasi में one week से नहीं बना, काम भी नहीं मिल रहा। Otherwise we will protest.",Employment & Labour
GRV101416,"Respected Sir, Theft complaint diye 20 din ho gaye Patna mein, koi action nahi hua abhi tak. कृपया जल्द कार्रवाई करें।",Police & Law and Order
GRV101780,सरकारी स्कूल Raipur में छात्रवृत्ति 2000 रुपए अभी तक नहीं आई।,Education & Schools
GRV102444,"रिश्वत की मांग Raipur कार्यालय में हर छोटे काम के लिए की जाती है, यह भ्रष्टाचार बंद होना चाहिए। Otherwise we will protest.",Corruption & Bribery
GRV100445,"Namaste sir, सड़क पर बिना बैरिकेड के गड्ढा खोदा गया है Lucknow में, raat mein accident ka khatra hai. Sadar naman.",Roads & Infrastructure
GRV100157,"Respected Sir, Water quality test chahiye Kanpur area mein, paani ka rang peela aa raha hai two weeks se. Otherwise we will protest.",Water Supply
GRV102749,"Respected Sir, मनरेगा जॉब कार्ड Varanasi में 10 din से नहीं बना, काम भी नहीं मिल रहा। Bahut pareshaan hain hum log.",Employment & Labour
GRV102379,बैंक Nagpur में सरकारी योजना का पैसा 3000 रुपए अभी तक जमा नहीं हुआ।,Banking & Financial Services
GRV102938,"निवास प्रमाण पत्र Jaipur कार्यालय से बनवाने में 15 din लग गए, अभी तक हाथ में नहीं मिला। Thank you.",Municipal Certificates
GRV101070,"Sir/Madam, Patta zameen ka record Civil Lines revenue office se galat show ho raha hai online portal par. कृपया जल्द कार्रवाई करें।",Land Records & Revenue
GRV102796,"MGNREGA ki mazdoori 3 days se nahi mili Ranchi panchayat mein, ghar chalana mushkil ho gaya hai. Sadar naman.",Employment & Labour
GRV100114,"Sir/Madam, Municipal water connection Napier Town mein kaat diya gaya bina notice diye, paani ke bina pareshani ho rahi hai. कृपया जल्द कार्रवाई करें।",Water Supply
GRV101357,"Dear officer, मोहल्ले में Jaipur में असामाजिक तत्वों का आतंक है, रात को शराब पीकर हंगामा करते हैं। Kripya jald samadhan karein.",Police & Law and Order
GRV102830,"Namaste sir, Labour ka wages employer ne 500 rupaye kam diya Kanpur site par, PF bhi nahi kata. कृपया जल्द कार्रवाई करें।",Employment & Labour
GRV101638,"Dear officer, सरकारी अस्पताल Kanpur में दवाइयां उपलब्ध नहीं हैं, बाहर से खरीदनी पड़ रही है। Otherwise we will protest.",Healthcare & Hospitals
GRV102087,"Sir/Madam, गरीबी रेखा राशन कार्ड Civil Lines में गलत तरीके से रद्द कर दिया गया, फिर से चालू करवाएं। Bahut pareshaan hain hum log.",Ration & Public Distribution System
GRV101439,"Namaste sir, Chain snatching hui thi Gwalior mein, police ne case follow up nahi kiya. Otherwise we will protest.",Police & Law and Order
GRV101144,"अतिक्रमण Adhartal में मेरी जमीन पर हुआ है, पटवारी और तहसीलदार को 15 din पहले शिकायत दी थी।",Land Records & Revenue
GRV103043,"विवाह प्रमाण पत्र Jabalpur नगर निगम से one week में नहीं मिला, दस्तावेज बार बार मांगे जा रहे हैं।",Municipal Certificates
GRV101142,"Respected Sir, Zameen ka daakhil kharij Varanasi tehsil mein 1 mahine se atka hua hai, koi karyawahi nahi ho rahi. Bahut pareshaan hain hum log.",Land Records & Revenue
GRV101345,"Respected Sir, गुमशुदगी की रिपोर्ट Gwalior थाने में two weeks पहले दी थी, अभी तक कोई तलाश शुरू नहीं हुई। Otherwise we will protest.",Police & Law and Order
GRV101633,"Namaste sir, Ambulance Bhopal bulane par 2 hafte ghante late aayi, emergency case tha. Thank you.",Healthcare & Hospitals
GRV100792,"Respected Sir, मेरी पीएफ की राशि 2000 रुपए अभी तक ट्रांसफर नहीं हुई, 3 days हो गए आवेदन दिए। Bahut pareshaan hn hum log.",Pension & Provident Fund
GRV100097,"Sir/Madam, पीने के पानी की सप्लाई Patna में हफ्ते में सिर्फ एक बार आती है, बहुत परेशानी है। Please take urgent action.",Water Supply
GRV100914,"PF withdrawal request 5 din se pending hai, office se koi response nahi mil raha. Kripya jald samadhan karein.",Pension & Provident Fund
GRV100933,"Dear officer, पेंशन फॉर्म में गलत बैंक खाता नंबर दर्ज हो गया है, कृपया सुधार करें। कृपया जल्द कार्रवाई करें।",Pension & Provident Fund
GRV101251,"महोदय, अतिक्रमण Kotwali area में मेरी जमीन पर हुआ है, पटवारी और तहसीलदार को 3 din पहले शिकायत दी थी। Bahut pareshaan hain hum log.",Land Records & Revenue
GRV101433,"Respected Sir, Eve teasing Jabalpur area mein badh gayi hai, mahilaye ghar se nikalne mein dari rehti hain. Please take urgent action.",Police & Law and Order
GRV101886,"Respected Sir, छात्र का प्रमाण पत्र Ward 12 स्कूल से 20 din से नहीं मिल रहा, दाखिले में दिक्कत हो रही है।",Education & Schools
GRV100818,"सेवानिवृत्ति के बाद पेंशन खाता Napier Town में अपडेट नहीं हुआ, two weeks से चक्कर काट रहे हैं। Otherwise we will protest.",Pension & Provident Fund
GRV100912,"Widow pension application Gwalior office mein submit kiya tha, 1 mahine se koi update nahi. Please take urgent action.",Pension & Provident Fund
GRV101928,"Respected Sir, छात्र का प्रमाण पत्र Bhopal स्कूल से two weeks से नहीं मिल रहा, दाखिले में दिक्कत हो रही है। कृपया जल्द कार्रवाई करें।",Education & Schools
GRV100159,"Sir/Madam, There has been no water supply in Jaipur for the last 1 mahine. Please resolve urgently. Kripya jald samadhan karein.",Water Supply
GRV101567,"Sir/Madam, Primary health center Wright Town mein staff hi nahi hai one week se, gaon walo ko door jana padta hai ilaj ke liye.",Healthcare & Hospitals
GRV100443,"सड़क पर बिना बैरिकेड के गड्ढा खोदा गया है Nagpur में, raat mein accident ka khatra hai.",Roads & Infrastructure
GRV100653,"Garbage dump Indore mohalle ke beech mein bana diya gaya h, badbu aur bimari phail rahi hai. Sadar naman.",Sanitation & Garbage
GRV102949,"Namaste sir, OBC certificate Jabalpur tehsil se renew karwana tha, 15 din se application stuck hai portal par. Bahut pareshaan hain hum log.",Municipal Certificates
GRV101017,"EPF transfer Sector 7 regional office se 1 mahine se atka hai, naya employer wait kar raha hai.",Pension & Provident Fund
GRV101687,"Namaste sir, आयुष्मान कार्ड Raipur अस्पताल में मान्य नहीं किया जा रहा, मरीज को इलाज से मना कर दिया।",Healthcare & Hospitals
GRV101361,"मोहल्ले में Ranchi में असामाजिक तत्वों का आतंक है, रात को शराब पीकर हंगामा करते हैं। Thank you.",Police & Law and Order
GRV100735,"सफाई कर्मचारी Varanasi मोहल्ले में 20 din से नहीं आया, शिकायत करने पर भी सुनवाई नहीं। Kripya jald samadhan karein.",Sanitation & Garbage
GRV100102,"टंकी का पानी Lucknow में सीवर के पानी से मिल गया है, तुरंत जांच करवाएं। Bahut pareshaan hain hum log.",Water Supply
GRV101689,"Sir/Madam, अस्पताल Lucknow में सफाई की बहुत खराब स्थिति है, संक्रमण फैलने का डर है। Sadar naman.",Healthcare & Hospitals
GRV100726,"Sir/Madam, Kachra collection van Gandhi Nagar area mein bilkul nahi aati, ghar ghar se kachra sadak par phenkna padta hai.",Sanitation & Garbage
GRV100666,"Namaste sir, Public toilet Jaipur ke paas bahut ganda hai, safai nhi hoti kai dino se.",Sanitation & Garbage
GRV100970,"Respected Sir, Widow pension application Napier Town office mein submit kiya tha, 1 mahine se koi update nahi. Bahut pareshaan hain hum log.",Pension & Provident Fund
GRV100634,"Dear officer, Garbage dump Adhartal mohalle ke beech mein bana diya gaya hai, badbu aur bimari phail rahi hai. कृपया जल्द कार्रवाई करें।",Sanitation & Garbage
GRV102543,"Respected Sir, Officer Nagpur mein bina paise liye certificate nahi de raha, complaint chahiye. Thank you.",Corruption & Bribery
GRV102811,"Dear officer, Labour ka wages employer ne 2000 rupaye kam diya Varanasi site par, PF bhi nahi kata. Sadar naman.",Employment & Labour
GRV102294,"Namaste sir, मेरे खाते से 10000 रुपए गलत तरीके से कट गए Ranchi शाखा से, वापस दिलवाएं।",Banking & Financial Services
GRV101449,"Theft complaint diye 5 din ho gaye Sector 7 mein, koi action nahi hua abhi tak. कृपया जल्द कार्रवाई करें।",Police & Law and Order
GRV100422,"Sir/Madam, सड़क पर बिना बैरिकेड के गड्ढा खोदा गया है Ranchi में, raat mein accident ka khatra hai. Bahut pareshaan hain hum log.",Roads & Infrastructure
GRV101023,"Namaste sir, Zameen ka naamantaran Madan Mahal tehsil mein 3 days se pending hai.",Land Records & Revenue
GRV100861,"Namaste sir, पेंशनर सत्यापन Lucknow में हर साल परेशानी देता है, इस बार 5 din से पेंशन रुकी हुई है। कृपया जल्द कार्रवाई करें।",Pension & Provident Fund
GRV101466,"Theft complaint diye 1 mahine ho gaye Nagpur mein, koi action nahi hua abhi tak. Kripya jald samadhan karein.",Police & Law and Order
GRV100164,"Namaste sir, There has been no water supply in Lucknow for the last one week. Please resolve urgently. Bahut pareshaan hn hum log.",Water Supply
GRV101494,"Sir/Madam, Chain snatching hui thi Wright Town mein, police ne case follow up nhi kiya.",Police & Law and Order
GRV101263,"मेरी जमीन का सीमांकन Shastri Colony में गलत हो गया है, पड़ोसी ने कब्जा कर लिया है। Otherwise we will protest.",Land Records & Revenue
GRV100172,"Dear officer, Water quality test chahiye Jabalpur area mein, paani ka rang peela aa raha hai 20 din se. Sadar naman.",Water Supply
GRV100523,"Respected Sir, Road divider Indore mein toota pada h 3 days se, gaadiyan galat side se overtake kar rahi hain. Kripya jald samadhan karein.",Roads & Infrastructure
GRV101761,"महोदय, Teacher transfer Indore school se 20 din pehle hua tha, replacement abhi tak nahi mila, class khali padi hai.",Education & Schools
GRV100607,"महोदय, सफाई विभाग Madan Mahal में डोर टू डोर कचरा कलेक्शन बंद कर चुका है 2 hafte से। Kripya jald samadhan karein.",Sanitation & Garbage
GRV102264,"Dear officer, Fraud transaction 1000 rupaye ka Gandhi Nagar branch account se hua hai, turant jaanch karwaye. Otherwise we will protest.",Banking & Financial Services
GRV102386,"Namaste sir, KYC update na hone ki wajah se account block ho gaya Jaipur branch mein. Please take urgent action.",Banking & Financial Services
GRV101513,"Dear officer, Free treatment scheme card ban gaya lekin hospital Kanpur mein accept nahi kar rahe. Thank you.",Healthcare & Hospitals
GRV100148,"Respected Sir, Borewell Model Town me kharab pada hai one week se, paani ki bahut dikkat ho rahi hai, koi repair nhi kar raha. Otherwise we will protest.",Water Supply
GRV102235,"Fraud transaction 1500 rupaye ka Indore branch account se hua h, turant jaanch karwaye. कृपया जल्द कार्रवाई करें।",Banking & Financial Services
GRV100611,"Namaste sir, नाली Civil Lines में जाम पड़ी है 3 din से, सफाई विभाग को कई बार बताया लेकिन कोई कार्रवाई नहीं हुई।",Sanitation & Garbage
GRV102822,"Overtime paisa 500 rupaye Jabalpur factory se 20 din se nahi mila, HR jawab nahi de raha.",Employment & Labour
GRV102919,"Labour ka wages employer ne 10000 rupaye kam diya Ward 12 site par, PF bhi nahi kata. Please take urgent action.",Employment & Labour
GRV100040,"जल संकट Madan Mahal क्षेत्र में 15 din से गंभीर बना हुआ है, पानी के लिए दूर तक जाना पड़ रहा है। Kripya jald samadhan karein.",Water Supply
GRV102298,"Bank Napier Town branch mein loan application 10 din se pending hai, koi jawab nahi mil raha.",Banking & Financial Services
GRV101752,"Respected Sir, Sarkari school Patna mein 1 mahine se teacher nahi aa raha hai, padhai band hai. Thank you.",Education & Schools
GRV102260,"मेरे खाते से 500 रुपए गलत तरीके से कट गए Kanpur शाखा से, वापस दिलवाएं।",Banking & Financial Services
GRV101810,"महोदय, निजी स्कूल Ward 12 में फीस मनमानी बढ़ाई जा रही है, शिक्षा विभाग कार्रवाई नहीं कर रहा।",Education & Schools
GRV102927,"प्रमाण पत्र पर नाम की स्पेलिंग गलत छप गई Ward 12 नगर निगम से, correction ke liye baar baar chakkar. कृपया जल्द कार्रवाई करें।",Municipal Certificates
GRV101073,"महोदय, अतिक्रमण Adhartal में मेरी जमीन पर हुआ है, पटवारी और तहसीलदार को a month पहले शिकायत दी थी।",Land Records & Revenue
GRV102610,"Namaste sir, Government scheme ka labh Suman Devi ko Civil Lines mein tabhi mila jab 5000 rupaye commission diya. Kripya jald samadhan karein.",Corruption & Bribery
GRV100536,"Drainage cover sadak Lucknow mein tuta pada h, gaddi ka pahiya fasne se accident ho sakta hai.",Roads & Infrastructure
GRV101367,"Sir/Madam, पुलिस थाना Gandhi Nagar में तैनात कर्मचारी रिश्वत मांग रहा है काम करने के लिए। Otherwise we will protest.",Police & Law and Order
GRV100015,"Namaste sir, जल संकट Sector 7 क्षेत्र में 1 hafta से गंभीर बना हुआ है, पानी के लिए दूर तक जाना पड़ रहा है।",Water Supply
GRV100181,"महोदय, Borewell Gandhi Nagar me kharab pada hai one week se, paani ki bahut dikkat ho rahi hai, koi repair nahi kar raha. Please take urgent action.",Water Supply
GRV101134,"Land record mein Ramesh Kumar ka naam galat likha hai, correction chahiye 2 hafte se request kar raha hoon.",Land Records & Revenue
GRV102845,"Overtime paisa 5000 rupaye Ranchi factory se 5 din se nahi mila, HR jawab nahi de raha. Bahut pareshaan hain hum log.",Employment & Labour
GRV102599,"Sir/Madam, Bina ghoos diye Gwalior sarkari office mein koi kaam nahi hota, staff khule aam paise maangta hai. Otherwise we will protest.",Corruption & Bribery
GRV100379,"Electricity wire loose latak rahi hai Lucknow mein, accident ka khatra hai, turant thik karwaye. Please take urgent action.",Electricity
GRV100209,"Sir/Madam, Borewell Indore me kharab pada hai two weeks se, paani ki bahut dikkat ho rahi hai, koi repair nahi kar raha. Sadar naman.",Water Supply
GRV101029,"Namaste sir, भू-अभिलेख में गलती है, कृपया तहसीलदार Kanpur को निर्देश दें ठीक करने का।",Land Records & Revenue
GRV102921,"Sir/Madam, Labour ka wages employer ne 10000 rupaye kam diya Adhartal site par, PF bhi nahi kata. Thank you.",Employment & Labour
GRV102071,"Ration dukan Model Town mein tay samay par nahi khulti, logo ko baar baar chakkar lagana padta hai. Kripya jald samadhan karein.",Ration & Public Distribution System
GRV101082,"Dear officer, Patta zameen ka record Patna revenue office se galat show ho raha hai online portal par. Otherwise we will protest.",Land Records & Revenue
GRV102598,"Panchayat Gwalior mein yojna ka paisa bina commission diye release nhi hota, sarpanch ghoos maangta hai.",Corruption & Bribery
GRV100834,"सेवानिवृत्ति के बाद पेंशन खाता Nagpur में अपडेट नहीं हुआ, 20 din से चक्कर काट रहे हैं।",Pension & Provident Fund
GRV101405,"Sir/Madam, पुलिस थाना Civil Lines में तैनात कर्मचारी रिश्वत मांग रहा है काम करने के लिए। Thank you.",Police & Law and Order
GRV100863,"Dear officer, मेरी पीएफ की राशि 5000 रुपए अभी तक ट्रांसफर नहीं हुई, 10 din हो गए आवेदन दिए। Otherwise we will protest.",Pension & Provident Fund
GRV102478,"Respected Sir, निर्माण अनुमति Ranchi नगर निगम से 2000 रुपए रिश्वत दिए बिना नहीं मिल रही।",Corruption & Bribery
GRV101155,"महोदय, भू-अभिलेख में गलती है, कृपया तहसीलदार Kotwali area को निर्देश दें ठीक करने का। कृपया जल्द कार्रवाई करें।",Land Records & Revenue
GRV101116,"मेरी जमीन का सीमांकन Kotwali area में गलत हो गया है, पड़ोसी ने कब्जा कर लिया है। Thank you.",Land Records & Revenue
GRV103069,"Sir/Madam, Character certificate Wright Town police station se 2 hafte se pending h, job joining rukh gayi hai. Otherwise we will protest.",Municipal Certificates
GRV102955,"Namaste sir, प्रमाण पत्र पर नाम की स्पेलिंग गलत छप गई Ranchi नगर निगम से, correction ke liye baar baar chakkar. Thank you.",Municipal Certificates
GRV100439,"महोदय, Drainage cover sadak Model Town mein tuta pada hai, gaddi ka pahiya fasne se accident ho sakta hai. Kripya jald samadhan karein.",Roads & Infrastructure
GRV100473,"No streetlight on the main road of Ward 12, very unsafe at night for 3 days now. Sadar naman.",Roads & Infrastructure
GRV103059,"महोदय, विवाह प्रमाण पत्र Civil Lines नगर निगम से 2 hafte में नहीं मिला, दस्तावेज बार बार मांगे जा रहे हैं। Kripya jald samadhan karein.",Municipal Certificates
GRV100551,"महोदय, सड़क किनारे रेलिंग टूटी हुई है Patna में, वाहन गिरने का खतरा बना हुआ है। Bahut pareshaan hain hum log.",Roads & Infrastructure
GRV100425,"Respected Sir, पुल Jabalpur में टूटा हुआ है, बच्चे स्कूल जाने में डरते हैं, कृपया जल्दी बनवाएं।",Roads & Infrastructure
GRV101227,Patta zameen ka record Adhartal revenue office se galat show ho raha hai online portal par. Kripya jald samadhan karein.,Land Records & Revenue
GRV102272,"ATM Gwalior mein 10 din se kharab hai, paise nahi nikal pa raha koi. Otherwise we will protest.",Banking & Financial Services
GRV100033,"Dear officer, टंकी का पानी Varanasi में सीवर के पानी से मिल गया है, तुरंत जांच करवाएं।",Water Supply
GRV102167,"Dear officer, PDS shop Napier Town mein gehu aur chawal is mahine bilkul nahi mila, dealer bahana bana raha hai. Otherwise we will protest.",Ration & Public Distribution System
GRV102679,"महोदय, मनरेगा जॉब कार्ड Bhopal में 1 hafta से नहीं बना, काम भी नहीं मिल रहा। Bahut pareshaan hain hum log.",Employment & Labour
GRV102506,"Officer Madan Mahal mein bina paise liye certificate nahi de raha, complaint chahiye. Otherwise we will protest.",Corruption & Bribery
GRV101240,"Namaste sir, Patta zameen ka record Shastri Colony revenue office se galat show ho raha hai online portal par.",Land Records & Revenue
GRV102226,"Namaste sir, बैंक Madan Mahal में सरकारी योजना का पैसा 3000 रुपए अभी तक जमा नहीं हुआ। Bahut pareshaan hain hum log.",Banking & Financial Services
GRV102888,बेरोजगारी भत्ता Jabalpur employment office se 3 din से नहीं मिला आवेदन के बावजूद। Otherwise we will protest.,Employment & Labour
GRV100647,"Dear officer, Sewage line Patna mein block ho gayi hai, ghar ke andar gandi nali ka kachra bhar raha hai.",Sanitation & Garbage
GRV101168,"Respected Sir, मेरी जमीन का सीमांकन Napier Town में गलत हो गया है, पड़ोसी ने कब्जा कर लिया है।",Land Records & Revenue
GRV101514,"अस्पताल Varanasi में सफाई की बहुत खराब स्थिति है, संक्रमण फैलने का डर है। Bahut pareshaan hain hum log.",Healthcare & Hospitals
GRV101001,"मेरी पीएफ की राशि 500 रुपए अभी तक ट्रांसफर नहीं हुई, 1 mahine हो गए आवेदन दिए।",Pension & Provident Fund
GRV100282,"Namaste sir, Transformer blast ho gaya Raipur mein, area mein bijli nahi hai 3 din se, jaldi replace karwaye. कृपया जल्द कार्रवाई करें।",Electricity
GRV101430,"Respected Sir, पुलिस थाना Ranchi में तैनात कर्मचारी रिश्वत मांग रहा है काम करने के लिए।",Police & Law and Order
GRV100543,"Respected Sir, सड़क Nagpur में बहुत खराब हालत में है, बारिश में कीचड़ हो जाता है, मरम्मत करवाएं। Bahut pareshaan hn hum log.",Roads & Infrastructure
GRV102801,"EPFO complaint diya tha 20 din pehle, response nahi aaya Patna regional office se. Thank you.",Employment & Labour
GRV102073,"Namaste sir, PDS shop Patna mein gehu aur chawal is mahine bilkul nahi mila, dealer bahana bana raha hai. कृपया जल्द कार्रवाई करें।",Ration & Public Distribution System
GRV100874,"मेरी पीएफ की राशि 3000 रुपए अभी तक ट्रांसफर नहीं हुई, 3 days हो गए आवेदन दिए। Kripya jald samadhan karein.",Pension & Provident Fund
GRV102203,KYC update na hone ki wajah se account block ho gaya Bhopal branch mein. कृपया जल्द कार्रवाई करें।,Banking & Financial Services
GRV100301,"Respected Sir, Streetlights Jaipur mein 15 din se band hai, raat ko andhera rehta hai bijli na hone se. Thank you.",Electricity
GRV100410,"सड़क किनारे रेलिंग टूटी हुई है Raipur में, वाहन गिरने का खतरा बना हुआ है। Kripya jald samadhan karein.",Roads & Infrastructure
GRV102307,"Fraud transaction 500 rupaye ka Civil Lines branch account se hua hai, turant jaanch karwaye. Kripya jald samadhan karein.",Banking & Financial Services
GRV102545,"Dear officer, Clerk ne 3000 rupaye maange Model Town office mein pension file aage badhane ke liye, ghoos lena band karwaye. Sadar naman.",Corruption & Bribery
GRV101878,"Respected Sir, स्कूल Raipur में शौचालय की स्थिति बहुत खराब है, बच्चियां स्कूल आने से कतरा रही हैं। Thank you.",Education & Schools
GRV100039,"Dear officer, पीने के पानी की सप्लाई Shastri Colony में हफ्ते में सिर्फ एक बार आती है, बहुत परेशानी है।",Water Supply
GRV100298,"Respected Sir, बिजली का बिल 500 रुपए गलत आया है Lucknow पते पर, इसे ठीक करवाएं।",Electricity
GRV102755,"Sir/Madam, MGNREGA ki mazdoori 15 din se nhi mili Civil Lines panchayat mein, ghar chalana mushkil ho gaya hai. Kripya jald samadhan karein.",Employment & Labour
GRV101873,"Namaste sir, सरकारी स्कूल Model Town में छात्रवृत्ति 10000 रुपए अभी तक नहीं आई। Thank you.",Education & Schools
GRV101229,"भू-अभिलेख में गलती है, कृपया तहसीलदार Ward 12 को निर्देश दें ठीक करने का। Please take urgent action.",Land Records & Revenue
GRV102644,"Dear officer, Bina ghoos diye Kanpur sarkari office mein koi kaam nahi hota, staff khule aam paise maangta hai. कृपया जल्द कार्रवाई करें।",Corruption & Bribery
GRV100537,"Namaste sir, सड़क Patna में बहुत खराब हालत में है, बारिश में कीचड़ हो जाता है, मरम्मत करवाएं।",Roads & Infrastructure
GRV101622,"Sir/Madam, Free treatment scheme card ban gaya lekin hospital Kotwali area mein accept nahi kar rahe. कृपया जल्द कार्रवाई करें।",Healthcare & Hospitals
GRV101088,Zameen ka naamantaran Jabalpur tehsil mein one week se pending hai. Otherwise we will protest.,Land Records & Revenue
GRV100978,"Respected Sir, Widow pension application Ranchi office mein submit kiya tha, 5 din se koi update nahi. Please take urgent action.",Pension & Provident Fund
GRV101287,"महोदय, Eve teasing Ranchi area mein badh gayi h, mahilaye ghar se nikalne mein dari rehti hain. Kripya jald samadhan karein.",Police & Law and Order
GRV102744,Construction site Ward 12 par bina helmet aur safety belt ke kaam karwaya ja raha hai mazdooro se. Sadar naman.,Employment & Labour
GRV100837,"Old age pension band ho gayi hai bina bataye, Kavita Singh ko problem ho rahi hai. Otherwise we will protest.",Pension & Provident Fund
GRV101069,Patta zameen ka record Ward 12 revenue office se galat show ho raha hai online portal par. कृपया जल्द कार्रवाई करें।,Land Records & Revenue
GRV101296,"Sir/Madam, Illegal encroachment aur jua Indore mohalle mein khule aam chal raha h, police mook drashak bani hai. Bahut pareshaan hain hum log.",Police & Law and Order
GRV102142,"Ration card Kanpur dukan par is mahine anaj nahi mila, dealer mana kar raha hai. कृपया जल्द कार्रवाई करें।",Ration & Public Distribution System
GRV102316,"Dear officer, Fraud transaction 3000 rupaye ka Gandhi Nagar branch account se hua hai, turant jaanch karwaye. Thank you.",Banking & Financial Services
GRV102978,"Sir/Madam, आय प्रमाण पत्र Napier Town कार्यालय से 2 hafte में नहीं बना, बार बार चक्कर लगवाया जा रहा है। Thank you.",Municipal Certificates
GRV102693,"Sir/Madam, EPFO complaint diya tha 2 hafte pehle, response nhi aaya Ranchi regional office se. Kripya jald samadhan karein.",Employment & Labour
GRV101718,"Ambulance Ward 12 bulane par 1 mahine ghante late aayi, emergency case tha. कृपया जल्द कार्रवाई करें।",Healthcare & Hospitals
GRV100336,"बिजली विभाग Napier Town में two weeks से शिकायत के बावजूद फॉल्ट ठीक नहीं कर रहा, पूरा मोहल्ला अंधेरे में है। Otherwise we will protest.",Electricity
GRV102537,"Panchayat Indore mein yojna ka paisa bina commission diye release nahi hota, sarpanch ghoos maangta hai.",Corruption & Bribery
GRV100163,There has been no water supply in Model Town for the last one week. Please resolve urgently. कृपया जल्द कार्रवाई करें।,Water Supply
GRV102436,"महोदय, सरकारी टेंडर Nagpur में बिना कमीशन दिए पास नहीं होता, यह भ्रष्टाचार जांच योग्य है। Otherwise we will protest.",Corruption & Bribery
GRV102372,KYC update na hone ki wajah se account block ho gaya Jabalpur branch mein.,Banking & Financial Services
GRV101009,"PF withdrawal request two weeks se pending hai, office se koi response nhi mil raha. कृपया जल्द कार्रवाई करें।",Pension & Provident Fund
GRV102334,"Bank Wright Town branch mein loan application 20 din se pending hai, koi jawab nahi mil raha. Bahut pareshaan hain hum log.",Banking & Financial Services
GRV100492,"No streetlight on the main road of Nagpur, very unsafe at night for 20 din now. कृपया जल्द कार्रवाई करें।",Roads & Infrastructure
GRV101654,"आयुष्मान कार्ड Shastri Colony अस्पताल में मान्य नहीं किया जा रहा, मरीज को इलाज से मना कर दिया। Kripya jald samadhan karein.",Healthcare & Hospitals
GRV100964,"Respected Sir, सेवानिवृत्ति के बाद पेंशन खाता Lucknow में अपडेट नहीं हुआ, 20 din से चक्कर काट रहे हैं। Thank you.",Pension & Provident Fund
GRV102766,"EPFO complaint diya tha 1 hafta pehle, response nahi aaya Shastri Colony regional office se. Kripya jald samadhan karein.",Employment & Labour
GRV100279,"महोदय, बिजली का बिल 10000 रुपए गलत आया है Kanpur पते पर, इसे ठीक करवाएं। Sadar naman.",Electricity
GRV102438,"सरकारी टेंडर Patna में बिना कमीशन दिए पास नहीं होता, यह भ्रष्टाचार जांच योग्य है। Kripya jald samadhan karein.",Corruption & Bribery
GRV100281,"बिजली का खंभा टूट कर सड़क पर गिरा है Lucknow में, दुर्घटना हो सकती है, कृपया जल्दी हटवाएं। Kripya jald samadhan karein.",Electricity
GRV100762,"Respected Sir, Sewage line Model Town mein block ho gayi h, ghar ke andar gandi nali ka kachra bhar raha hai. Thank you.",Sanitation & Garbage
GRV100329,"Namaste sir, High voltage ki wajah se Kanpur mein kai gharo ke appliance jal gaye, compensation chahiye. Please take urgent action.",Electricity
GRV102081,"Sir/Madam, Ration dukan Adhartal mein tay samay par nahi khulti, logo ko baar baar chakkar lagana padta hai.",Ration & Public Distribution System
GRV100233,"नया बिजली कनेक्शन Adhartal में 3 din से पेंडिंग है, आवेदन के बावजूद बिजली विभाग जवाब नहीं दे रहा।",Electricity
GRV100645,"Dear officer, Kachra collection van Adhartal area mein bilkul nahi aati, ghar ghar se kachra sadak par phenkna padta hai. Kripya jald samadhan karein.",Sanitation & Garbage
GRV102176,"Anaj ki quality Model Town ration dukan mein bahut kharab hai, keede lage hue chawal mil rahe hain. कृपया जल्द कार्रवाई करें।",Ration & Public Distribution System
GRV102060,"New ration card ke liye 20 din se apply kiya hai Patna office mein, abhi tak nahi bana. Thank you.",Ration & Public Distribution System
GRV101953,"Sir/Madam, School building Wright Town mein chhat tapakti hai barish mein, khatarnak sthiti hai. Bahut pareshaan hain hum log.",Education & Schools
GRV102393,"मेरे खाते से 500 रुपए गलत तरीके से कट गए Napier Town शाखा से, वापस दिलवाएं। Thank you.",Banking & Financial Services
GRV100206,"हैंडपंप Civil Lines में खराब पड़ा है 5 din से, गांव में पानी की भारी किल्लत है। Kripya jald samadhan karein.",Water Supply
GRV100235,"बिजली का खंभा टूट कर सड़क पर गिरा है Lucknow में, दुर्घटना हो सकती है, कृपया जल्दी हटवाएं। Sadar naman.",Electricity
GRV101285,"Namaste sir, Chain snatching hui thi Varanasi mein, police ne case follow up nahi kiya. कृपया जल्द कार्रवाई करें।",Police & Law and Order
GRV100250,"Namaste sir, Electricity wire loose latak rahi hai Napier Town mein, accident ka khatra hai, turant thik karwaye. Thank you.",Electricity
GRV102221,"Fraud transaction 2000 rupaye ka Napier Town branch account se hua hai, turant jaanch karwaye. Kripya jald samadhan karein.",Banking & Financial Services
GRV102373,"Sir/Madam, मेरे खाते से 10000 रुपए गलत तरीके से कट गए Napier Town शाखा से, वापस दिलवाएं। Sadar naman.",Banking & Financial Services
GRV100240,"बिजली का खंभा टूट कर सड़क पर गिरा है Jabalpur में, दुर्घटना हो सकती है, कृपया जल्दी हटवाएं। Otherwise we will protest.",Electricity
GRV100892,"Respected Sir, Widow pension application Kotwali area office mein submit kiya tha, 3 din se koi update nahi. Thank you.",Pension & Provident Fund
GRV101216,"Namaste sir, Zameen ka daakhil kharij Civil Lines tehsil mein 3 din se atka hua hai, koi karyawahi nahi ho rahi. Please take urgent action.",Land Records & Revenue
GRV100778,"Sir/Madam, Street sweeping Madan Mahal area mein band ho gayi hai 10 din se, dust aur kachra jama ho gaya hai. Bahut pareshaan hain hum log.",Sanitation & Garbage
GRV100635,"Sir/Madam, गंदगी की वजह से Varanasi में मक्खी मच्छर बहुत बढ़ गए हैं, महामारी फैलने का डर है।",Sanitation & Garbage
GRV101994,"Dear officer, PDS shop Gandhi Nagar mein gehu aur chawal is mahine bilkul nahi mila, dealer bahana bana raha h. Kripya jald samadhan karein.",Ration & Public Distribution System
GRV102712,"महोदय, श्रमिक कार्ड Jaipur में a month से renewal ke liye pending hai, yojnaon ka labh nahi mil raha.",Employment & Labour
GRV102277,KYC update na hone ki wajah se account block ho gaya Ranchi branch mein.,Banking & Financial Services
GRV101733,"महोदय, सरकारी अस्पताल Jabalpur में दवाइयां उपलब्ध नहीं हैं, बाहर से खरीदनी पड़ रही है। Thank you.",Healthcare & Hospitals
GRV101169,"Sir/Madam, मेरी जमीन का सीमांकन Sector 7 में गलत हो गया है, पड़ोसी ने कब्जा कर लिया है। कृपया जल्द कार्रवाई करें।",Land Records & Revenue
GRV101864,"Sir/Madam, स्कूल Bhopal में शौचालय की स्थिति बहुत खराब है, बच्चियां स्कूल आने से कतरा रही हैं। Thank you.",Education & Schools
GRV101087,"Respected Sir, भू-अभिलेख में गलती है, कृपया तहसीलदार Wright Town को निर्देश दें ठीक करने का। Thank you.",Land Records & Revenue
GRV101600,"महोदय, Ambulance Kotwali area bulane par 3 din ghante late aayi, emergency case tha. Kripya jald samadhan karein.",Healthcare & Hospitals
GRV100009,"Municipal water connection Indore mein kaat diya gaya bina notice diye, paani ke bina pareshani ho rahi h. Kripya jald samadhan karein.",Water Supply
GRV101553,"Namaste sir, अस्पताल Madan Mahal में सफाई की बहुत खराब स्थिति है, संक्रमण फैलने का डर है। Bahut pareshaan hain hum log.",Healthcare & Hospitals
GRV100675,"कचरा गाड़ी Jaipur में नहीं आती है 3 din से, गली में गंदगी फैली है। कृपया जल्द कार्रवाई करें।",Sanitation & Garbage
GRV100241,"बिजली का बिल 2000 रुपए गलत आया है Gandhi Nagar पते पर, इसे ठीक करवाएं। Otherwise we will protest.",Electricity
GRV101643,"Dear officer, आयुष्मान कार्ड Civil Lines अस्पताल में मान्य नहीं किया जा रहा, मरीज को इलाज से मना कर दिया।",Healthcare & Hospitals
GRV100876,"Namaste sir, Widow pension application Gandhi Nagar office mein submit kiya tha, 2 hafte se koi update nahi. Thank you.",Pension & Provident Fund
GRV101972,"स्कूल Gwalior में शौचालय की स्थिति बहुत खराब है, बच्चियां स्कूल आने से कतरा रही हैं। Sadar naman.",Education & Schools
GRV101990,"Fair price shop Raipur mein weighing machine kharab hai, kam tola jata hai anaj. कृपया जल्द कार्रवाई करें।",Ration & Public Distribution System
GRV101665,"आयुष्मान कार्ड Raipur अस्पताल में मान्य नहीं किया जा रहा, मरीज को इलाज से मना कर दिया। Please take urgent action.",Healthcare & Hospitals
GRV100682,"Sir/Madam, सफाई कर्मचारी Napier Town मोहल्ले में 15 din से नहीं आया, शिकायत करने पर भी सुनवाई नहीं। Please take urgent action.",Sanitation & Garbage
GRV100969,"मेरी पीएफ की राशि 2000 रुपए अभी तक ट्रांसफर नहीं हुई, 20 din हो गए आवेदन दिए। Otherwise we will protest.",Pension & Provident Fund
GRV100383,"Sir/Madam, बिजली का खंभा टूट कर सड़क पर गिरा है Gwalior में, दुर्घटना हो सकती है, कृपया जल्दी हटवाएं। कृपया जल्द कार्रवाई करें।",Electricity
GRV100061,"Water supply valve Bhopal colony mein kharab hai, sirf ek ghanta paani aata hai roz. Kripya jald samadhan karein.",Water Supply
GRV102215,"Fraud transaction 1500 rupaye ka Madan Mahal branch account se hua hai, turant jaanch karwaye. Kripya jald samadhan karein.",Banking & Financial Services
GRV102672,सरकारी दफ्तर Jaipur में बिना रिश्वत दिए कोई फाइल आगे नहीं बढ़ती।,Corruption & Bribery
GRV100208,"महोदय, There has been no water supply in Lucknow for the last 1 mahine. Please resolve urgently. कृपया जल्द कार्रवाई करें।",Water Supply
GRV100402,"Sir/Madam, बिजली विभाग Gandhi Nagar में 5 din से शिकायत के बावजूद फॉल्ट ठीक नहीं कर रहा, पूरा मोहल्ला अंधेरे में है।",Electricity
GRV102255,"Sir/Madam, KYC update na hone ki wajah se account block ho gaya Kotwali area branch mein. Bahut pareshaan hn hum log.",Banking & Financial Services
GRV101816,"छात्र का प्रमाण पत्र Jaipur स्कूल से 2 hafte से नहीं मिल रहा, दाखिले में दिक्कत हो रही है।",Education & Schools
GRV100309,"Sir/Madam, बिजली विभाग Sector 7 में 3 din से शिकायत के बावजूद फॉल्ट ठीक नहीं कर रहा, पूरा मोहल्ला अंधेरे में है। Otherwise we will protest.",Electricity
GRV101024,"Zameen ka daakhil kharij Sector 7 tehsil mein 2 hafte se atka hua hai, koi karyawahi nahi ho rahi. Kripya jald samadhan karein.",Land Records & Revenue
GRV101895,"Respected Sir, School building Shastri Colony mein chhat tapakti hai barish mein, khatarnak sthiti hai. Kripya jald samadhan karein.",Education & Schools
GRV102863,Construction site Napier Town par bina helmet aur safety belt ke kaam karwaya ja raha hai mazdooro se. Thank you.,Employment & Labour
GRV100752,"Sir/Madam, सफाई विभाग Ward 12 में डोर टू डोर कचरा कलेक्शन बंद कर चुका है 1 hafta से। Sadar naman.",Sanitation & Garbage
GRV103095,"Character certificate Ranchi police station se a month se pending h, job joining rukh gayi hai.",Municipal Certificates
GRV100575,"Footpath Civil Lines mein encroachment ho gaya hai, pedestrians ko sadak par chalna padta hai.",Roads & Infrastructure
GRV101838,"Dear officer, School building Patna mein chhat tapakti hai barish mein, khatarnak sthiti hai. Otherwise we will protest.",Education & Schools
GRV103055,"प्रमाण पत्र पर नाम की स्पेलिंग गलत छप गई Wright Town नगर निगम से, correction ke liye baar baar chakkar. Please take urgent action.",Municipal Certificates
GRV102851,"MGNREGA ki mazdoori 1 hafta se nahi mili Shastri Colony panchayat mein, ghar chalana mushkil ho gaya hai. Please take urgent action.",Employment & Labour
GRV100785,"Namaste sir, सफाई विभाग Nagpur में डोर टू डोर कचरा कलेक्शन बंद कर चुका है 20 din से। Sadar naman.",Sanitation & Garbage
GRV101019,"Dear officer, पेंशनर सत्यापन Civil Lines में हर साल परेशानी देता है, इस बार two weeks से पेंशन रुकी हुई है। Otherwise we will protest.",Pension & Provident Fund
GRV100448,"Road divider Kotwali area mein toota pada hai two weeks se, gaadiyan galat side se overtake kar rahi hain. Kripya jald samadhan karein.",Roads & Infrastructure
GRV101390,"Dear officer, गुमशुदगी की रिपोर्ट Lucknow थाने में a month पहले दी थी, अभी तक कोई तलाश शुरू नहीं हुई। Bahut pareshaan hain hum log.",Police & Law and Order
GRV101650,"Namaste sir, Free treatment scheme card ban gaya lekin hospital Madan Mahal mein accept nahi kar rahe. Please take urgent action.",Healthcare & Hospitals
GRV100249,"Namaste sir, Streetlights Ward 12 mein 5 din se band hai, raat ko andhera rehta hai bijli na hone se. Kripya jald samadhan karein.",Electricity
GRV100404,"Respected Sir, पुल Kotwali area में टूटा हुआ है, बच्चे स्कूल जाने में डरते हैं, कृपया जल्दी बनवाएं। Thank you.",Roads & Infrastructure
GRV102647,"सरकारी टेंडर Adhartal में बिना कमीशन दिए पास नहीं होता, यह भ्रष्टाचार जांच योग्य है। कृपया जल्द कार्रवाई करें।",Corruption & Bribery
GRV102677,"महोदय, श्रम कार्यालय Model Town में मजदूर के हक की शिकायत 15 din से लंबित है, कोई सुनवाई नहीं हुई। Kripya jald samadhan karein.",Employment & Labour
GRV102759,"Respected Sir, श्रमिक कार्ड Madan Mahal में 3 days से renewal ke liye pending hai, yojnaon ka labh nahi mil raha. कृपया जल्द कार्रवाई करें।",Employment & Labour
GRV100222,"Namaste sir, Electricity wire loose latak rahi hai Kanpur mein, accident ka khatra hai, turant thik karwaye. Thank you.",Electricity
GRV101913,"Namaste sir, छात्र का प्रमाण पत्र Patna स्कूल से 2 hafte से नहीं मिल रहा, दाखिले में दिक्कत हो रही है। Kripya jald samadhan karein.",Education & Schools
GRV101684,"Dear officer, अस्पताल Bhopal में सफाई की बहुत खराब स्थिति है, संक्रमण फैलने का डर है। Bahut pareshaan hain hum log.",Healthcare & Hospitals
GRV101735,"Namaste sir, Ambulance Gwalior bulane par one week ghante late aayi, emergency case tha. Thank you.",Healthcare & Hospitals
GRV101452,"Namaste sir, गुमशुदगी की रिपोर्ट Lucknow थाने में 3 din पहले दी थी, अभी तक कोई तलाश शुरू नहीं हुई।",Police & Law and Order
GRV101766,"Namaste sir, निजी स्कूल Jaipur में फीस मनमानी बढ़ाई जा रही है, शिक्षा विभाग कार्रवाई नहीं कर रहा। Please take urgent action.",Education & Schools
GRV102700,"Namaste sir, बेरोजगारी भत्ता Patna employment office se two weeks से नहीं मिला आवेदन के बावजूद। Otherwise we will protest.",Employment & Labour
GRV100398,"Dear officer, बिजली का खंभा टूट कर सड़क पर गिरा है Jaipur में, दुर्घटना हो सकती है, कृपया जल्दी हटवाएं। Please take urgent action.",Electricity
GRV100387,"High voltage ki wajah se Varanasi mein kai gharo ke appliance jal gaye, compensation chahiye. कृपया जल्द कार्रवाई करें।",Electricity
GRV100780,"Sir/Madam, सफाई कर्मचारी Kotwali area मोहल्ले में 3 days से नहीं आया, शिकायत करने पर भी सुनवाई नहीं। Please take urgent action.",Sanitation & Garbage
GRV101668,"Dear officer, जननी सुरक्षा योजना का पैसा Adhartal अस्पताल से 3 din में नहीं मिला डिलीवरी के बाद। कृपया जल्द कार्रवाई करें।",Healthcare & Hospitals
GRV101938,"Sarkari school Raipur mein 3 days se teacher nahi aa raha hai, padhai band hai. Kripya jald samadhan karein.",Education & Schools
GRV100996,"Sir/Madam, Widow pension application Patna office mein submit kiya tha, 20 din se koi update nahi. Otherwise we will protest.",Pension & Provident Fund
GRV101937,"Teacher transfer Indore school se a month pehle hua tha, replacement abhi tak nahi mila, class khali padi hai. Kripya jald samadhan karein.",Education & Schools
GRV102361,"ATM Varanasi mein 3 din se kharab hai, paise nahi nikal pa raha koi.",Banking & Financial Services
GRV102339,"महोदय, बैंक Kotwali area में सरकारी योजना का पैसा 500 रुपए अभी तक जमा नहीं हुआ। Please take urgent action.",Banking & Financial Services
GRV100542,"Sir/Madam, Road construction work Madan Mahal mein adhura pada hai 5 din se, traffic jam ho raha hai. Thank you.",Roads & Infrastructure
GRV102896,"Namaste sir, MGNREGA ki mazdoori 3 din se nahi mili Indore panchayat mein, ghar chalana mushkil ho gaya hai. Kripya jald samadhan karein.",Employment & Labour
GRV100878,"Dear officer, सेवानिवृत्ति के बाद पेंशन खाता Shastri Colony में अपडेट नहीं हुआ, 3 din से चक्कर काट रहे हैं।",Pension & Provident Fund
GRV101989,"महोदय, Anaj ki quality Adhartal ration dukan mein bahut kharab hai, keede lage hue chawal mil rahe hain. Please take urgent action.",Ration & Public Distribution System
GRV102741,"MGNREGA ki mazdoori 3 din se nahi mili Model Town panchayat mein, ghar chalana mushkil ho gaya hai. Please take urgent action.",Employment & Labour
GRV101141,"अतिक्रमण Gwalior में मेरी जमीन पर हुआ है, पटवारी और तहसीलदार को two weeks पहले शिकायत दी थी। Kripya jald samadhan karein.",Land Records & Revenue
GRV100975,"Widow pension application Model Town office mein submit kiya tha, one week se koi update nahi.",Pension & Provident Fund
GRV102106,"महोदय, गरीब परिवारों को Indore राशन दुकान से चीनी और तेल कई महीनों से नहीं मिल रहा। Otherwise we will protest.",Ration & Public Distribution System
GRV103082,"Caste certificate Bhopal tehsil office mein 1 mahine se pending hai, admission ki last date nikal rahi hai. Bahut pareshaan hain hum log.",Municipal Certificates
GRV101354,"Namaste sir, गुमशुदगी की रिपोर्ट Wright Town थाने में 10 din पहले दी थी, अभी तक कोई तलाश शुरू नहीं हुई।",Police & Law and Order
GRV100129,"Sir/Madam, Water quality test chahiye Raipur area mein, paani ka rang peela aa raha hai two weeks se.",Water Supply
GRV100277,"Sir/Madam, Streetlights Raipur mein 3 din se band hai, raat ko andhera rehta hai bijli na hone se. Sadar naman.",Electricity
GRV100938,"Namaste sir, पेंशन फॉर्म में गलत बैंक खाता नंबर दर्ज हो गया है, कृपया सुधार करें। Sadar naman.",Pension & Provident Fund
GRV100242,"Dear officer, Transformer blast ho gaya Gandhi Nagar mein, area mein bijli nahi hai 20 din se, jaldi replace karwaye. Sadar naman.",Electricity
GRV102585,"Namaste sir, सरकारी टेंडर Kanpur में बिना कमीशन दिए पास नहीं होता, यह भ्रष्टाचार जांच योग्य है।",Corruption & Bribery
GRV100291,"Sir/Madam, Electricity wire loose latak rahi hai Jaipur mein, accident ka khatra hai, turant thik karwaye.",Electricity
GRV100030,"Respected Sir, टंकी का पानी Nagpur में सीवर के पानी से मिल गया है, तुरंत जांच करवाएं।",Water Supply
GRV103079,"Sir/Madam, विवाह प्रमाण पत्र Nagpur नगर निगम से two weeks में नहीं मिला, दस्तावेज बार बार मांगे जा रहे हैं। Thank you.",Municipal Certificates
GRV102411,"Sir/Madam, मेरे खाते से 1000 रुपए गलत तरीके से कट गए Jabalpur शाखा से, वापस दिलवाएं। Thank you.",Banking & Financial Services
GRV100943,"Sir/Madam, सेवानिवृत्ति के बाद पेंशन खाता Model Town में अपडेट नहीं हुआ, one week से चक्कर काट रहे हैं। Thank you.",Pension & Provident Fund
GRV102269,"Sir/Madam, मेरे खाते से 3000 रुपए गलत तरीके से कट गए Patna शाखा से, वापस दिलवाएं।",Banking & Financial Services
GRV102410,बैंक Gwalior में सरकारी योजना का पैसा 1000 रुपए अभी तक जमा नहीं हुआ। कृपया जल्द कार्रवाई करें।,Banking & Financial Services
GRV100087,"Respected Sir, जल संकट Ranchi क्षेत्र में 20 din से गंभीर बना हुआ है, पानी के लिए दूर तक जाना पड़ रहा है। Bahut pareshaan hain hum log.",Water Supply
GRV101385,"महोदय, Chain snatching hui thi Shastri Colony mein, police ne case follow up nahi kiya. Sadar naman.",Police & Law and Order
GRV100263,"महोदय, बिजली का खंभा टूट कर सड़क पर गिरा है Civil Lines में, दुर्घटना हो सकती है, कृपया जल्दी हटवाएं।",Electricity
GRV100921,"Namaste sir, पेंशनर सत्यापन Jabalpur में हर साल परेशानी देता है, इस बार 1 mahine से पेंशन रुकी हुई है। Kripya jald samadhan karein.",Pension & Provident Fund
GRV101016,"EPF transfer Civil Lines regional office se 15 din se atka hai, naya employer wait kar raha hai. Please take urgent action.",Pension & Provident Fund
GRV100496,"Respected Sir, Drainage cover sadak Patna mein tuta pada hai, gaddi ka pahiya fasne se accident ho sakta hai.",Roads & Infrastructure
GRV101850,"Respected Sir, छात्र का प्रमाण पत्र Jaipur स्कूल से 15 din से नहीं मिल रहा, दाखिले में दिक्कत हो रही है।",Education & Schools
GRV102120,"Dear officer, Ration dukan Varanasi mein tay samay par nahi khulti, logo ko baar baar chakkar lagana padta hai. कृपया जल्द कार्रवाई करें।",Ration & Public Distribution System
GRV101795,"Namaste sir, Teacher transfer Gandhi Nagar school se 3 days pehle hua tha, replacement abhi tak nahi mila, class khali padi hai. Otherwise we will protest.",Education & Schools
GRV101530,"Dear officer, जननी सुरक्षा योजना का पैसा Ward 12 अस्पताल से two weeks में नहीं मिला डिलीवरी के बाद। Sadar naman.",Healthcare & Hospitals
GRV103083,"Dear officer, Character certificate Adhartal police station se 15 din se pending h, job joining rukh gayi hai. Please take urgent action.",Municipal Certificates
GRV102752,"Namaste sir, बेरोजगारी भत्ता Napier Town employment office se a month से नहीं मिला आवेदन के बावजूद। Bahut pareshaan hain hum log.",Employment & Labour
GRV101635,"Respected Sir, Primary health center Civil Lines mein staff hi nahi hai two weeks se, gaon walo ko door jana padta hai ilaj ke liye. Kripya jald samadhan karein.",Healthcare & Hospitals
GRV101277,"Sir/Madam, मोहल्ले में Shastri Colony में असामाजिक तत्वों का आतंक है, रात को शराब पीकर हंगामा करते हैं। Kripya jald samadhan karein.",Police & Law and Order
GRV100824,"Dear officer, PF withdrawal request 10 din se pending hai, office se koi response nahi mil raha. Thank you.",Pension & Provident Fund
GRV102826,"महोदय, मनरेगा जॉब कार्ड Jabalpur में 20 din से नहीं बना, काम भी नहीं मिल रहा। Otherwise we will protest.",Employment & Labour
GRV102209,"ATM Wright Town mein 1 mahine se kharab h, paise nhi nikal pa raha koi.",Banking & Financial Services
GRV100868,"मेरी पीएफ की राशि 3000 रुपए अभी तक ट्रांसफर नहीं हुई, two weeks हो गए आवेदन दिए। Thank you.",Pension & Provident Fund
GRV101734,"Respected Sir, Primary health center Wright Town mein staff hi nahi hai one week se, gaon walo ko door jana padta hai ilaj ke liye. Otherwise we will protest.",Healthcare & Hospitals
GRV102485,"Dear officer, Government scheme ka labh Deepak Chouhan ko Wright Town mein tabhi mila jab 1000 rupaye commission diya. Please take urgent action.",Corruption & Bribery
GRV102162,"Sir/Madam, Ration card Shastri Colony dukan par is mahine anaj nahi mila, dealer mana kar raha hai. कृपया जल्द कार्रवाई करें।",Ration & Public Distribution System
GRV101086,"महोदय, Patta zameen ka record Kanpur revenue office se galat show ho raha hai online portal par. Thank you.",Land Records & Revenue
GRV100677,"गली में कचरा जलाया जा रहा है Nagpur में, dhuye se saans lene mein takleef ho rahi hai. Otherwise we will protest.",Sanitation & Garbage
GRV102252,"Namaste sir, Bank Gandhi Nagar branch mein loan application 10 din se pending hai, koi jawab nahi mil raha. Thank you.",Banking & Financial Services
GRV101947,सरकारी स्कूल Sector 7 में छात्रवृत्ति 10000 रुपए अभी तक नहीं आई। Thank you.,Education & Schools
GRV102703,"Sir/Madam, मनरेगा जॉब कार्ड Patna में one week से नहीं बना, काम भी नहीं मिल रहा। Kripya jald samadhan karein.",Employment & Labour
GRV100526,"Namaste sir, Footpath Napier Town mein encroachment ho gaya hai, pedestrians ko sadak par chalna padta hai. कृपया जल्द कार्रवाई करें।",Roads & Infrastructure
GRV100516,"Respected Sir, पुलिया Jabalpur में बारिश में डूब जाती है हर साल, स्थायी समाधान चाहिए। Otherwise we will protest.",Roads & Infrastructure
GRV102182,"Namaste sir, New ration card ke liye 20 din se apply kiya hai Jaipur office mein, abhi tak nahi bana.",Ration & Public Distribution System
GRV100284,"Transformer blast ho gaya Gandhi Nagar mein, area mein bijli nahi hai 1 mahine se, jaldi replace karwaye.",Electricity
GRV101991,"Namaste sir, Fair price shop Gwalior mein weighing machine kharab h, kam tola jata hai anaj. कृपया जल्द कार्रवाई करें।",Ration & Public Distribution System
GRV100351,"Dear officer, High voltage ki wajah se Napier Town mein kai gharo ke appliance jal gaye, compensation chahiye. Bahut pareshaan hain hum log.",Electricity
GRV103052,"आय प्रमाण पत्र Jaipur कार्यालय से one week में नहीं बना, बार बार चक्कर लगवाया जा रहा है।",Municipal Certificates
GRV102996,"Respected Sir, प्रमाण पत्र पर नाम की स्पेलिंग गलत छप गई Civil Lines नगर निगम से, correction ke liye baar baar chakkar.",Municipal Certificates
GRV100987,"Sir/Madam, Widow pension application Madan Mahal office mein submit kiya tha, 15 din se koi update nahi. Thank you.",Pension & Provident Fund
GRV100238,"High voltage ki wajah se Ranchi mein kai gharo ke appliance jal gaye, compensation chahiye. Kripya jald samadhan karein.",Electricity
GRV100981,"Old age pension band ho gayi hai bina bataye, Meena Kori ko problem ho rahi hai. Sadar naman.",Pension & Provident Fund
GRV101260,"Namaste sir, Land record mein Ramesh Kumar ka naam galat likha hai, correction chahiye a month se request kar raha hoon. Please take urgent action.",Land Records & Revenue
GRV101487,"Namaste sir, Theft complaint diye one week ho gaye Jabalpur mein, koi action nhi hua abhi tak. Otherwise we will protest.",Police & Law and Order
GRV100459,"महोदय, सड़क निर्माण Nagpur में घटिया सामग्री से हो रहा है, 20 din में ही टूटने लगी। Kripya jald samadhan karein.",Roads & Infrastructure
GRV100080,"Namaste sir, जल संकट Ward 12 क्षेत्र में two weeks से गंभीर बना हुआ है, पानी के लिए दूर तक जाना पड़ रहा है।",Water Supply
GRV102002,"महोदय, Anaj ki quality Adhartal ration dukan mein bahut kharab hai, keede lage hue chawal mil rahe hain. Kripya jald samadhan karein.",Ration & Public Distribution System
GRV101328,"मोहल्ले में Patna में असामाजिक तत्वों का आतंक है, रात को शराब पीकर हंगामा करते हैं। Thank you.",Police & Law and Order
GRV102454,"Respected Sir, सरकारी दफ्तर Ward 12 में बिना रिश्वत दिए कोई फाइल आगे नहीं बढ़ती। Kripya jald samadhan karein.",Corruption & Bribery
GRV100003,"Sir/Madam, पानी की टंकी Ranchi में गंदा पानी आ रहा है, बीमारी फैलने का डर है।",Water Supply
GRV102173,"Ration card Jabalpur dukan par is mahine anaj nahi mila, dealer mana kar raha hai. Please take urgent action.",Ration & Public Distribution System
GRV102210,"मेरे खाते से 1500 रुपए गलत तरीके से कट गए Indore शाखा से, वापस दिलवाएं।",Banking & Financial Services
GRV100662,"Sir/Madam, Sewage line Wright Town mein block ho gayi hai, ghar ke andar gandi nali ka kachra bhar raha hai. Otherwise we will protest.",Sanitation & Garbage
GRV101532,"Namaste sir, आयुष्मान कार्ड Gandhi Nagar अस्पताल में मान्य नहीं किया जा रहा, मरीज को इलाज से मना कर दिया। Please take urgent action.",Healthcare & Hospitals
GRV102968,"Sir/Madam, Income certificate online apply Madan Mahal portal par kiya tha, 15 din se status pending dikha raha hai. Sadar naman.",Municipal Certificates
GRV103085,"निवास प्रमाण पत्र Sector 7 कार्यालय से बनवाने में a month लग गए, अभी तक हाथ में नहीं मिला। Please take urgent action.",Municipal Certificates
GRV102495,निर्माण अनुमति Bhopal नगर निगम से 2000 रुपए रिश्वत दिए बिना नहीं मिल रही।,Corruption & Bribery
GRV102937,"Domicile certificate Jaipur mein 10 din se atka hua hai, job application ki deadline nikal rahi hai. Thank you.",Municipal Certificates
GRV102618,"Bina ghoos diye Sector 7 sarkari office mein koi kaam nahi hota, staff khule aam paise maangta hai. Thank you.",Corruption & Bribery
GRV101223,"अतिक्रमण Shastri Colony में मेरी जमीन पर हुआ है, पटवारी और तहसीलदार को 10 din पहले शिकायत दी थी।",Land Records & Revenue
GRV102562,"Namaste sir, रिश्वत की मांग Adhartal कार्यालय में हर छोटे काम के लिए की जाती है, यह भ्रष्टाचार बंद होना चाहिए। Bahut pareshaan hain hum log.",Corruption & Bribery
GRV100436,"Sir/Madam, Drainage cover sadak Napier Town mein tuta pada hai, gaddi ka pahiya fasne se accident ho sakta hai. Bahut pareshaan hain hum log.",Roads & Infrastructure
GRV102080,राशन कार्ड धारकों को Napier Town में तय मात्रा से कम अनाज दिया जा रहा है हर महीने। Bahut pareshaan hain hum log.,Ration & Public Distribution System
GRV100732,"गंदगी की वजह से Varanasi में मक्खी मच्छर बहुत बढ़ गए हैं, महामारी फैलने का डर है। Thank you.",Sanitation & Garbage
GRV102051,"Dear officer, Ration card Jaipur mein digitally seeded nahi hai, isliye anaj milna band ho gaya hai. Kripya jald samadhan karein.",Ration & Public Distribution System
GRV101079,"महोदय, Patta zameen ka record Sector 7 revenue office se galat show ho raha hai online portal par.",Land Records & Revenue
GRV100014,"Dear officer, जल आपूर्ति विभाग Indore में शिकायत के बाद भी पानी की लाइन ठीक नहीं कर रहा।",Water Supply
GRV101859,"Respected Sir, सरकारी स्कूल Bhopal में छात्रवृत्ति 1500 रुपए अभी तक नहीं आई। Sadar naman.",Education & Schools
GRV100648,"महोदय, Sewage line Jaipur mein block ho gayi hai, ghar ke andar gandi nali ka kachra bhar raha hai. Thank you.",Sanitation & Garbage
GRV101781,"Sarkari school Indore mein 1 mahine se teacher nhi aa raha hai, padhai band hai. कृपया जल्द कार्रवाई करें।",Education & Schools
GRV101203,"महोदय, Land record mein Pooja Sharma ka naam galat likha hai, correction chahiye 10 din se request kar raha hoon. Otherwise we will protest.",Land Records & Revenue
GRV103109,"महोदय, प्रमाण पत्र पर नाम की स्पेलिंग गलत छप गई Kotwali area नगर निगम से, correction ke liye baar baar chakkar. Please take urgent action.",Municipal Certificates
GRV103071,"Namaste sir, आय प्रमाण पत्र Napier Town कार्यालय से 2 hafte में नहीं बना, बार बार चक्कर लगवाया जा रहा है। Thank you.",Municipal Certificates
GRV102626,"महोदय, Panchayat Raipur mein yojna ka paisa bina commission diye release nahi hota, sarpanch ghoos maangta hai. Kripya jald samadhan karein.",Corruption & Bribery
GRV101093,"Sir/Madam, मेरी जमीन का सीमांकन Wright Town में गलत हो गया है, पड़ोसी ने कब्जा कर लिया है।",Land Records & Revenue
GRV102200,"ATM Kanpur mein 1 hafta se kharab hai, paise nahi nikal pa raha koi. Thank you.",Banking & Financial Services
GRV102793,"Sir/Madam, श्रमिक कार्ड Ward 12 में 1 mahine से renewal ke liye pending hai, yojnaon ka labh nahi mil raha. Sadar naman.",Employment & Labour
GRV100470,"Dear officer, सड़क किनारे रेलिंग टूटी हुई है Napier Town में, वाहन गिरने का खतरा बना हुआ है।",Roads & Infrastructure
GRV102787,बेरोजगारी भत्ता Raipur employment office se 1 mahine से नहीं मिला आवेदन के बावजूद।,Employment & Labour
GRV100048,"Sir/Madam, Low water pressure in Ranchi pipeline, taps mein paani bahut kam aata hai subah. Kripya jald samadhan karein.",Water Supply
GRV102267,"ATM Madan Mahal mein 3 din se kharab hai, paise nhi nikal pa raha koi. कृपया जल्द कार्रवाई करें।",Banking & Financial Services
GRV101030,"मेरी जमीन का सीमांकन Model Town में गलत हो गया है, पड़ोसी ने कब्जा कर लिया है। Kripya jald samadhan karein.",Land Records & Revenue
GRV102168,"महोदय, New ration card ke liye 2 hafte se apply kiya hai Madan Mahal office mein, abhi tak nahi bana. Otherwise we will protest.",Ration & Public Distribution System
GRV101918,"छात्र का प्रमाण पत्र Nagpur स्कूल से 2 hafte से नहीं मिल रहा, दाखिले में दिक्कत हो रही है। Kripya jald samadhan karein.",Education & Schools
GRV102441,"रिश्वत की मांग Ranchi कार्यालय में हर छोटे काम के लिए की जाती है, यह भ्रष्टाचार बंद होना चाहिए।",Corruption & Bribery
GRV101564,"Dear officer, आयुष्मान कार्ड Napier Town अस्पताल में मान्य नहीं किया जा रहा, मरीज को इलाज से मना कर दिया। Bahut pareshaan hain hum log.",Healthcare & Hospitals
GRV101577,"अस्पताल Sector 7 में सफाई की बहुत खराब स्थिति है, संक्रमण फैलने का डर है। कृपया जल्द कार्रवाई करें।",Healthcare & Hospitals
GRV100261,"Power cut every day in Wright Town for hours, complaint filed one week ago no action. Thank you.",Electricity
GRV102443,Bhopal office mein kaam karwane ke liye clerk 500 rupaye ghoos maang raha h. कृपया जल्द कार्रवाई करें।,Corruption & Bribery
GRV101730,"Respected Sir, Free treatment scheme card ban gaya lekin hospital Sector 7 mein accept nahi kar rahe. कृपया जल्द कार्रवाई करें।",Healthcare & Hospitals
GRV102788,"Namaste sir, श्रम कार्यालय Kanpur में मजदूर के हक की शिकायत 1 hafta से लंबित है, कोई सुनवाई नहीं हुई। Otherwise we will protest.",Employment & Labour
GRV100656,"Garbage dump Sector 7 mohalle ke beech mein bana diya gaya hai, badbu aur bimari phail rahi hai. Bahut pareshaan hain hum log.",Sanitation & Garbage
GRV102571,"Sir/Madam, Government scheme ka labh Geeta Bai ko Adhartal mein tabhi mila jab 1500 rupaye commission diya. Kripya jald samadhan karein.",Corruption & Bribery
GRV100627,"Public toilet Ward 12 ke paas bahut ganda hai, safai nahi hoti kai dino se. कृपया जल्द कार्रवाई करें।",Sanitation & Garbage
GRV100450,"Dear officer, Road divider Lucknow mein toota pada hai 5 din se, gaadiyan galat side se overtake kar rahi hain.",Roads & Infrastructure
GRV100193,"Namaste sir, Borewell Raipur me kharab pada hai 3 days se, paani ki bahut dikkat ho rahi hai, koi repair nahi kar raha. Sadar naman.",Water Supply
GRV100373,"Respected Sir, Power cut every day in Jabalpur for hours, complaint filed 3 din ago no action.",Electricity
GRV102022,"Dear officer, Ration card Napier Town mein digitally seeded nhi h, isliye anaj milna band ho gaya hai. Please take urgent action.",Ration & Public Distribution System
GRV102088,"गरीबी रेखा राशन कार्ड Kotwali area में गलत तरीके से रद्द कर दिया गया, फिर से चालू करवाएं। कृपया जल्द कार्रवाई करें।",Ration & Public Distribution System
GRV100567,"Namaste sir, Road construction work Varanasi mein adhura pada hai two weeks se, traffic jam ho raha hai. कृपया जल्द कार्रवाई करें।",Roads & Infrastructure
GRV100899,"Dear officer, PF withdrawal request 15 din se pending hai, office se koi response nahi mil raha.",Pension & Provident Fund
GRV101483,"Dear officer, Theft complaint diye 1 mahine ho gaye Gwalior mein, koi action nahi hua abhi tak. Thank you.",Police & Law and Order
GRV101636,"सरकारी अस्पताल Lucknow में दवाइयां उपलब्ध नहीं हैं, बाहर से खरीदनी पड़ रही है।",Healthcare & Hospitals
GRV102391,"Namaste sir, ATM Model Town mein a month se kharab hai, paise nahi nikal pa raha koi. Please take urgent action.",Banking & Financial Services
GRV101755,"Dear officer, निजी स्कूल Ward 12 में फीस मनमानी बढ़ाई जा रही है, शिक्षा विभाग कार्रवाई नहीं कर रहा। Sadar naman.",Education & Schools
GRV102395,"Sir/Madam, Fraud transaction 2000 rupaye ka Napier Town branch account se hua hai, turant jaanch karwaye. कृपया जल्द कार्रवाई करें।",Banking & Financial Services
GRV101077,"Respected Sir, मेरी जमीन का सीमांकन Jaipur में गलत हो गया है, पड़ोसी ने कब्जा कर लिया है। कृपया जल्द कार्रवाई करें।",Land Records & Revenue
GRV102208,"Sir/Madam, ATM Sector 7 mein 10 din se kharab hai, paise nahi nikal pa raha koi. Thank you.",Banking & Financial Services
GRV102300,KYC update na hone ki wajah se account block ho gaya Indore branch mein. Otherwise we will protest.,Banking & Financial Services
GRV101011,"Dear officer, Old age pension band ho gayi hai bina bataye, Mohd. Salim ko problem ho rahi hai. Please take urgent action.",Pension & Provident Fund
GRV103103,"Sir/Madam, निवास प्रमाण पत्र Wright Town कार्यालय से बनवाने में 1 hafta लग गए, अभी तक हाथ में नहीं मिला। Thank you.",Municipal Certificates
GRV101085,"Namaste sir, Land record mein Rajesh Verma ka naam galat likha hai, correction chahiye 1 hafta se request kar raha hoon. Please take urgent action.",Land Records & Revenue
GRV100586,"Sir/Madam, सड़क निर्माण Bhopal में घटिया सामग्री से हो रहा है, 1 hafta में ही टूटने लगी। Kripya jald samadhan karein.",Roads & Infrastructure
GRV101880,"Sir/Madam, सरकारी स्कूल Model Town में छात्रवृत्ति 1000 रुपए अभी तक नहीं आई। Please take urgent action.",Education & Schools
GRV102634,"Namaste sir, निर्माण अनुमति Madan Mahal नगर निगम से 3000 रुपए रिश्वत दिए बिना नहीं मिल रही। Bahut pareshaan hain hum log.",Corruption & Bribery
GRV101621,"महोदय, सरकारी अस्पताल Madan Mahal में दवाइयां उपलब्ध नहीं हैं, बाहर से खरीदनी पड़ रही है।",Healthcare & Hospitals
GRV102045,"Respected Sir, PDS shop Patna mein gehu aur chawal is mahine bilkul nahi mila, dealer bahana bana raha hai. Kripya jald samadhan karein.",Ration & Public Distribution System
GRV102685,"EPFO complaint diya tha one week pehle, response nahi aaya Gwalior regional office se. Sadar naman.",Employment & Labour
GRV100871,"Dear officer, Widow pension application Civil Lines office mein submit kiya tha, 5 din se koi update nahi. Sadar naman.",Pension & Provident Fund
GRV101289,"Dear officer, गुमशुदगी की रिपोर्ट Lucknow थाने में 2 hafte पहले दी थी, अभी तक कोई तलाश शुरू नहीं हुई।",Police & Law and Order
GRV102941,"Character certificate Civil Lines police station se 2 hafte se pending hai, job joining rukh gayi hai.",Municipal Certificates
GRV102324,"Fraud transaction 3000 rupaye ka Bhopal branch account se hua hai, turant jaanch karwaye. Thank you.",Banking & Financial Services
GRV100865,"Dear officer, सेवानिवृत्ति के बाद पेंशन खाता Civil Lines में अपडेट नहीं हुआ, one week से चक्कर काट रहे हैं। Please take urgent action.",Pension & Provident Fund
GRV100272,"नया बिजली कनेक्शन Civil Lines में 1 mahine से पेंडिंग है, आवेदन के बावजूद बिजली विभाग जवाब नहीं दे रहा। Otherwise we will protest.",Electricity
GRV101097,"Sir/Madam, Zameen ka daakhil kharij Lucknow tehsil mein two weeks se atka hua hai, koi karyawahi nahi ho rahi.",Land Records & Revenue
GRV101644,"महोदय, Ambulance Shastri Colony bulane par 5 din ghante late aayi, emergency case tha. Bahut pareshaan hain hum log.",Healthcare & Hospitals
GRV101293,"Namaste sir, गुमशुदगी की रिपोर्ट Nagpur थाने में 20 din पहले दी थी, अभी तक कोई तलाश शुरू नहीं हुई। Kripya jald samadhan karein.",Police & Law and Order
GRV100132,"Namaste sir, Municipal water connection Gwalior mein kaat diya gaya bina notice diye, paani ke bina pareshani ho rahi hai. Bahut pareshaan hain hum log.",Water Supply
GRV100939,"Sir/Madam, पेंशनर सत्यापन Lucknow में हर साल परेशानी देता है, इस बार a month से पेंशन रुकी हुई है। कृपया जल्द कार्रवाई करें।",Pension & Provident Fund
GRV100230,"Dear officer, नया बिजली कनेक्शन Jabalpur में 1 hafta से पेंडिंग है, आवेदन के बावजूद बिजली विभाग जवाब नहीं दे रहा। Thank you.",Electricity
GRV101329,"Respected Sir, गुमशुदगी की रिपोर्ट Raipur थाने में one week पहले दी थी, अभी तक कोई तलाश शुरू नहीं हुई। Otherwise we will protest.",Police & Law and Order
GRV102805,"Sir/Madam, बेरोजगारी भत्ता Kotwali area employment office se 15 din से नहीं मिला आवेदन के बावजूद। Bahut pareshaan hain hum log.",Employment & Labour
GRV100900,"Namaste sir, मेरी पीएफ की राशि 2000 रुपए अभी तक ट्रांसफर नहीं हुई, 10 din हो गए आवेदन दिए। Sadar naman.",Pension & Provident Fund
GRV102282,"Fraud transaction 1500 rupaye ka Wright Town branch account se hua hai, turant jaanch karwaye.",Banking & Financial Services
GRV102819,"Respected Sir, MGNREGA ki mazdoori two weeks se nhi mili Gwalior panchayat mein, ghar chalana mushkil ho gaya hai.",Employment & Labour
GRV102622,"Namaste sir, Panchayat Kotwali area mein yojna ka paisa bina commission diye release nahi hota, sarpanch ghoos maangta hai.",Corruption & Bribery
GRV101106,Zameen ka naamantaran Kotwali area tehsil mein 20 din se pending hai. Please take urgent action.,Land Records & Revenue
GRV101555,"Namaste sir, जननी सुरक्षा योजना का पैसा Wright Town अस्पताल से 15 din में नहीं मिला डिलीवरी के बाद।",Healthcare & Hospitals
GRV101894,सरकारी स्कूल Kotwali area में छात्रवृत्ति 5000 रुपए अभी तक नहीं आई। Kripya jald samadhan karein.,Education & Schools
GRV100670,"Kachra collection van Jaipur area mein bilkul nahi aati, ghar ghar se kachra sadak par phenkna padta hai. Please take urgent action.",Sanitation & Garbage
GRV101003,"महोदय, Old age pension band ho gayi hai bina bataye, Ashok Gupta ko problem ho rahi hai. Kripya jald samadhan karein.",Pension & Provident Fund
GRV102987,"महोदय, Character certificate Napier Town police station se 1 hafta se pending h, job joining rukh gayi hai. Otherwise we will protest.",Municipal Certificates
GRV102188,"Sir/Madam, मेरे खाते से 10000 रुपए गलत तरीके से कट गए Raipur शाखा से, वापस दिलवाएं। Kripya jald samadhan karein.",Banking & Financial Services
GRV100701,"Dear officer, सफाई विभाग Ward 12 में डोर टू डोर कचरा कलेक्शन बंद कर चुका है 15 din से। Sadar naman.",Sanitation & Garbage
GRV102601,"Namaste sir, Government scheme ka labh Pooja Sharma ko Model Town mein tabhi mila jab 5000 rupaye commission diya.",Corruption & Bribery
GRV102496,"Bina ghoos diye Lucknow sarkari office mein koi kaam nhi hota, staff khule aam paise maangta h.",Corruption & Bribery
GRV100293,"Namaste sir, High voltage ki wajah se Gandhi Nagar mein kai gharo ke appliance jal gaye, compensation chahiye. Please take urgent action.",Electricity
GRV102655,"Respected Sir, Government scheme ka labh Kavita Singh ko Sector 7 mein tabhi mila jab 1500 rupaye commission diya. Kripya jald samadhan karein.",Corruption & Bribery
GRV102800,बेरोजगारी भत्ता Wright Town employment office se 3 days से नहीं मिला आवेदन के बावजूद। Kripya jald samadhan karein.,Employment & Labour
GRV102875,"Namaste sir, Construction site Kotwali area par bina helmet aur safety belt ke kaam karwaya ja raha hai mazdooro se.",Employment & Labour
GRV101094,"Namaste sir, भू-अभिलेख में गलती है, कृपया तहसीलदार Jabalpur को निर्देश दें ठीक करने का। कृपया जल्द कार्रवाई करें।",Land Records & Revenue
GRV102746,"श्रम कार्यालय Ranchi में मजदूर के हक की शिकायत 1 mahine से लंबित है, कोई सुनवाई नहीं हुई। Sadar naman.",Employment & Labour
GRV100859,"Namaste sir, मेरी पीएफ की राशि 3000 रुपए अभी तक ट्रांसफर नहीं हुई, two weeks हो गए आवेदन दिए। Thank you.",Pension & Provident Fund
GRV101456,"Sir/Madam, Illegal encroachment aur jua Sector 7 mohalle mein khule aam chal raha hai, police mook drashak bani hai. Bahut pareshaan hain hum log.",Police & Law and Order
GRV101517,"Sir/Madam, आयुष्मान कार्ड Sector 7 अस्पताल में मान्य नहीं किया जा रहा, मरीज को इलाज से मना कर दिया।",Healthcare & Hospitals
GRV100667,"Namaste sir, गंदगी की वजह से Indore में मक्खी मच्छर बहुत बढ़ गए हैं, महामारी फैलने का डर है। Sadar naman.",Sanitation & Garbage
GRV101495,पुलिस थाना Model Town में तैनात कर्मचारी रिश्वत मांग रहा है काम करने के लिए। Bahut pareshaan hain hum log.,Police & Law and Order
GRV102604,"Sir/Madam, सरकारी दफ्तर Wright Town में बिना रिश्वत दिए कोई फाइल आगे नहीं बढ़ती। Sadar naman.",Corruption & Bribery
GRV101858,"Respected Sir, Teacher transfer Adhartal school se 1 mahine pehle hua tha, replacement abhi tak nahi mila, class khali padi hai. Kripya jald samadhan karein.",Education & Schools
GRV103070,"Sir/Madam, OBC certificate Ranchi tehsil se renew karwana tha, 2 hafte se application stuck hai portal par. Please take urgent action.",Municipal Certificates
GRV103064,"Sir/Madam, Domicile certificate Adhartal mein 20 din se atka hua hai, job application ki deadline nikal rahi hai. Kripya jald samadhan karein.",Municipal Certificates
GRV100414,"No streetlight on the main road of Model Town, very unsafe at night for two weeks now.",Roads & Infrastructure
GRV100954,"Respected Sir, EPF transfer Varanasi regional office se one week se atka hai, naya employer wait kar raha hai. Otherwise we will protest.",Pension & Provident Fund
GRV100327,"Sir/Madam, High voltage ki wajah se Model Town mein kai gharo ke appliance jal gaye, compensation chahiye. Sadar naman.",Electricity
GRV101186,"Respected Sir, अतिक्रमण Gwalior में मेरी जमीन पर हुआ है, पटवारी और तहसीलदार को two weeks पहले शिकायत दी थी। कृपया जल्द कार्रवाई करें।",Land Records & Revenue
GRV100934,"Dear officer, मेरी पीएफ की राशि 2000 रुपए अभी तक ट्रांसफर नहीं हुई, 1 mahine हो गए आवेदन दिए। Kripya jald samadhan karein.",Pension & Provident Fund
GRV102709,"EPFO complain diya tha 15 din pehle, response nhi aaya Lucknow regional office se. Bahut pareshaan hain hum log.",Employment & Labour
GRV100188,"Dear officer, Hamare Model Town mohalle mein pichle two weeks se paani nhi aa raha h, jldi thik karwaye.",Water Supply
GRV100285,"बिजली का खंभा टूट कर सड़क पर गिरा है Shastri Colony में, दुर्घटना हो सकती है, कृपया जल्दी हटवाएं।",Electricity
GRV102886,"महोदय, श्रम कार्यालय Adhartal में मजदूर के हक की शिकायत a month से लंबित है, कोई सुनवाई नहीं हुई। कृपया जल्द कार्रवाई करें।",Employment & Labour
GRV100788,"Dear officer, PF withdrawal request 1 hafta se pending h, office se koi response nhi mil raha. Sadar naman.",Pension & Provident Fund
GRV102365,"Sir/Madam, Bank Napier Town branch mein loan application 10 din se pending h, koi jawab nahi mil raha. Sadar naman.",Banking & Financial Services
GRV101482,"गुमशुदगी की रिपोर्ट Madan Mahal थाने में 2 hafte पहले दी थी, अभी तक कोई तलाश शुरू नहीं हुई। कृपया जल्द कार्रवाई करें।",Police & Law and Order
GRV102534,"Panchayat Napier Town mein yojna ka paisa bina commission diye release nhi hota, sarpanch ghoos maangta h. Otherwise we will protest.",Corruption & Bribery
GRV102575,"Officer Lucknow mein bina paise liye certificate nahi de raha, complain chahiye. Please take urgent action.",Corruption & Bribery
GRV101201,"Respected Sir, अतिक्रमण Jaipur में मेरी जमीन पर हुआ है, पटवारी और तहसीलदार को 5 din पहले शिकायत दी थी। Kripya jald samadhan karein.",Land Records & Revenue
GRV102262,"Bank Kotwali area branch mein loan application one week se pending hai, koi jawab nahi mil raha. Please take urgent action.",Banking & Financial Services
GRV100323,"महोदय, Streetlights Kotwali area mein 2 hafte se band hai, raat ko andhera rehta hai bijli na hone se. कृपया जल्द कार्रवाई करें।",Electricity
GRV101551,"Sir/Madam, अस्पताल Napier Town में सफाई की बहुत खराब स्थिति है, संक्रमण फैलने का डर है। Bahut pareshaan hain hum log.",Healthcare & Hospitals
GRV100512,"Sir/Madam, पुल Patna में टूटा हुआ है, बच्चे स्कूल जाने में डरते हैं, कृपया जल्दी बनवाएं।",Roads & Infrastructure
GRV102197,"Fraud transaction 10000 rupaye ka Kanpur branch account se hua hai, turant jaanch karwaye. Kripya jald samadhan karein.",Banking & Financial Services
GRV101882,"Dear officer, School building Civil Lines mein chhat tapakti hai barish mein, khatarnak sthiti hai. Sadar naman.",Education & Schools
GRV102989,"Respected Sir, Caste certificate Kotwali area tehsil office mein 3 days se pending hai, admission ki last date nikal rahi hai. Otherwise we will protest.",Municipal Certificates
GRV100178,"Municipal water connection Ranchi mein kaat diya gaya bina notice diye, paani ke bina pareshani ho rahi hai. Otherwise we will protest.",Water Supply
GRV101084,"Sir/Madam, Zameen ka naamantaran Kanpur tehsil mein 5 din se pending hai. Otherwise we will protest.",Land Records & Revenue
GRV102473,Madan Mahal office mein kaam karwane ke liye clerk 5000 rupaye ghoos maang raha hai.,Corruption & Bribery
GRV101409,"Dear officer, Theft complain diye 20 din ho gaye Madan Mahal mein, koi action nahi hua abhi tak. Bahut pareshaan hn hum log.",Police & Law and Order
GRV101471,"Illegal encroachment aur jua Ranchi mohalle mein khule aam chal raha hai, police mook drashak bani hai. Bahut pareshaan hain hum log.",Police & Law and Order
GRV100397,"Dear officer, Power cut every day in Civil Lines for hours, complaint filed 5 din ago no action. Thank you.",Electricity
GRV101557,"Sir/Madam, Free treatment scheme card ban gaya lekin hospital Shastri Colony mein accept nahi kar rahe.",Healthcare & Hospitals
GRV100380,"Transformer blast ho gaya Lucknow mein, area mein bijli nahi hai 1 mahine se, jaldi replace karwaye. Bahut pareshaan hain hum log.",Electricity
GRV100419,"Dear officer, सड़क किनारे रेलिंग टूटी हुई है Jabalpur में, वाहन गिरने का खतरा बना हुआ है। Bahut pareshaan hn hum log.",Roads & Infrastructure
GRV101379,पुलिस थाना Lucknow में तैनात कर्मचारी रिश्वत मांग रहा है काम करने के लिए। Kripya jald samadhan karein.,Police & Law and Order
GRV100882,"Widow pension application Adhartal office mein submit kiya tha, 5 din se koi update nahi. Thank you.",Pension & Provident Fund
GRV100637,"Garbage dump Madan Mahal mohalle ke beech mein bana diya gaya hai, badbu aur bimari phail rahi hai. कृपया जल्द कार्रवाई करें।",Sanitation & Garbage
GRV101139,"Respected Sir, Patta zameen ka record Varanasi revenue office se galat show ho raha hai online portal par. Otherwise we will protest.",Land Records & Revenue
GRV101394,"Respected Sir, गुमशुदगी की रिपोर्ट Indore थाने में 3 din पहले दी थी, अभी तक कोई तलाश शुरू नहीं हुई। कृपया जल्द कार्रवाई करें।",Police & Law and Order
GRV101732,"महोदय, जननी सुरक्षा योजना का पैसा Civil Lines अस्पताल से 20 din में नहीं मिला डिलीवरी के बाद। Otherwise we will protest.",Healthcare & Hospitals
GRV102860,"Sir/Madam, EPFO complaint diya tha 2 hafte pehle, response nahi aaya Kotwali area regional office se. Kripya jald samadhan karein.",Employment & Labour
GRV100654,"नाली Adhartal में जाम पड़ी है 2 hafte से, सफाई विभाग को कई बार बताया लेकिन कोई कार्रवाई नहीं हुई। Otherwise we will protest.",Sanitation & Garbage
GRV100027,"महोदय, जल आपूर्ति विभाग Raipur में शिकायत के बाद भी पानी की लाइन ठीक नहीं कर रहा। कृपया जल्द कार्रवाई करें।",Water Supply
GRV101140,"Respected Sir, Zameen ka daakhil kharij Nagpur tehsil mein 5 din se atka hua hai, koi karyawahi nahi ho rahi.",Land Records & Revenue
GRV102414,बैंक Gandhi Nagar में सरकारी योजना का पैसा 1000 रुपए अभी तक जमा नहीं हुआ। Kripya jald samadhan karein.,Banking & Financial Services
GRV101840,"छात्र का प्रमाण पत्र Napier Town स्कूल से 20 din से नहीं मिल रहा, दाखिले में दिक्कत हो रही है। Sadar naman.",Education & Schools
GRV100903,"सेवानिवृत्ति के बाद पेंशन खाता Ward 12 में अपडेट नहीं हुआ, 15 din से चक्कर काट रहे हैं।",Pension & Provident Fund
GRV101719,"Namaste sir, सरकारी अस्पताल Napier Town में दवाइयां उपलब्ध नहीं हैं, बाहर से खरीदनी पड़ रही है। कृपया जल्द कार्रवाई करें।",Healthcare & Hospitals
GRV102233,"मेरे खाते से 500 रुपए गलत तरीके से कट गए Nagpur शाखा से, वापस दिलवाएं। Sadar naman.",Banking & Financial Services
GRV102873,"महोदय, Overtime paisa 10000 rupaye Civil Lines factory se 10 din se nahi mila, HR jawab nahi de raha. Bahut pareshaan hain hum log.",Employment & Labour
GRV102662,"महोदय, सरकारी दफ्तर Kotwali area में बिना रिश्वत दिए कोई फाइल आगे नहीं बढ़ती। Bahut pareshaan hain hum log.",Corruption & Bribery
GRV102933,"आय प्रमाण पत्र Patna कार्यालय से 1 hafta में नहीं बना, बार बार चक्कर लगवाया जा रहा है। Otherwise we will protest.",Municipal Certificates
GRV100815,"पेंशन फॉर्म में गलत बैंक खाता नंबर दर्ज हो गया है, कृपया सुधार करें। Sadar naman.",Pension & Provident Fund
GRV102299,"Respected Sir, ATM Nagpur mein 3 din se kharab hai, paise nahi nikal pa raha koi. Bahut pareshaan hain hum log.",Banking & Financial Services
GRV100109,"Namaste sir, Water supply valve Adhartal colony mein kharab hai, sirf ek ghanta paani aata hai roz. Thank you.",Water Supply
GRV102466,"Inspector Patna area mein business license ke liye bribe maang raha hai, video proof available hai. Otherwise we will protest.",Corruption & Bribery
GRV102070,"Respected Sir, Ration card Ward 12 mein digitally seeded nhi h, isliye anaj milna band ho gaya hai. Kripya jald samadhan karein.",Ration & Public Distribution System
GRV100953,"Dear officer, PF withdrawal request one week se pending hai, office se koi response nahi mil raha. कृपया जल्द कार्रवाई करें।",Pension & Provident Fund
GRV100896,"महोदय, PF withdrawal request 20 din se pending hai, office se koi response nhi mil raha. कृपया जल्द कार्रवाई करें।",Pension & Provident Fund
GRV100384,"Respected Sir, बिजली का बिल 3000 रुपए गलत आया है Indore पते पर, इसे ठीक करवाएं। Kripya jald samadhan karein.",Electricity
GRV100123,"Namaste sir, जल संकट Ward 12 क्षेत्र में 15 din से गंभीर बना हुआ है, पानी के लिए दूर तक जाना पड़ रहा है। कृपया जल्द कार्रवाई करें।",Water Supply
GRV100131,There has been no water supply in Adhartal for the last 1 hafta. Please resolve urgently. Thank you.,Water Supply
GRV101729,"महोदय, Ambulance Madan Mahal bulane par 2 hafte ghante late aayi, emergency case tha.",Healthcare & Hospitals
GRV102419,बैंक Napier Town में सरकारी योजना का पैसा 500 रुपए अभी तक जमा नहीं हुआ। कृपया जल्द कार्रवाई करें।,Banking & Financial Services
GRV100357,"Respected Sir, नया बिजली कनेक्शन Madan Mahal में 15 din से पेंडिंग है, आवेदन के बावजूद बिजली विभाग जवाब नहीं दे रहा। Kripya jald samadhan karein.",Electricity
GRV102234,"Respected Sir, ATM Sector 7 mein 3 days se kharab hai, paise nhi nikal pa raha koi. Sadar naman.",Banking & Financial Services
GRV103034,"Dear officer, OBC certificate Nagpur tehsil se renew karwana tha, 15 din se application stuck h portal par. Bahut pareshaan hain hum log.",Municipal Certificates
GRV102772,"महोदय, Overtime paisa 2000 rupaye Adhartal factory se 1 mahine se nahi mila, HR jawab nahi de raha.",Employment & Labour
GRV100420,"Respected Sir, Road construction work Adhartal mein adhura pada hai 20 din se, traffic jam ho raha hai. Sadar naman.",Roads & Infrastructure
GRV103017,"Respected Sir, प्रमाण पत्र पर नाम की स्पेलिंग गलत छप गई Raipur नगर निगम से, correction ke liye baar baar chakkar. Please take urgent action.",Municipal Certificates
GRV100572,"Footpath Bhopal mein encroachment ho gaya hai, pedestrians ko sadak par chalna padta hai. Otherwise we will protest.",Roads & Infrastructure
GRV100915,"Sir/Madam, मेरी पीएफ की राशि 2000 रुपए अभी तक ट्रांसफर नहीं हुई, 20 din हो गए आवेदन दिए। Sadar naman.",Pension & Provident Fund
GRV101004,"महोदय, पेंशनर सत्यापन Kanpur में हर साल परेशानी देता है, इस बार 3 days से पेंशन रुकी हुई है। Sadar naman.",Pension & Provident Fund
GRV101127,"भू-अभिलेख में गलती है, कृपया तहसीलदार Raipur को निर्देश दें ठीक करने का। Bahut pareshaan hain hum log.",Land Records & Revenue
GRV103038,"प्रमाण पत्र पर नाम की स्पेलिंग गलत छप गई Patna नगर निगम से, correction ke liye baar baar chakkar.",Municipal Certificates
GRV100103,"हैंडपंप Ranchi में खराब पड़ा है 20 din से, गांव में पानी की भारी किल्लत है। Thank you.",Water Supply
GRV100457,"Respected Sir, पुलिया Nagpur में बारिश में डूब जाती है हर साल, स्थायी समाधान चाहिए। कृपया जल्द कार्रवाई करें।",Roads & Infrastructure
GRV102620,सरकारी दफ्तर Bhopal में बिना रिश्वत दिए कोई फाइल आगे नहीं बढ़ती। Kripya jald samadhan karein.,Corruption & Bribery
GRVM9100000,"महोदय, त्योहार के पटाखों से Kotwali में बहुत प्रदूषण और शोर हो रहा है. Please take urgent action.",Misc / Other
GRVM9100001,"Sir/Madam, Government helpline number Kachehri Road ka kaam nahi kar raha, koi uthata nahi call. कृपया जल्द कार्रवाई करें।",Misc / Other
GRVM9100002,"लाउडस्पीकर पर तेज़ आवाज़ में भजन देर रात तक बज रहा है Shastri Nagar में, नींद नहीं आती. Sadar naman.",Misc / Other
GRVM9100003,"Respected Sir, Mobile network Kotwali mein two weeks se se bahut kharab hai, call drop hoti rehti hai. Bahut pareshaan hain hum log.",Misc / Other
GRVM9100004,"Respected Sir, ऑनलाइन ठगी हुई है Suman Devi के साथ, OTP से पैसे काट लिए गए. Please take urgent action.",Misc / Other
GRVM9100005,"Respected Sir, Ek private company ne Ramesh Kumar se saman becha but wapas nahi le rahe, refund nahi mil raha. Please take urgent action.",Misc / Other
GRVM9100006,"Sir/Madam, पड़ोसी Model Town में रोज झगड़ा करते हैं, पुलिस को बताया पर कोई एक्शन नहीं हुआ. कृपया जल्द कार्रवाई करें।",Misc / Other
GRVM9100007,"Sir/Madam, सरकारी हेल्पलाइन नंबर Model Town का काम नहीं कर रहा. Sadar naman.",Misc / Other
GRVM9100008,"Namaste sir, Online par Anita Sharma ke saath fraud hua hai, paise kata liye OTP se, complaint darj karni hai. Thank you.",Misc / Other
GRVM9100009,"महोदय, सरकारी हेल्पलाइन नंबर Jaipur का काम नहीं कर रहा.",Misc / Other
GRVM9100010,"Sir/Madam, पड़ोसी Kachehri Road में रोज झगड़ा करते हैं, पुलिस को बताया पर कोई एक्शन नहीं हुआ. Thank you.",Misc / Other
GRVM9100011,"महोदय, Aawara saanadon ka aatank Ward 12 mein badh gaya hai, fasal barbaad ho rahi hai. Bahut pareshaan hain hum log.",Misc / Other
GRVM9100012,"Namaste sir, Bina permission ke illegal construction Ward 12 mein ho raha hai, humari building ko khatra hai. Kripya jald samadhan karein.",Misc / Other
GRVM9100013,"Mobile network Kachehri Road mein 15 din se se bahut kharab hai, call drop hoti rehti hai. Sadar naman.",Misc / Other
GRVM9100014,"Sir/Madam, एक निजी कंपनी ने सामान बेचा लेकिन वापस नहीं ले रहे, रिफंड नहीं मिल रहा. Please take urgent action.",Misc / Other
GRVM9100015,"Respected Sir, Sadak par illegal parking 3 days se se ho rahi hai Civil Lines mein, traffic jam lagta hai roz.",Misc / Other
GRVM9100016,सामान्य शिकायत: Kachehri Road में प्रशासन ध्यान नहीं दे रहा है. Otherwise we will protest.,Misc / Other
GRVM9100017,"Respected Sir, त्योहार के पटाखों से Model Town में बहुत प्रदूषण और शोर हो रहा है. कृपया जल्द कार्रवाई करें।",Misc / Other
GRVM9100018,"Namaste sir, Weather app aur mausam vibhag ki galat jaankari se Suman Devi ko nuksan hua khet mein. Thank you.",Misc / Other
GRVM9100019,"Respected Sir, Sadak par illegal parking two weeks se se ho rahi hai Gwalior mein, traffic jam lagta hai roz. कृपया जल्द कार्रवाई करें।",Misc / Other
GRVM9100020,"महोदय, Factory se aane wala dhuan aur awaaz Model Town mein pollution kar raha hai, saans lene mein takleef. Please take urgent action.",Misc / Other
GRVM9100021,"Respected Sir, Loudspeaker par tez awaaz mein bhajan/azaan a month se raat 12 baje tak chal raha Jaipur mein, neend nahi aati. Kripya jald samadhan karein.",Misc / Other
GRVM9100022,"Online par Deepak Chouhan ke saath fraud hua hai, paise kata liye OTP se, complaint darj karni hai. Thank you.",Misc / Other
GRVM9100023,"Sir/Madam, अवैध खनन हो रहा है Ranchi के पास नदी किनारे. Thank you.",Misc / Other
GRVM9100024,"Sir/Madam, मोबाइल नेटवर्क Patna में बहुत खराब है, कॉल बार बार कट जाती है. Please take urgent action.",Misc / Other
GRVM9100025,"Namaste sir, Illegal mining ho rahi hai Napier Town ke paas nadi kinare, gaon walon ko khatra hai. Please take urgent action.",Misc / Other
GRVM9100026,सामान्य शिकायत: Gandhi Nagar में प्रशासन ध्यान नहीं दे रहा है.,Misc / Other
GRVM9100027,"Sir/Madam, Mobile network Civil Lines mein 10 din se se bahut kharab hai, call drop hoti rehti hai. Sadar naman.",Misc / Other
GRVM9100028,"Sir/Madam, Ek private company ne Suman Devi se saman becha but wapas nahi le rahe, refund nahi mil raha. Sadar naman.",Misc / Other
GRVM9100029,"महोदय, मौसम विभाग की गलत जानकारी से Deepak Chouhan को नुकसान हुआ खेत में.",Misc / Other
GRVM9100030,"Sir/Madam, Sadak par illegal parking one week se se ho rahi hai Kotwali mein, traffic jam lagta hai roz.",Misc / Other
GRVM9100031,"महोदय, मुझे नहीं पता किस विभाग से संपर्क करूं, Kachehri Road में एक समस्या है. Kripya jald samadhan karein.",Misc / Other
GRVM9100032,"महोदय, Mausam kharab hone se Ramesh Kumar ke ghar ki chhat gir gayi, muawza chahiye. Sadar naman.",Misc / Other
GRVM9100033,"Respected Sir, Aawara kutton ka jhund Kotwali mein bahut hai, one week se ek bachcha kaat liya.",Misc / Other
GRVM9100034,"Namaste sir, सड़क पर अवैध पार्किंग Sector 7 में हो रही है, रोज ट्रैफिक जाम लगता है. कृपया जल्द कार्रवाई करें।",Misc / Other
GRVM9100035,"Aawara saanadon ka aatank Shastri Nagar mein badh gaya hai, fasal barbaad ho rahi hai. Please take urgent action.",Misc / Other
GRVM9100036,"Sir/Madam, फुटपाथ पर ठेले वालों ने कब्जा कर लिया है Jaipur में, पैदल चलना मुश्किल. Thank you.",Misc / Other
GRVM9100037,"Cable/DTH operator ne bina notice bill badha diya Ashok Vihar mein, 3 days se se complaint kar rahe hain. Bahut pareshaan hain hum log.",Misc / Other
GRVM9100038,"Respected Sir, ऑनलाइन ठगी हुई है Rajesh Verma के साथ, OTP से पैसे काट लिए गए. Kripya jald samadhan karein.",Misc / Other
GRVM9100039,"Sir/Madam, Government helpline number Sadar Bazaar ka kaam nahi kar raha, koi uthata nahi call.",Misc / Other
GRVM9100040,"Society ke maintenance paise ka hisaab nahi mil raha Adhartal mein, committee jawab nahi de rahi. Otherwise we will protest.",Misc / Other
GRVM9100041,"Namaste sir, Sadak par illegal parking 10 din se se ho rahi hai Jaipur mein, traffic jam lagta hai roz. Kripya jald samadhan karein.",Misc / Other
GRVM9100042,"Sir/Madam, Purane ped ko bina wajah kaat diya gaya Model Town mein, paryavaran ko nuksan ho raha hai. Kripya jald samadhan karein.",Misc / Other
GRVM9100043,"Namaste sir, ऑनलाइन ठगी हुई है Rajesh Verma के साथ, OTP से पैसे काट लिए गए. Thank you.",Misc / Other
GRVM9100044,"Sir/Madam, अवैध खनन हो रहा है Kotwali के पास नदी किनारे. Please take urgent action.",Misc / Other
GRVM9100045,"Namaste sir, Diwali/festival ke patakhon se Kotwali mein bahut pollution aur shor ho raha hai raaton ko. Kripya jald samadhan karein.",Misc / Other
GRVM9100046,Diwali/festival ke patakhon se Gwalior mein bahut pollution aur shor ho raha hai raaton ko. कृपया जल्द कार्रवाई करें।,Misc / Other
GRVM9100047,"फैक्ट्री से आने वाला धुआं Indore में प्रदूषण कर रहा है, सांस लेने में तकलीफ. Kripya jald samadhan karein.",Misc / Other
GRVM9100048,"Namaste sir, मौसम खराब होने से Ramesh Kumar के घर की छत गिर गई, मुआवज़ा चाहिए. Thank you.",Misc / Other
GRVM9100049,सरकारी हेल्पलाइन नंबर Adhartal का काम नहीं कर रहा. Kripya jald samadhan karein.,Misc / Other
GRVM9100050,"महोदय, Mobile network Gwalior mein 5 din se se bahut kharab hai, call drop hoti rehti hai. Bahut pareshaan hain hum log.",Misc / Other
GRVM9100051,"Sir/Madam, Mausam kharab hone se Mohd. Salim ke ghar ki chhat gir gayi, muawza chahiye. Sadar naman.",Misc / Other
GRVM9100052,"Namaste sir, Aawara saanadon ka aatank Napier Town mein badh gaya hai, fasal barbaad ho rahi hai. Otherwise we will protest.",Misc / Other
GRVM9100053,"Namaste sir, मोबाइल नेटवर्क Sector 7 में बहुत खराब है, कॉल बार बार कट जाती है. Please take urgent action.",Misc / Other
GRVM9100054,"Sir/Madam, Online par Anita Sharma ke saath fraud hua hai, paise kata liye OTP se, complaint darj karni hai. Please take urgent action.",Misc / Other
GRVM9100055,"ऑनलाइन ठगी हुई है Suman Devi के साथ, OTP से पैसे काट लिए गए. Sadar naman.",Misc / Other
GRVM9100056,"Respected Sir, Ek private company ne Suman Devi se saman becha but wapas nahi le rahe, refund nahi mil raha. Thank you.",Misc / Other
GRVM9100057,"Namaste sir, ऑनलाइन ठगी हुई है Deepak Chouhan के साथ, OTP से पैसे काट लिए गए. Sadar naman.",Misc / Other
GRVM9100058,"Namaste sir, Loudspeaker par tez awaaz mein bhajan/azaan 1 mahine se raat 12 baje tak chal raha Nagpur mein, neend nahi aati. Otherwise we will protest.",Misc / Other
GRVM9100059,"महोदय, Government helpline number Ward 12 ka kaam nahi kar raha, koi uthata nahi call. Sadar naman.",Misc / Other
GRVM9100060,"Government helpline number Gwalior ka kaam nahi kar raha, koi uthata nahi call. कृपया जल्द कार्रवाई करें।",Misc / Other
GRVM9100061,"Respected Sir, एलपीजी सिलेंडर की डिलीवरी Civil Lines में देर से हो रही है, डीलर ज्यादा पैसे भी लेता है.",Misc / Other
GRVM9100062,"Namaste sir, सरकारी हेल्पलाइन नंबर Gandhi Nagar का काम नहीं कर रहा. Bahut pareshaan hain hum log.",Misc / Other
GRVM9100063,"महोदय, Loudspeaker par tez awaaz mein bhajan/azaan 15 din se raat 12 baje tak chal raha Napier Town mein, neend nahi aati. Kripya jald samadhan karein.",Misc / Other
GRVM9100064,"Respected Sir, आवारा कुत्तों का झुंड Gandhi Nagar में बहुत है, 3 days se एक बच्चे को काट लिया. Thank you.",Misc / Other
GRVM9100065,"महोदय, Illegal mining ho rahi hai Gandhi Nagar ke paas nadi kinare, gaon walon ko khatra hai. कृपया जल्द कार्रवाई करें।",Misc / Other
GRVM9100066,"Sir/Madam, Factory se aane wala dhuan aur awaaz Napier Town mein pollution kar raha hai, saans lene mein takleef. Thank you.",Misc / Other
GRVM9100067,"Factory se aane wala dhuan aur awaaz Sadar Bazaar mein pollution kar raha hai, saans lene mein takleef. Sadar naman.",Misc / Other
GRVM9100068,"Namaste sir, Mujhe pata nahi kis department se sampark karu, Gwalior mein ek samasya hai jo kisi list mein fit nahi hoti. Thank you.",Misc / Other
GRVM9100069,"Namaste sir, त्योहार के पटाखों से Shastri Nagar में बहुत प्रदूषण और शोर हो रहा है.",Misc / Other
GRVM9100070,"Namaste sir, Loudspeaker par tez awaaz mein bhajan/azaan 15 din se raat 12 baje tak chal raha Napier Town mein, neend nahi aati. Please take urgent action.",Misc / Other
GRVM9100071,"Sir/Madam, सड़क पर अवैध पार्किंग Ward 12 में हो रही है, रोज ट्रैफिक जाम लगता है. Sadar naman.",Misc / Other
GRVM9100072,"महोदय, मौसम खराब होने से Ramesh Kumar के घर की छत गिर गई, मुआवज़ा चाहिए. Sadar naman.",Misc / Other
GRVM9100073,"Respected Sir, Padosi Malviya Nagar mein roz jhagda karte hain, police ko bataya par koi action nahi. कृपया जल्द कार्रवाई करें।",Misc / Other
GRVM9100074,"Respected Sir, एक निजी कंपनी ने सामान बेचा लेकिन वापस नहीं ले रहे, रिफंड नहीं मिल रहा. Thank you.",Misc / Other
GRVM9100075,"Respected Sir, Online par Anita Sharma ke saath fraud hua hai, paise kata liye OTP se, complaint darj karni hai. Kripya jald samadhan karein.",Misc / Other
GRVM9100076,"Purane ped ko bina wajah kaat diya gaya Ashok Vihar mein, paryavaran ko nuksan ho raha hai. कृपया जल्द कार्रवाई करें।",Misc / Other
GRVM9100077,"Sir/Madam, Loudspeaker par tez awaaz mein bhajan/azaan one week se raat 12 baje tak chal raha Indore mein, neend nahi aati. Otherwise we will protest.",Misc / Other
GRVM9100078,"Respected Sir, पड़ोसी Sadar Bazaar में रोज झगड़ा करते हैं, पुलिस को बताया पर कोई एक्शन नहीं हुआ. Otherwise we will protest.",Misc / Other
GRVM9100079,"मौसम खराब होने से Ramesh Kumar के घर की छत गिर गई, मुआवज़ा चाहिए. कृपया जल्द कार्रवाई करें।",Misc / Other
GRVM9100080,"महोदय, एक निजी कंपनी ने सामान बेचा लेकिन वापस नहीं ले रहे, रिफंड नहीं मिल रहा. Thank you.",Misc / Other
GRVM9100081,"Sir/Madam, Aawara kutton ka jhund Napier Town mein bahut hai, a month se ek bachcha kaat liya. Thank you.",Misc / Other
GRVM9100082,"महोदय, Purane ped ko bina wajah kaat diya gaya Ranchi mein, paryavaran ko nuksan ho raha hai. Otherwise we will protest.",Misc / Other
GRVM9100083,"Cable/DTH operator ne bina notice bill badha diya Napier Town mein, 3 days se se complaint kar rahe hain. Please take urgent action.",Misc / Other
GRVM9100084,"Sir/Madam, Cable/DTH operator ne bina notice bill badha diya Ranchi mein, 5 din se se complaint kar rahe hain. Bahut pareshaan hain hum log.",Misc / Other
GRVM9100085,"Namaste sir, Aawara kutton ka jhund Gandhi Nagar mein bahut hai, 3 days se ek bachcha kaat liya.",Misc / Other
GRVM9100086,"Respected Sir, अवैध खनन हो रहा है Gwalior के पास नदी किनारे. Sadar naman.",Misc / Other
GRVM9100087,"Namaste sir, Weather app aur mausam vibhag ki galat jaankari se Suman Devi ko nuksan hua khet mein.",Misc / Other
GRVM9100088,"Sir/Madam, Mobile network Malviya Nagar mein 5 din se se bahut kharab hai, call drop hoti rehti hai.",Misc / Other
GRVM9100089,"Namaste sir, शराब की अवैध दुकान Sector 7 में खुल गई है, मोहल्ले का माहौल खराब हो रहा है. Otherwise we will protest.",Misc / Other
GRVM9100090,"Sir/Madam, Society ke maintenance paise ka hisaab nahi mil raha Kotwali mein, committee jawab nahi de rahi. Thank you.",Misc / Other
GRVM9100091,"Respected Sir, Weather app aur mausam vibhag ki galat jaankari se Pooja Singh ko nuksan hua khet mein.",Misc / Other
GRVM9100092,"Namaste sir, आवारा कुत्तों का झुंड Napier Town में बहुत है, 5 din se एक बच्चे को काट लिया. Bahut pareshaan hain hum log.",Misc / Other
GRVM9100093,"Namaste sir, Jaanwaron ke saath badsuluki ho rahi hai Ranchi ke area mein, koi dekhbhal nahi kar raha.",Misc / Other
GRVM9100094,"Namaste sir, ऑनलाइन ठगी हुई है Deepak Chouhan के साथ, OTP से पैसे काट लिए गए. Please take urgent action.",Misc / Other
GRVM9100095,"Respected Sir, Weather app aur mausam vibhag ki galat jaankari se Deepak Chouhan ko nuksan hua khet mein. Otherwise we will protest.",Misc / Other
GRVM9100096,"महोदय, Weather app aur mausam vibhag ki galat jaankari se Suman Devi ko nuksan hua khet mein. Otherwise we will protest.",Misc / Other
GRVM9100097,"Namaste sir, Mobile network Model Town mein two weeks se se bahut kharab hai, call drop hoti rehti hai. कृपया जल्द कार्रवाई करें।",Misc / Other
GRVM9100098,"Sir/Madam, Aawara saanadon ka aatank Indore mein badh gaya hai, fasal barbaad ho rahi hai. Otherwise we will protest.",Misc / Other
GRVM9100099,"Namaste sir, Jaanwaron ke saath badsuluki ho rahi hai Nagpur ke area mein, koi dekhbhal nahi kar raha.",Misc / Other
GRVM9100100,"Factory se aane wala dhuan aur awaaz Ward 12 mein pollution kar raha hai, saans lene mein takleef. कृपया जल्द कार्रवाई करें।",Misc / Other
GRVM9100101,"महोदय, सड़क पर अवैध पार्किंग Malviya Nagar में हो रही है, रोज ट्रैफिक जाम लगता है. Please take urgent action.",Misc / Other
GRVM9100102,"Respected Sir, Mujhe pata nahi kis department se sampark karu, Ashok Vihar mein ek samasya hai jo kisi list mein fit nahi hoti.",Misc / Other
GRVM9100103,"LPG gas cylinder delivery Civil Lines mein 15 din se se late ho rahi hai, dealer overcharge bhi karta hai. Please take urgent action.",Misc / Other
GRVM9100104,"महोदय, Bina permission ke illegal construction Kotwali mein ho raha hai, humari building ko khatra hai. Kripya jald samadhan karein.",Misc / Other
GRVM9100105,"मुझे नहीं पता किस विभाग से संपर्क करूं, Patna में एक समस्या है.",Misc / Other
GRVM9100106,"Sir/Madam, एलपीजी सिलेंडर की डिलीवरी Model Town में देर से हो रही है, डीलर ज्यादा पैसे भी लेता है. Thank you.",Misc / Other
GRVM9100107,"Sir/Madam, Online par Vikas Yadav ke saath fraud hua hai, paise kata liye OTP se, complaint darj karni hai. Thank you.",Misc / Other
GRVM9100108,"Sir/Madam, त्योहार के पटाखों से Kotwali में बहुत प्रदूषण और शोर हो रहा है. Kripya jald samadhan karein.",Misc / Other
GRVM9100109,"Sir/Madam, LPG gas cylinder delivery Malviya Nagar mein 15 din se se late ho rahi hai, dealer overcharge bhi karta hai.",Misc / Other
GRVM9100110,"Respected Sir, अवैध खनन हो रहा है Ward 12 के पास नदी किनारे. Please take urgent action.",Misc / Other
GRVM9100111,"Sir/Madam, सोसाइटी के रखरखाव पैसों का हिसाब नहीं मिल रहा Civil Lines में. Please take urgent action.",Misc / Other
GRVM9100112,"Mobile network Malviya Nagar mein two weeks se se bahut kharab hai, call drop hoti rehti hai. कृपया जल्द कार्रवाई करें।",Misc / Other
GRVM9100113,"Footpath par thele walon ne encroachment kar liya hai Sadar Bazaar mein, paidal chalna mushkil. Sadar naman.",Misc / Other
GRVM9100114,"Respected Sir, Diwali/festival ke patakhon se Jaipur mein bahut pollution aur shor ho raha hai raaton ko. Bahut pareshaan hain hum log.",Misc / Other
GRVM9100115,"Respected Sir, Sharab ki illegal dukan Gwalior mein khul gayi hai, mohalle ka mahaul kharab ho raha hai. Otherwise we will protest.",Misc / Other
GRVM9100116,"Sir/Madam, Government helpline number Kachehri Road ka kaam nahi kar raha, koi uthata nahi call. Bahut pareshaan hain hum log.",Misc / Other
GRVM9100117,"Respected Sir, ऑनलाइन ठगी हुई है Pooja Singh के साथ, OTP से पैसे काट लिए गए. कृपया जल्द कार्रवाई करें।",Misc / Other
GRVM9100118,"Sir/Madam, Bina permission ke illegal construction Ashok Vihar mein ho raha hai, humari building ko khatra hai. Thank you.",Misc / Other
GRVM9100119,"Sir/Madam, Online par Pooja Singh ke saath fraud hua hai, paise kata liye OTP se, complaint darj karni hai. कृपया जल्द कार्रवाई करें।",Misc / Other
GRVM9100120,Diwali/festival ke patakhon se Napier Town mein bahut pollution aur shor ho raha hai raaton ko. कृपया जल्द कार्रवाई करें।,Misc / Other
GRVM9100121,"Sir/Madam, Mujhe pata nahi kis department se sampark karu, Napier Town mein ek samasya hai jo kisi list mein fit nahi hoti. Kripya jald samadhan karein.",Misc / Other
GRVM9100122,"Respected Sir, Jaanwaron ke saath badsuluki ho rahi hai Model Town ke area mein, koi dekhbhal nahi kar raha.",Misc / Other
GRVM9100123,"Mobile network Indore mein 5 din se se bahut kharab hai, call drop hoti rehti hai. Kripya jald samadhan karein.",Misc / Other
GRVM9100124,"Sir/Madam, लाउडस्पीकर पर तेज़ आवाज़ में भजन देर रात तक बज रहा है Civil Lines में, नींद नहीं आती. Otherwise we will protest.",Misc / Other
GRVM9100125,"Respected Sir, मौसम विभाग की गलत जानकारी से Mohd. Salim को नुकसान हुआ खेत में.",Misc / Other
GRVM9100126,"Namaste sir, एक निजी कंपनी ने सामान बेचा लेकिन वापस नहीं ले रहे, रिफंड नहीं मिल रहा. Thank you.",Misc / Other
GRVM9100127,"Sir/Madam, अवैध खनन हो रहा है Ward 12 के पास नदी किनारे. Bahut pareshaan hain hum log.",Misc / Other
GRVM9100128,"Respected Sir, Weather app aur mausam vibhag ki galat jaankari se Mohd. Salim ko nuksan hua khet mein. कृपया जल्द कार्रवाई करें।",Misc / Other
GRVM9100129,"Respected Sir, Sadak par illegal parking 1 mahine se se ho rahi hai Malviya Nagar mein, traffic jam lagta hai roz. Please take urgent action.",Misc / Other
GRVM9100130,"महोदय, General complaint: Patna mein prashasan dhyan nahi de raha, samasya batana chahte hain. Please take urgent action.",Misc / Other
GRVM9100131,"Sir/Madam, Jaanwaron ke saath badsuluki ho rahi hai Kotwali ke area mein, koi dekhbhal nahi kar raha. Bahut pareshaan hain hum log.",Misc / Other
GRVM9100132,"Government helpline number Ward 12 ka kaam nahi kar raha, koi uthata nahi call. कृपया जल्द कार्रवाई करें।",Misc / Other
GRVM9100133,"Respected Sir, सोसाइटी के रखरखाव पैसों का हिसाब नहीं मिल रहा Model Town में. Please take urgent action.",Misc / Other
GRVM9100134,"Namaste sir, Diwali/festival ke patakhon se Adhartal mein bahut pollution aur shor ho raha hai raaton ko. कृपया जल्द कार्रवाई करें।",Misc / Other
GRVM9100135,"Namaste sir, आवारा सांडों का आतंक Wright Town में बढ़ गया है, फसल बर्बाद हो रही है. Sadar naman.",Misc / Other
GRVM9100136,"महोदय, सड़क पर अवैध पार्किंग Civil Lines में हो रही है, रोज ट्रैफिक जाम लगता है. Please take urgent action.",Misc / Other
GRVM9100137,"Society ke maintenance paise ka hisaab nahi mil raha Ashok Vihar mein, committee jawab nahi de rahi. Kripya jald samadhan karein.",Misc / Other
GRVM9100138,"Sir/Madam, Mobile network Kotwali mein one week se se bahut kharab hai, call drop hoti rehti hai.",Misc / Other
GRVM9100139,"Namaste sir, LPG gas cylinder delivery Gwalior mein 3 days se se late ho rahi hai, dealer overcharge bhi karta hai. Otherwise we will protest.",Misc / Other
GRVM9100140,"महोदय, Diwali/festival ke patakhon se Kotwali mein bahut pollution aur shor ho raha hai raaton ko. Sadar naman.",Misc / Other
GRVM9100141,"Namaste sir, जानवरों के साथ बदसलूकी हो रही है Ward 12 के इलाके में, कोई देखभाल नहीं कर रहा. कृपया जल्द कार्रवाई करें।",Misc / Other
GRVM9100142,"Namaste sir, Government helpline number Patna ka kaam nahi kar raha, koi uthata nahi call. Thank you.",Misc / Other
GRVM9100143,"महोदय, Society ke maintenance paise ka hisaab nahi mil raha Napier Town mein, committee jawab nahi de rahi. Please take urgent action.",Misc / Other
GRVM9100144,Diwali/festival ke patakhon se Model Town mein bahut pollution aur shor ho raha hai raaton ko. Bahut pareshaan hain hum log.,Misc / Other
GRVM9100145,"महोदय, मौसम विभाग की गलत जानकारी से Vikas Yadav को नुकसान हुआ खेत में. Thank you.",Misc / Other
GRVM9100146,"Namaste sir, Sadak par illegal parking 15 din se se ho rahi hai Ranchi mein, traffic jam lagta hai roz.",Misc / Other
GRVM9100147,"Sir/Madam, LPG gas cylinder delivery Nagpur mein 3 days se se late ho rahi hai, dealer overcharge bhi karta hai. Kripya jald samadhan karein.",Misc / Other
GRVM9100148,"Respected Sir, Mobile network Ward 12 mein 1 mahine se se bahut kharab hai, call drop hoti rehti hai. कृपया जल्द कार्रवाई करें।",Misc / Other
GRVM9100149,"Online par Rajesh Verma ke saath fraud hua hai, paise kata liye OTP se, complaint darj karni hai. Sadar naman.",Misc / Other
GRVM9100150,"Sir/Madam, Diwali/festival ke patakhon se Adhartal mein bahut pollution aur shor ho raha hai raaton ko. Bahut pareshaan hain hum log.",Misc / Other
GRVM9100151,"Respected Sir, सोसाइटी के रखरखाव पैसों का हिसाब नहीं मिल रहा Jaipur में. Please take urgent action.",Misc / Other
GRVM9100152,"Sir/Madam, सड़क पर अवैध पार्किंग Wright Town में हो रही है, रोज ट्रैफिक जाम लगता है. Please take urgent action.",Misc / Other
GRVM9100153,"Namaste sir, Mobile network Indore mein 5 din se se bahut kharab hai, call drop hoti rehti hai. Sadar naman.",Misc / Other
GRVM9100154,"Respected Sir, Cable/DTH operator ne bina notice bill badha diya Indore mein, 5 din se se complaint kar rahe hain. Sadar naman.",Misc / Other
GRVM9100155,"Respected Sir, ऑनलाइन ठगी हुई है Pooja Singh के साथ, OTP से पैसे काट लिए गए. Thank you.",Misc / Other
GRVM9100156,"Respected Sir, एक निजी कंपनी ने सामान बेचा लेकिन वापस नहीं ले रहे, रिफंड नहीं मिल रहा. Otherwise we will protest.",Misc / Other
GRVM9100157,"Bina permission ke illegal construction Sadar Bazaar mein ho raha hai, humari building ko khatra hai. कृपया जल्द कार्रवाई करें।",Misc / Other
GRVM9100158,"Sir/Madam, Aawara saanadon ka aatank Napier Town mein badh gaya hai, fasal barbaad ho rahi hai. Thank you.",Misc / Other
GRVM9100159,केबल ऑपरेटर ने बिना सूचना बिल बढ़ा दिया Napier Town में. कृपया जल्द कार्रवाई करें।,Misc / Other
GRVM9100160,"महोदय, Online par Rajesh Verma ke saath fraud hua hai, paise kata liye OTP se, complaint darj karni hai. Please take urgent action.",Misc / Other
GRVM9100161,"महोदय, Government helpline number Indore ka kaam nahi kar raha, koi uthata nahi call. Bahut pareshaan hain hum log.",Misc / Other
GRVM9100162,"आवारा कुत्तों का झुंड Wright Town में बहुत है, a month se एक बच्चे को काट लिया. Please take urgent action.",Misc / Other
GRVM9100163,"Respected Sir, मौसम विभाग की गलत जानकारी से Suman Devi को नुकसान हुआ खेत में. Thank you.",Misc / Other
GRVM9100164,"Sir/Madam, सोसाइटी के रखरखाव पैसों का हिसाब नहीं मिल रहा Shastri Nagar में. कृपया जल्द कार्रवाई करें।",Misc / Other
GRVM9100165,"Respected Sir, Jaanwaron ke saath badsuluki ho rahi hai Civil Lines ke area mein, koi dekhbhal nahi kar raha. Please take urgent action.",Misc / Other
GRVM9100166,"Namaste sir, लाउडस्पीकर पर तेज़ आवाज़ में भजन देर रात तक बज रहा है Indore में, नींद नहीं आती. Bahut pareshaan hain hum log.",Misc / Other
GRVM9100167,"Padosi Shastri Nagar mein roz jhagda karte hain, police ko bataya par koi action nahi. Sadar naman.",Misc / Other
GRVM9100168,"Respected Sir, Factory se aane wala dhuan aur awaaz Adhartal mein pollution kar raha hai, saans lene mein takleef. Thank you.",Misc / Other
GRVM9100169,"Sir/Madam, मौसम खराब होने से Vikas Yadav के घर की छत गिर गई, मुआवज़ा चाहिए. Bahut pareshaan hain hum log.",Misc / Other
GRVM9100170,"Respected Sir, मौसम खराब होने से Mohd. Salim के घर की छत गिर गई, मुआवज़ा चाहिए. Please take urgent action.",Misc / Other
GRVM9100171,"Namaste sir, Loudspeaker par tez awaaz mein bhajan/azaan 5 din se raat 12 baje tak chal raha Jaipur mein, neend nahi aati. Kripya jald samadhan karein.",Misc / Other
GRVM9100172,"Respected Sir, मुझे नहीं पता किस विभाग से संपर्क करूं, Kachehri Road में एक समस्या है. Bahut pareshaan hain hum log.",Misc / Other
GRVM9100173,"Government helpline number Civil Lines ka kaam nahi kar raha, koi uthata nahi call. Otherwise we will protest.",Misc / Other
GRVM9100174,"Namaste sir, Factory se aane wala dhuan aur awaaz Kachehri Road mein pollution kar raha hai, saans lene mein takleef. Thank you.",Misc / Other
GRVM9100175,"Sir/Madam, Mausam kharab hone se Rajesh Verma ke ghar ki chhat gir gayi, muawza chahiye. Kripya jald samadhan karein.",Misc / Other
GRVM9100176,"Sir/Madam, Online par Anita Sharma ke saath fraud hua hai, paise kata liye OTP se, complaint darj karni hai. Kripya jald samadhan karein.",Misc / Other
GRVM9100177,"Sir/Madam, Sadak par illegal parking 3 days se se ho rahi hai Ward 12 mein, traffic jam lagta hai roz. Please take urgent action.",Misc / Other
GRVM9100178,"Namaste sir, Weather app aur mausam vibhag ki galat jaankari se Pooja Singh ko nuksan hua khet mein. Kripya jald samadhan karein.",Misc / Other
GRVM9100179,"महोदय, एक निजी कंपनी ने सामान बेचा लेकिन वापस नहीं ले रहे, रिफंड नहीं मिल रहा. Kripya jald samadhan karein.",Misc / Other
GRVM9100180,"Respected Sir, सोसाइटी के रखरखाव पैसों का हिसाब नहीं मिल रहा Jaipur में.",Misc / Other
GRVM9100181,"Namaste sir, Society ke maintenance paise ka hisaab nahi mil raha Kotwali mein, committee jawab nahi de rahi. Sadar naman.",Misc / Other
GRVM9100182,"Sir/Madam, फैक्ट्री से आने वाला धुआं Malviya Nagar में प्रदूषण कर रहा है, सांस लेने में तकलीफ. Thank you.",Misc / Other
GRVM9100183,"Namaste sir, Padosi Wright Town mein roz jhagda karte hain, police ko bataya par koi action nahi. Thank you.",Misc / Other
GRVM9100184,"Sir/Madam, Sadak par illegal parking 1 mahine se se ho rahi hai Model Town mein, traffic jam lagta hai roz.",Misc / Other
GRVM9100185,Weather app aur mausam vibhag ki galat jaankari se Deepak Chouhan ko nuksan hua khet mein. Bahut pareshaan hain hum log.,Misc / Other
GRVM9100186,"Respected Sir, Loudspeaker par tez awaaz mein bhajan/azaan 5 din se raat 12 baje tak chal raha Wright Town mein, neend nahi aati. Please take urgent action.",Misc / Other
GRVM9100187,"Namaste sir, Sharab ki illegal dukan Malviya Nagar mein khul gayi hai, mohalle ka mahaul kharab ho raha hai. Please take urgent action.",Misc / Other
GRVM9100188,"Namaste sir, पड़ोसी Nagpur में रोज झगड़ा करते हैं, पुलिस को बताया पर कोई एक्शन नहीं हुआ. Please take urgent action.",Misc / Other
GRVM9100189,"Mausam kharab hone se Vikas Yadav ke ghar ki chhat gir gayi, muawza chahiye. Please take urgent action.",Misc / Other
GRVM9100190,"महोदय, Padosi Nagpur mein roz jhagda karte hain, police ko bataya par koi action nahi. Please take urgent action.",Misc / Other
GRVM9100191,"Namaste sir, General complaint: Shastri Nagar mein prashasan dhyan nahi de raha, samasya batana chahte hain. Kripya jald samadhan karein.",Misc / Other
GRVM9100192,"मोबाइल नेटवर्क Kotwali में बहुत खराब है, कॉल बार बार कट जाती है. Kripya jald samadhan karein.",Misc / Other
GRVM9100193,त्योहार के पटाखों से Gandhi Nagar में बहुत प्रदूषण और शोर हो रहा है. Bahut pareshaan hain hum log.,Misc / Other
GRVM9100194,"Respected Sir, त्योहार के पटाखों से Sadar Bazaar में बहुत प्रदूषण और शोर हो रहा है. Otherwise we will protest.",Misc / Other
GRVM9100195,"Respected Sir, Online par Rajesh Verma ke saath fraud hua hai, paise kata liye OTP se, complaint darj karni hai.",Misc / Other
GRVM9100196,"आवारा सांडों का आतंक Model Town में बढ़ गया है, फसल बर्बाद हो रही है. Sadar naman.",Misc / Other
GRVM9100197,"Namaste sir, Purane ped ko bina wajah kaat diya gaya Wright Town mein, paryavaran ko nuksan ho raha hai.",Misc / Other
GRVM9100198,"Namaste sir, सामान्य शिकायत: Wright Town में प्रशासन ध्यान नहीं दे रहा है. Please take urgent action.",Misc / Other
GRVM9100199,"Respected Sir, General complaint: Wright Town mein prashasan dhyan nahi de raha, samasya batana chahte hain. Kripya jald samadhan karein.",Misc / Other
GRVM9100200,"Namaste sir, Ek private company ne Vikas Yadav se saman becha but wapas nahi le rahe, refund nahi mil raha. कृपया जल्द कार्रवाई करें।",Misc / Other
GRVM9100201,Diwali/festival ke patakhon se Jaipur mein bahut pollution aur shor ho raha hai raaton ko. Sadar naman.,Misc / Other
GRVM9100202,"Sir/Madam, एलपीजी सिलेंडर की डिलीवरी Ashok Vihar में देर से हो रही है, डीलर ज्यादा पैसे भी लेता है. Kripya jald samadhan karein.",Misc / Other
GRVM9100203,"Namaste sir, एक निजी कंपनी ने सामान बेचा लेकिन वापस नहीं ले रहे, रिफंड नहीं मिल रहा. Sadar naman.",Misc / Other
GRVM9100204,Diwali/festival ke patakhon se Indore mein bahut pollution aur shor ho raha hai raaton ko. Bahut pareshaan hain hum log.,Misc / Other
GRVM9100205,"Respected Sir, Aawara kutton ka jhund Gwalior mein bahut hai, 10 din se ek bachcha kaat liya. Thank you.",Misc / Other
GRVM9100206,"Sir/Madam, Mobile network Indore mein 3 days se se bahut kharab hai, call drop hoti rehti hai. कृपया जल्द कार्रवाई करें।",Misc / Other
GRVM9100207,"महोदय, सरकारी हेल्पलाइन नंबर Ashok Vihar का काम नहीं कर रहा. Kripya jald samadhan karein.",Misc / Other
GRVM9100208,"Sir/Madam, Footpath par thele walon ne encroachment kar liya hai Ashok Vihar mein, paidal chalna mushkil. Sadar naman.",Misc / Other
GRVM9100209,"Respected Sir, Ek private company ne Rajesh Verma se saman becha but wapas nahi le rahe, refund nahi mil raha. Thank you.",Misc / Other
GRVM9100210,"मुझे नहीं पता किस विभाग से संपर्क करूं, Gandhi Nagar में एक समस्या है.",Misc / Other
GRVM9100211,"महोदय, Purane ped ko bina wajah kaat diya gaya Ward 12 mein, paryavaran ko nuksan ho raha hai. Kripya jald samadhan karein.",Misc / Other
GRVM9100212,"ऑनलाइन ठगी हुई है Suman Devi के साथ, OTP से पैसे काट लिए गए. Please take urgent action.",Misc / Other
GRVM9100213,"एलपीजी सिलेंडर की डिलीवरी Gwalior में देर से हो रही है, डीलर ज्यादा पैसे भी लेता है. Kripya jald samadhan karein.",Misc / Other
GRVM9100214,"Sir/Madam, मौसम खराब होने से Anita Sharma के घर की छत गिर गई, मुआवज़ा चाहिए. Sadar naman.",Misc / Other
GRVM9100215,"Sir/Madam, Aawara saanadon ka aatank Ranchi mein badh gaya hai, fasal barbaad ho rahi hai. Bahut pareshaan hain hum log.",Misc / Other
GRVM9100216,"महोदय, मोबाइल नेटवर्क Adhartal में बहुत खराब है, कॉल बार बार कट जाती है. कृपया जल्द कार्रवाई करें।",Misc / Other
GRVM9100217,"Respected Sir, LPG gas cylinder delivery Gandhi Nagar mein a month se se late ho rahi hai, dealer overcharge bhi karta hai. कृपया जल्द कार्रवाई करें।",Misc / Other
GRVM9100218,"Sir/Madam, लाउडस्पीकर पर तेज़ आवाज़ में भजन देर रात तक बज रहा है Sector 7 में, नींद नहीं आती. Otherwise we will protest.",Misc / Other
GRVM9100219,"मोबाइल नेटवर्क Wright Town में बहुत खराब है, कॉल बार बार कट जाती है.",Misc / Other
GRVM9100220,"महोदय, लाउडस्पीकर पर तेज़ आवाज़ में भजन देर रात तक बज रहा है Gandhi Nagar में, नींद नहीं आती. Otherwise we will protest.",Misc / Other
GRVM9100221,"महोदय, मौसम खराब होने से Vikas Yadav के घर की छत गिर गई, मुआवज़ा चाहिए. Please take urgent action.",Misc / Other
GRVM9100222,"Respected Sir, General complaint: Jaipur mein prashasan dhyan nahi de raha, samasya batana chahte hain. कृपया जल्द कार्रवाई करें।",Misc / Other
GRVM9100223,"Namaste sir, Diwali/festival ke patakhon se Ranchi mein bahut pollution aur shor ho raha hai raaton ko. Please take urgent action.",Misc / Other
GRVM9100224,"Sir/Madam, एक निजी कंपनी ने सामान बेचा लेकिन वापस नहीं ले रहे, रिफंड नहीं मिल रहा. Bahut pareshaan hain hum log.",Misc / Other
GRVM9100225,"महोदय, मुझे नहीं पता किस विभाग से संपर्क करूं, Gwalior में एक समस्या है. Kripya jald samadhan karein.",Misc / Other
GRVM9100226,"महोदय, Loudspeaker par tez awaaz mein bhajan/azaan two weeks se raat 12 baje tak chal raha Sadar Bazaar mein, neend nahi aati. कृपया जल्द कार्रवाई करें।",Misc / Other
GRVM9100227,"Bina permission ke illegal construction Nagpur mein ho raha hai, humari building ko khatra hai.",Misc / Other
GRVM9100228,"Sir/Madam, ऑनलाइन ठगी हुई है Anita Sharma के साथ, OTP से पैसे काट लिए गए. Bahut pareshaan hain hum log.",Misc / Other
GRVM9100229,"Respected Sir, ऑनलाइन ठगी हुई है Vikas Yadav के साथ, OTP से पैसे काट लिए गए. Sadar naman.",Misc / Other
GRVM9100230,"Sharab ki illegal dukan Gandhi Nagar mein khul gayi hai, mohalle ka mahaul kharab ho raha hai. Otherwise we will protest.",Misc / Other
GRVM9100231,"Loudspeaker par tez awaaz mein bhajan/azaan 5 din se raat 12 baje tak chal raha Jaipur mein, neend nahi aati. Otherwise we will protest.",Misc / Other
GRVM9100232,"Respected Sir, शराब की अवैध दुकान Nagpur में खुल गई है, मोहल्ले का माहौल खराब हो रहा है. Sadar naman.",Misc / Other
GRVM9100233,"Namaste sir, Footpath par thele walon ne encroachment kar liya hai Ranchi mein, paidal chalna mushkil. Sadar naman.",Misc / Other
GRVM9100234,"Namaste sir, Online par Vikas Yadav ke saath fraud hua hai, paise kata liye OTP se, complaint darj karni hai. Kripya jald samadhan karein.",Misc / Other
GRVM9100235,"महोदय, आवारा कुत्तों का झुंड Ashok Vihar में बहुत है, one week se एक बच्चे को काट लिया. Please take urgent action.",Misc / Other
GRVM9100236,"Mobile network Ranchi mein 1 mahine se se bahut kharab hai, call drop hoti rehti hai. कृपया जल्द कार्रवाई करें।",Misc / Other
GRVM9100237,"Respected Sir, सोसाइटी के रखरखाव पैसों का हिसाब नहीं मिल रहा Sadar Bazaar में. Please take urgent action.",Misc / Other
GRVM9100238,"Namaste sir, केबल ऑपरेटर ने बिना सूचना बिल बढ़ा दिया Ranchi में. Thank you.",Misc / Other
GRVM9100239,"फैक्ट्री से आने वाला धुआं Gwalior में प्रदूषण कर रहा है, सांस लेने में तकलीफ. Please take urgent action.",Misc / Other
GRVM9100240,"Respected Sir, Online par Rajesh Verma ke saath fraud hua hai, paise kata liye OTP se, complaint darj karni hai. Thank you.",Misc / Other
GRVM9100241,"Respected Sir, फैक्ट्री से आने वाला धुआं Jaipur में प्रदूषण कर रहा है, सांस लेने में तकलीफ. Please take urgent action.",Misc / Other
GRVM9100242,"Government helpline number Nagpur ka kaam nahi kar raha, koi uthata nahi call. Otherwise we will protest.",Misc / Other
GRVM9100243,"Sir/Madam, LPG gas cylinder delivery Gwalior mein 1 mahine se se late ho rahi hai, dealer overcharge bhi karta hai. Thank you.",Misc / Other
GRVM9100244,"सड़क पर अवैध पार्किंग Gandhi Nagar में हो रही है, रोज ट्रैफिक जाम लगता है. Bahut pareshaan hain hum log.",Misc / Other
GRVM9100245,"Sir/Madam, Purane ped ko bina wajah kaat diya gaya Kachehri Road mein, paryavaran ko nuksan ho raha hai. Otherwise we will protest.",Misc / Other
GRVM9100246,"Padosi Gandhi Nagar mein roz jhagda karte hain, police ko bataya par koi action nahi. Please take urgent action.",Misc / Other
GRVM9100247,"Sadak par illegal parking one week se se ho rahi hai Jaipur mein, traffic jam lagta hai roz. Bahut pareshaan hain hum log.",Misc / Other
GRVM9100248,"Respected Sir, Sadak par illegal parking a month se se ho rahi hai Kachehri Road mein, traffic jam lagta hai roz. कृपया जल्द कार्रवाई करें।",Misc / Other
GRVM9100249,"Namaste sir, Factory se aane wala dhuan aur awaaz Model Town mein pollution kar raha hai, saans lene mein takleef. Thank you.",Misc / Other
GRVM9100250,"Namaste sir, Ek private company ne Suman Devi se saman becha but wapas nahi le rahe, refund nahi mil raha. Thank you.",Misc / Other
GRVM9100251,Diwali/festival ke patakhon se Kotwali mein bahut pollution aur shor ho raha hai raaton ko. Please take urgent action.,Misc / Other
GRVM9100252,"General complaint: Malviya Nagar mein prashasan dhyan nahi de raha, samasya batana chahte hain. Bahut pareshaan hain hum log.",Misc / Other
GRVM9100253,केबल ऑपरेटर ने बिना सूचना बिल बढ़ा दिया Patna में. Otherwise we will protest.,Misc / Other
GRVM9100254,"Respected Sir, त्योहार के पटाखों से Malviya Nagar में बहुत प्रदूषण और शोर हो रहा है. Otherwise we will protest.",Misc / Other
GRVM9100255,"Namaste sir, Diwali/festival ke patakhon se Gandhi Nagar mein bahut pollution aur shor ho raha hai raaton ko.",Misc / Other
GRVM9100256,"Respected Sir, Loudspeaker par tez awaaz mein bhajan/azaan one week se raat 12 baje tak chal raha Gwalior mein, neend nahi aati.",Misc / Other
GRVM9100257,"Namaste sir, बिना अनुमति के अवैध निर्माण Indore में हो रहा है, हमारी बिल्डिंग को खतरा है. Sadar naman.",Misc / Other
GRVM9100258,"महोदय, Sadak par illegal parking 3 days se se ho rahi hai Shastri Nagar mein, traffic jam lagta hai roz.",Misc / Other
GRVM9100259,"Sir/Madam, फैक्ट्री से आने वाला धुआं Napier Town में प्रदूषण कर रहा है, सांस लेने में तकलीफ. Otherwise we will protest.",Misc / Other
GRVM9100260,"Namaste sir, Padosi Civil Lines mein roz jhagda karte hain, police ko bataya par koi action nahi. Bahut pareshaan hain hum log.",Misc / Other
GRVM9100261,"Namaste sir, Bina permission ke illegal construction Gandhi Nagar mein ho raha hai, humari building ko khatra hai.",Misc / Other
GRVM9100262,"महोदय, आवारा कुत्तों का झुंड Ward 12 में बहुत है, one week se एक बच्चे को काट लिया. Bahut pareshaan hain hum log.",Misc / Other
GRVM9100263,"आवारा सांडों का आतंक Gandhi Nagar में बढ़ गया है, फसल बर्बाद हो रही है. कृपया जल्द कार्रवाई करें।",Misc / Other
GRVM9100264,"Namaste sir, Factory se aane wala dhuan aur awaaz Kotwali mein pollution kar raha hai, saans lene mein takleef. कृपया जल्द कार्रवाई करें।",Misc / Other
GRVM9100265,"पड़ोसी Kachehri Road में रोज झगड़ा करते हैं, पुलिस को बताया पर कोई एक्शन नहीं हुआ. Otherwise we will protest.",Misc / Other

